-- MySQL dump 10.17  Distrib 10.3.25-MariaDB, for debian-linux-gnu (x86_64)
--
-- Host: localhost    Database: regroupement00q7
-- ------------------------------------------------------
-- Server version	10.3.25-MariaDB-0ubuntu0.20.04.1

/*!40101 SET @OLD_CHARACTER_SET_CLIENT=@@CHARACTER_SET_CLIENT */;
/*!40101 SET @OLD_CHARACTER_SET_RESULTS=@@CHARACTER_SET_RESULTS */;
/*!40101 SET @OLD_COLLATION_CONNECTION=@@COLLATION_CONNECTION */;
/*!40101 SET NAMES utf8mb4 */;
/*!40103 SET @OLD_TIME_ZONE=@@TIME_ZONE */;
/*!40103 SET TIME_ZONE='+00:00' */;
/*!40014 SET @OLD_UNIQUE_CHECKS=@@UNIQUE_CHECKS, UNIQUE_CHECKS=0 */;
/*!40014 SET @OLD_FOREIGN_KEY_CHECKS=@@FOREIGN_KEY_CHECKS, FOREIGN_KEY_CHECKS=0 */;
/*!40101 SET @OLD_SQL_MODE=@@SQL_MODE, SQL_MODE='NO_AUTO_VALUE_ON_ZERO' */;
/*!40111 SET @OLD_SQL_NOTES=@@SQL_NOTES, SQL_NOTES=0 */;

--
-- Current Database: `regroupement00q7`
--

CREATE DATABASE /*!32312 IF NOT EXISTS*/ `regroupement00q7` /*!40100 DEFAULT CHARACTER SET utf8mb4 */;

USE `regroupement00q7`;

--
-- Table structure for table `address`
--

DROP TABLE IF EXISTS `address`;
/*!40101 SET @saved_cs_client     = @@character_set_client */;
/*!40101 SET character_set_client = utf8 */;
CREATE TABLE `address` (
  `id` bigint(20) unsigned NOT NULL AUTO_INCREMENT,
  `line1` varchar(255) NOT NULL,
  `line2` varchar(255) DEFAULT NULL,
  `line3` varchar(255) DEFAULT NULL,
  `city` varchar(255) NOT NULL,
  `zip` varchar(255) DEFAULT NULL,
  `country_id` bigint(20) unsigned NOT NULL,
  `state_id` bigint(20) unsigned DEFAULT NULL,
  `created_at` timestamp NOT NULL DEFAULT current_timestamp(),
  `updated_at` timestamp NOT NULL DEFAULT current_timestamp() ON UPDATE current_timestamp(),
  `deleted_at` timestamp NULL DEFAULT NULL,
  PRIMARY KEY (`id`),
  KEY `address_country_id_foreign` (`country_id`),
  KEY `address_state_id_foreign` (`state_id`),
  CONSTRAINT `address_country_id_foreign` FOREIGN KEY (`country_id`) REFERENCES `country` (`id`),
  CONSTRAINT `address_state_id_foreign` FOREIGN KEY (`state_id`) REFERENCES `state` (`id`)
) ENGINE=InnoDB AUTO_INCREMENT=101 DEFAULT CHARSET=utf8mb4;
/*!40101 SET character_set_client = @saved_cs_client */;

--
-- Dumping data for table `address`
--

LOCK TABLES `address` WRITE;
/*!40000 ALTER TABLE `address` DISABLE KEYS */;
INSERT INTO `address` VALUES (1,'Ap #652-3213 Enim. Avenue',NULL,NULL,'Santa Cesarea Terme','0759 ZD',1,1,'2021-03-14 17:41:08','2021-03-14 17:41:08',NULL),(2,'P.O. Box 275, 2163 At, St.',NULL,NULL,'San Piero a Sieve','651915',2,2,'2021-03-14 17:41:08','2021-03-14 17:41:08',NULL),(3,'P.O. Box 907, 6096 Lacus. St.',NULL,NULL,'Grande Cache','',3,3,'2021-03-14 17:41:08','2021-03-14 17:41:08',NULL),(4,'Ap #960-3279 Donec Street',NULL,NULL,'Katav-Ivanovsk','A2K 1QF',4,4,'2021-03-14 17:41:08','2021-03-14 17:41:08',NULL),(5,'P.O. Box 104, 8820 Congue. St.',NULL,NULL,'Enines','61049',5,5,'2021-03-14 17:41:08','2021-03-14 17:41:08',NULL),(6,'Ap #783-4709 Non, Ave',NULL,NULL,'Thorembais-Saint-Trond','72588',6,6,'2021-03-14 17:41:08','2021-03-14 17:41:08',NULL),(7,'P.O. Box 729, 1570 Egestas Rd.',NULL,NULL,'Port Lincoln','23708',7,7,'2021-03-14 17:41:08','2021-03-14 17:41:08',NULL),(8,'Ap #274-6944 Pharetra Rd.',NULL,NULL,'Orp-le-Grand','3282',8,8,'2021-03-14 17:41:08','2021-03-14 17:41:08',NULL),(9,'P.O. Box 817, 3698 Integer St.',NULL,NULL,'Catanzaro','9389',9,9,'2021-03-14 17:41:08','2021-03-14 17:41:08',NULL),(10,'P.O. Box 922, 6086 Sit Ave',NULL,NULL,'Ciudad Valles','60877',10,10,'2021-03-14 17:41:08','2021-03-14 17:41:08',NULL),(11,'P.O. Box 537, 1117 Fermentum Av.',NULL,NULL,'Baidyabati','1166',11,11,'2021-03-14 17:41:08','2021-03-14 17:41:08',NULL),(12,'450-412 Cum Rd.',NULL,NULL,'Fauvillers','4044',12,12,'2021-03-14 17:41:08','2021-03-14 17:41:08',NULL),(13,'Ap #274-323 Quam. Av.',NULL,NULL,'Mayerthorpe','4550',13,13,'2021-03-14 17:41:08','2021-03-14 17:41:08',NULL),(14,'683-7828 Libero Av.',NULL,NULL,'Roxboro','4360',14,14,'2021-03-14 17:41:08','2021-03-14 17:41:08',NULL),(15,'P.O. Box 687, 5460 Metus. Rd.',NULL,NULL,'Vilna','',15,15,'2021-03-14 17:41:08','2021-03-14 17:41:08',NULL),(16,'P.O. Box 980, 8335 Morbi St.',NULL,NULL,'Fredericton','12458',16,16,'2021-03-14 17:41:08','2021-03-14 17:41:08',NULL),(17,'484-483 Ligula Rd.',NULL,NULL,'Zoerle-Parwijs','995621',17,17,'2021-03-14 17:41:08','2021-03-14 17:41:08',NULL),(18,'P.O. Box 512, 696 Fermentum Rd.',NULL,NULL,'Alert Bay','22757',18,18,'2021-03-14 17:41:08','2021-03-14 17:41:08',NULL),(19,'Ap #627-8046 Semper Street',NULL,NULL,'Ipswich','0395',19,19,'2021-03-14 17:41:08','2021-03-14 17:41:08',NULL),(20,'660-6000 Eu Av.',NULL,NULL,'Tambov','7172',20,20,'2021-03-14 17:41:08','2021-03-14 17:41:08',NULL),(21,'Ap #176-2577 Lobortis Street',NULL,NULL,'Bad Ischl','53100',21,21,'2021-03-14 17:41:08','2021-03-14 17:41:08',NULL),(22,'1521 Viverra. Rd.',NULL,NULL,'Gibsons','28884',22,22,'2021-03-14 17:41:08','2021-03-14 17:41:08',NULL),(23,'8177 Lorem Avenue',NULL,NULL,'Chandrapur','10804-844',23,23,'2021-03-14 17:41:08','2021-03-14 17:41:08',NULL),(24,'8264 Eget Road',NULL,NULL,'Trowbridge','530261',24,24,'2021-03-14 17:41:08','2021-03-14 17:41:08',NULL),(25,'P.O. Box 987, 3823 Enim, St.',NULL,NULL,'Belcarra','121480',25,25,'2021-03-14 17:41:08','2021-03-14 17:41:08',NULL),(26,'Ap #641-8120 Dignissim. Av.',NULL,NULL,'Gilly','BD52 3XW',26,26,'2021-03-14 17:41:08','2021-03-14 17:41:08',NULL),(27,'Ap #243-9997 Donec Rd.',NULL,NULL,'Montoggio','Z6958',27,27,'2021-03-14 17:41:08','2021-03-14 17:41:08',NULL),(28,'1671 Ut Avenue',NULL,NULL,'Saltillo','NM1C 9KL',28,28,'2021-03-14 17:41:08','2021-03-14 17:41:08',NULL),(29,'269-2387 Tempus Ave',NULL,NULL,'Habra','20216',29,29,'2021-03-14 17:41:08','2021-03-14 17:41:08',NULL),(30,'P.O. Box 219, 4851 Velit Ave',NULL,NULL,'Marburg','834757',30,30,'2021-03-14 17:41:08','2021-03-14 17:41:08',NULL),(31,'Ap #476-9806 Non, St.',NULL,NULL,'Thiaumont','57575-86816',31,31,'2021-03-14 17:41:08','2021-03-14 17:41:08',NULL),(32,'Ap #858-6529 Congue Road',NULL,NULL,'Castello Tesino','76910',32,32,'2021-03-14 17:41:08','2021-03-14 17:41:08',NULL),(33,'827-1826 Nam Avenue',NULL,NULL,'Santa Rosa de Cabal','7248 FS',33,33,'2021-03-14 17:41:08','2021-03-14 17:41:08',NULL),(34,'P.O. Box 192, 1600 Ante, Ave',NULL,NULL,'Seborga','8567',34,34,'2021-03-14 17:41:08','2021-03-14 17:41:08',NULL),(35,'998-2441 Mollis. Av.',NULL,NULL,'Anklam','',35,35,'2021-03-14 17:41:08','2021-03-14 17:41:08',NULL),(36,'1317 Nulla. Avenue',NULL,NULL,'Laces/Latsch','48397',36,36,'2021-03-14 17:41:08','2021-03-14 17:41:08',NULL),(37,'Ap #116-2671 Aliquam St.',NULL,NULL,'Verkhny Ufaley','0656 XB',37,37,'2021-03-14 17:41:08','2021-03-14 17:41:08',NULL),(38,'Ap #493-1776 Vulputate Ave',NULL,NULL,'Pohang','361120',38,38,'2021-03-14 17:41:08','2021-03-14 17:41:08',NULL),(39,'Ap #331-5073 Morbi St.',NULL,NULL,'Chakwal','307022',39,39,'2021-03-14 17:41:08','2021-03-14 17:41:08',NULL),(40,'Ap #532-3647 Est, Rd.',NULL,NULL,'Berwick-upon-Tweed','94459-227',40,40,'2021-03-14 17:41:08','2021-03-14 17:41:08',NULL),(41,'Ap #125-6669 Pede Avenue',NULL,NULL,'Soledad','',41,41,'2021-03-14 17:41:08','2021-03-14 17:41:08',NULL),(42,'100-6532 Eget Street',NULL,NULL,'Otegem','20084',42,42,'2021-03-14 17:41:08','2021-03-14 17:41:08',NULL),(43,'P.O. Box 459, 9272 Curae; Avenue',NULL,NULL,'Suwałki','216993',43,43,'2021-03-14 17:41:08','2021-03-14 17:41:08',NULL),(44,'P.O. Box 122, 5599 Egestas Avenue',NULL,NULL,'Bonneville','KV81 9LP',44,44,'2021-03-14 17:41:08','2021-03-14 17:41:08',NULL),(45,'385-646 Donec Ave',NULL,NULL,'Incourt','71800',45,45,'2021-03-14 17:41:08','2021-03-14 17:41:08',NULL),(46,'Ap #285-9740 Eu St.',NULL,NULL,'Gävle','24884',46,46,'2021-03-14 17:41:08','2021-03-14 17:41:08',NULL),(47,'7006 Auctor Av.',NULL,NULL,'Sint-Martens-Lennik','35523',47,47,'2021-03-14 17:41:08','2021-03-14 17:41:08',NULL),(48,'P.O. Box 221, 193 Vestibulum Street',NULL,NULL,'Glendale','950031',48,48,'2021-03-14 17:41:08','2021-03-14 17:41:08',NULL),(49,'5545 Mollis Ave',NULL,NULL,'Fraser-Fort George','79-670',49,49,'2021-03-14 17:41:08','2021-03-14 17:41:08',NULL),(50,'9708 Pede. St.',NULL,NULL,'Bad Oldesloe','Z8942',50,50,'2021-03-14 17:41:08','2021-03-14 17:41:08',NULL),(51,'5342 Eu Av.',NULL,NULL,'Moxhe','712741',51,51,'2021-03-14 17:41:08','2021-03-14 17:41:08',NULL),(52,'P.O. Box 565, 1711 Faucibus Av.',NULL,NULL,'Port Alice','11664-78270',52,52,'2021-03-14 17:41:08','2021-03-14 17:41:08',NULL),(53,'756-1544 Eget Rd.',NULL,NULL,'Sitapur','115929',53,53,'2021-03-14 17:41:08','2021-03-14 17:41:08',NULL),(54,'P.O. Box 976, 6688 Tristique Ave',NULL,NULL,'Hines Creek','3310',54,54,'2021-03-14 17:41:08','2021-03-14 17:41:08',NULL),(55,'183-4773 Purus Av.',NULL,NULL,'Pontboset','102529',55,55,'2021-03-14 17:41:08','2021-03-14 17:41:08',NULL),(56,'854-793 Enim St.',NULL,NULL,'Fort Providence','517744',56,56,'2021-03-14 17:41:08','2021-03-14 17:41:08',NULL),(57,'Ap #690-2727 Sem St.',NULL,NULL,'Perth','9243',57,57,'2021-03-14 17:41:08','2021-03-14 17:41:08',NULL),(58,'8152 Erat Avenue',NULL,NULL,'Lauro de Freitas','11729-59035',58,58,'2021-03-14 17:41:08','2021-03-14 17:41:08',NULL),(59,'371-310 Fusce Ave',NULL,NULL,'Karimnagar','Z2977',59,59,'2021-03-14 17:41:08','2021-03-14 17:41:08',NULL),(60,'3582 Lacus. Rd.',NULL,NULL,'Vitry-sur-Seine','83509',60,60,'2021-03-14 17:41:08','2021-03-14 17:41:08',NULL),(61,'Ap #565-9499 Tristique St.',NULL,NULL,'Norman Wells','',61,61,'2021-03-14 17:41:08','2021-03-14 17:41:08',NULL),(62,'Ap #551-3841 Laoreet Road',NULL,NULL,'Salvador','1671',62,62,'2021-03-14 17:41:08','2021-03-14 17:41:08',NULL),(63,'209-1184 Netus Ave',NULL,NULL,'Paderborn','23048-481',63,63,'2021-03-14 17:41:08','2021-03-14 17:41:08',NULL),(64,'727-5844 Sed Rd.',NULL,NULL,'Ottignies-Louvain-la-Neuve','26329',64,64,'2021-03-14 17:41:08','2021-03-14 17:41:08',NULL),(65,'4141 Velit. St.',NULL,NULL,'Maser','09169',65,65,'2021-03-14 17:41:08','2021-03-14 17:41:08',NULL),(66,'3535 Magnis Rd.',NULL,NULL,'San Fabián','43227-88953',66,66,'2021-03-14 17:41:08','2021-03-14 17:41:08',NULL),(67,'7459 Iaculis Street',NULL,NULL,'Batiscan','',67,67,'2021-03-14 17:41:08','2021-03-14 17:41:08',NULL),(68,'8503 Mi St.',NULL,NULL,'Tiltil','57958',68,68,'2021-03-14 17:41:08','2021-03-14 17:41:08',NULL),(69,'P.O. Box 521, 2431 Sit St.',NULL,NULL,'Jamnagar','4922',69,69,'2021-03-14 17:41:08','2021-03-14 17:41:08',NULL),(70,'Ap #567-7355 Imperdiet Av.',NULL,NULL,'South Bend','',70,70,'2021-03-14 17:41:08','2021-03-14 17:41:08',NULL),(71,'P.O. Box 714, 4373 Tincidunt, Road',NULL,NULL,'Siegendorf','826457',71,71,'2021-03-14 17:41:08','2021-03-14 17:41:08',NULL),(72,'P.O. Box 398, 7759 Enim Av.',NULL,NULL,'Worms','5649',72,72,'2021-03-14 17:41:08','2021-03-14 17:41:08',NULL),(73,'8853 Nulla Rd.',NULL,NULL,'Oudekapelle','62129',73,73,'2021-03-14 17:41:08','2021-03-14 17:41:08',NULL),(74,'4201 Et, Road',NULL,NULL,'New Westminster','27465-538',74,74,'2021-03-14 17:41:08','2021-03-14 17:41:08',NULL),(75,'7879 Lacus. Road',NULL,NULL,'Meridian','51180-44167',15,75,'2021-03-14 17:41:08','2021-03-14 17:41:08',NULL),(76,'Ap #333-1033 Massa Street',NULL,NULL,'Landelies','05647',10,76,'2021-03-14 17:41:08','2021-03-14 17:41:08',NULL),(77,'Ap #225-4792 Conubia Av.',NULL,NULL,'Calle Blancos','Z7240',57,77,'2021-03-14 17:41:08','2021-03-14 17:41:08',NULL),(78,'Ap #927-8677 Eget Street',NULL,NULL,'Grandrieu','5253',61,78,'2021-03-14 17:41:08','2021-03-14 17:41:08',NULL),(79,'P.O. Box 997, 5342 Nibh Rd.',NULL,NULL,'Castiglione Messer Raimondo','V01 2RH',50,79,'2021-03-14 17:41:08','2021-03-14 17:41:08',NULL),(80,'P.O. Box 477, 8589 Lacus. Rd.',NULL,NULL,'Buren','Z2058',53,80,'2021-03-14 17:41:08','2021-03-14 17:41:08',NULL),(81,'P.O. Box 354, 1681 Lobortis Av.',NULL,NULL,'Santa Juana','93254',28,81,'2021-03-14 17:41:08','2021-03-14 17:41:08',NULL),(82,'Ap #162-2222 Fringilla Road',NULL,NULL,'San Vicente','663685',10,82,'2021-03-14 17:41:08','2021-03-14 17:41:08',NULL),(83,'P.O. Box 410, 9942 Magna, Street',NULL,NULL,'Astore','61015',51,13,'2021-03-14 17:41:08','2021-03-14 17:41:08',NULL),(84,'845 Ut Rd.',NULL,NULL,'Beausejour','2698',25,39,'2021-03-14 17:41:08','2021-03-14 17:41:08',NULL),(85,'Ap #885-5301 Ullamcorper Rd.',NULL,NULL,'Ambresin','Z4712',22,53,'2021-03-14 17:41:08','2021-03-14 17:41:08',NULL),(86,'P.O. Box 314, 5004 Ullamcorper St.',NULL,NULL,'Jakarta','9158',45,14,'2021-03-14 17:41:08','2021-03-14 17:41:08',NULL),(87,'P.O. Box 560, 3060 Auctor, Av.',NULL,NULL,'Slijpe','7747',66,28,'2021-03-14 17:41:08','2021-03-14 17:41:08',NULL),(88,'P.O. Box 489, 9047 Amet St.',NULL,NULL,'Punitaqui','97578-210',6,18,'2021-03-14 17:41:08','2021-03-14 17:41:08',NULL),(89,'433-4589 Primis Avenue',NULL,NULL,'Marentino','86864-86519',33,30,'2021-03-14 17:41:08','2021-03-14 17:41:08',NULL),(90,'Ap #737-9373 Metus. Street',NULL,NULL,'Castello di Godego','96668',12,69,'2021-03-14 17:41:08','2021-03-14 17:41:08',NULL),(91,'Ap #262-4161 Penatibus Rd.',NULL,NULL,'Southwell','53315',66,59,'2021-03-14 17:41:08','2021-03-14 17:41:08',NULL),(92,'372-4244 Congue Avenue',NULL,NULL,'HŽron','43347',50,21,'2021-03-14 17:41:08','2021-03-14 17:41:08',NULL),(93,'3023 Sed Av.',NULL,NULL,'Coalhurst','42737',42,52,'2021-03-14 17:41:08','2021-03-14 17:41:08',NULL),(94,'215-3498 Enim St.',NULL,NULL,'Orléans','73954',20,60,'2021-03-14 17:41:08','2021-03-14 17:41:08',NULL),(95,'P.O. Box 364, 6696 Augue St.',NULL,NULL,'Habay-la-Neuve','50-835',6,25,'2021-03-14 17:41:08','2021-03-14 17:41:08',NULL),(96,'6542 Mollis Avenue',NULL,NULL,'Versailles','629539',35,27,'2021-03-14 17:41:08','2021-03-14 17:41:08',NULL),(97,'P.O. Box 324, 1493 Velit Ave',NULL,NULL,'Glossop','00448-603',54,59,'2021-03-14 17:41:08','2021-03-14 17:41:08',NULL),(98,'5473 Facilisis Rd.',NULL,NULL,'Oudegem','OT0H 9YV',11,56,'2021-03-14 17:41:08','2021-03-14 17:41:08',NULL),(99,'1345 Libero Road',NULL,NULL,'Lalbahadur Nagar','9889',15,59,'2021-03-14 17:41:08','2021-03-14 17:41:08',NULL),(100,'865-2637 Ipsum Ave',NULL,NULL,'Hénin-Beaumont','44996',41,29,'2021-03-14 17:41:08','2021-03-14 17:41:08',NULL);
/*!40000 ALTER TABLE `address` ENABLE KEYS */;
UNLOCK TABLES;

--
-- Table structure for table `address_addresstypes`
--

DROP TABLE IF EXISTS `address_addresstypes`;
/*!40101 SET @saved_cs_client     = @@character_set_client */;
/*!40101 SET character_set_client = utf8 */;
CREATE TABLE `address_addresstypes` (
  `address_id` bigint(20) unsigned NOT NULL,
  `addresstype_id` bigint(20) unsigned NOT NULL,
  `created_at` timestamp NOT NULL DEFAULT current_timestamp(),
  `updated_at` timestamp NOT NULL DEFAULT current_timestamp() ON UPDATE current_timestamp(),
  PRIMARY KEY (`address_id`,`addresstype_id`),
  KEY `address_addresstypes_addresstype_id_foreign` (`addresstype_id`),
  CONSTRAINT `address_addresstypes_address_id_foreign` FOREIGN KEY (`address_id`) REFERENCES `address` (`id`),
  CONSTRAINT `address_addresstypes_addresstype_id_foreign` FOREIGN KEY (`addresstype_id`) REFERENCES `addresstype` (`id`)
) ENGINE=InnoDB DEFAULT CHARSET=utf8mb4;
/*!40101 SET character_set_client = @saved_cs_client */;

--
-- Dumping data for table `address_addresstypes`
--

LOCK TABLES `address_addresstypes` WRITE;
/*!40000 ALTER TABLE `address_addresstypes` DISABLE KEYS */;
INSERT INTO `address_addresstypes` VALUES (1,1,'2021-03-14 17:41:08','2021-03-14 17:41:08'),(2,2,'2021-03-14 17:41:08','2021-03-14 17:41:08'),(3,3,'2021-03-14 17:41:08','2021-03-14 17:41:08'),(4,4,'2021-03-14 17:41:08','2021-03-14 17:41:08'),(5,5,'2021-03-14 17:41:08','2021-03-14 17:41:08'),(6,1,'2021-03-14 17:41:08','2021-03-14 17:41:08'),(7,2,'2021-03-14 17:41:08','2021-03-14 17:41:08'),(8,3,'2021-03-14 17:41:08','2021-03-14 17:41:08'),(9,4,'2021-03-14 17:41:08','2021-03-14 17:41:08'),(10,5,'2021-03-14 17:41:08','2021-03-14 17:41:08'),(11,1,'2021-03-14 17:41:08','2021-03-14 17:41:08'),(12,2,'2021-03-14 17:41:08','2021-03-14 17:41:08'),(13,3,'2021-03-14 17:41:08','2021-03-14 17:41:08'),(14,4,'2021-03-14 17:41:08','2021-03-14 17:41:08'),(15,5,'2021-03-14 17:41:08','2021-03-14 17:41:08'),(16,1,'2021-03-14 17:41:08','2021-03-14 17:41:08'),(17,2,'2021-03-14 17:41:08','2021-03-14 17:41:08'),(18,3,'2021-03-14 17:41:08','2021-03-14 17:41:08'),(19,4,'2021-03-14 17:41:08','2021-03-14 17:41:08'),(20,5,'2021-03-14 17:41:08','2021-03-14 17:41:08'),(21,1,'2021-03-14 17:41:08','2021-03-14 17:41:08'),(22,2,'2021-03-14 17:41:08','2021-03-14 17:41:08'),(23,3,'2021-03-14 17:41:08','2021-03-14 17:41:08'),(24,4,'2021-03-14 17:41:08','2021-03-14 17:41:08'),(25,5,'2021-03-14 17:41:08','2021-03-14 17:41:08'),(26,1,'2021-03-14 17:41:08','2021-03-14 17:41:08'),(27,2,'2021-03-14 17:41:08','2021-03-14 17:41:08'),(28,3,'2021-03-14 17:41:08','2021-03-14 17:41:08'),(29,4,'2021-03-14 17:41:08','2021-03-14 17:41:08'),(30,5,'2021-03-14 17:41:08','2021-03-14 17:41:08'),(31,1,'2021-03-14 17:41:08','2021-03-14 17:41:08'),(32,2,'2021-03-14 17:41:08','2021-03-14 17:41:08'),(33,3,'2021-03-14 17:41:08','2021-03-14 17:41:08'),(34,4,'2021-03-14 17:41:08','2021-03-14 17:41:08'),(35,5,'2021-03-14 17:41:08','2021-03-14 17:41:08'),(36,1,'2021-03-14 17:41:08','2021-03-14 17:41:08'),(37,2,'2021-03-14 17:41:08','2021-03-14 17:41:08'),(38,3,'2021-03-14 17:41:08','2021-03-14 17:41:08'),(39,4,'2021-03-14 17:41:08','2021-03-14 17:41:08'),(40,5,'2021-03-14 17:41:08','2021-03-14 17:41:08'),(41,1,'2021-03-14 17:41:08','2021-03-14 17:41:08'),(42,2,'2021-03-14 17:41:08','2021-03-14 17:41:08'),(43,3,'2021-03-14 17:41:08','2021-03-14 17:41:08'),(44,4,'2021-03-14 17:41:08','2021-03-14 17:41:08'),(45,5,'2021-03-14 17:41:08','2021-03-14 17:41:08'),(46,1,'2021-03-14 17:41:08','2021-03-14 17:41:08'),(47,2,'2021-03-14 17:41:08','2021-03-14 17:41:08'),(48,3,'2021-03-14 17:41:08','2021-03-14 17:41:08'),(49,4,'2021-03-14 17:41:08','2021-03-14 17:41:08'),(50,5,'2021-03-14 17:41:08','2021-03-14 17:41:08'),(51,1,'2021-03-14 17:41:08','2021-03-14 17:41:08'),(52,2,'2021-03-14 17:41:08','2021-03-14 17:41:08'),(53,3,'2021-03-14 17:41:08','2021-03-14 17:41:08'),(54,4,'2021-03-14 17:41:08','2021-03-14 17:41:08'),(55,5,'2021-03-14 17:41:08','2021-03-14 17:41:08'),(56,1,'2021-03-14 17:41:08','2021-03-14 17:41:08'),(57,2,'2021-03-14 17:41:08','2021-03-14 17:41:08'),(58,3,'2021-03-14 17:41:08','2021-03-14 17:41:08'),(59,4,'2021-03-14 17:41:08','2021-03-14 17:41:08'),(60,5,'2021-03-14 17:41:08','2021-03-14 17:41:08'),(61,1,'2021-03-14 17:41:08','2021-03-14 17:41:08'),(62,2,'2021-03-14 17:41:08','2021-03-14 17:41:08'),(63,3,'2021-03-14 17:41:08','2021-03-14 17:41:08'),(64,4,'2021-03-14 17:41:08','2021-03-14 17:41:08'),(65,5,'2021-03-14 17:41:08','2021-03-14 17:41:08'),(66,1,'2021-03-14 17:41:08','2021-03-14 17:41:08'),(67,2,'2021-03-14 17:41:08','2021-03-14 17:41:08'),(68,3,'2021-03-14 17:41:08','2021-03-14 17:41:08'),(69,4,'2021-03-14 17:41:08','2021-03-14 17:41:08'),(70,5,'2021-03-14 17:41:08','2021-03-14 17:41:08'),(71,1,'2021-03-14 17:41:08','2021-03-14 17:41:08'),(72,2,'2021-03-14 17:41:08','2021-03-14 17:41:08'),(73,3,'2021-03-14 17:41:08','2021-03-14 17:41:08'),(74,4,'2021-03-14 17:41:08','2021-03-14 17:41:08'),(75,5,'2021-03-14 17:41:08','2021-03-14 17:41:08'),(76,1,'2021-03-14 17:41:08','2021-03-14 17:41:08'),(77,2,'2021-03-14 17:41:08','2021-03-14 17:41:08'),(78,3,'2021-03-14 17:41:08','2021-03-14 17:41:08'),(79,4,'2021-03-14 17:41:08','2021-03-14 17:41:08'),(80,5,'2021-03-14 17:41:08','2021-03-14 17:41:08'),(81,1,'2021-03-14 17:41:08','2021-03-14 17:41:08'),(82,2,'2021-03-14 17:41:08','2021-03-14 17:41:08'),(83,3,'2021-03-14 17:41:08','2021-03-14 17:41:08'),(84,4,'2021-03-14 17:41:08','2021-03-14 17:41:08'),(85,5,'2021-03-14 17:41:08','2021-03-14 17:41:08'),(86,1,'2021-03-14 17:41:08','2021-03-14 17:41:08'),(87,2,'2021-03-14 17:41:08','2021-03-14 17:41:08'),(88,3,'2021-03-14 17:41:08','2021-03-14 17:41:08'),(89,4,'2021-03-14 17:41:08','2021-03-14 17:41:08'),(90,5,'2021-03-14 17:41:08','2021-03-14 17:41:08'),(91,1,'2021-03-14 17:41:08','2021-03-14 17:41:08'),(92,2,'2021-03-14 17:41:08','2021-03-14 17:41:08'),(93,3,'2021-03-14 17:41:08','2021-03-14 17:41:08'),(94,4,'2021-03-14 17:41:08','2021-03-14 17:41:08'),(95,5,'2021-03-14 17:41:08','2021-03-14 17:41:08'),(96,1,'2021-03-14 17:41:08','2021-03-14 17:41:08'),(97,2,'2021-03-14 17:41:08','2021-03-14 17:41:08'),(98,3,'2021-03-14 17:41:08','2021-03-14 17:41:08'),(99,4,'2021-03-14 17:41:08','2021-03-14 17:41:08'),(100,5,'2021-03-14 17:41:08','2021-03-14 17:41:08');
/*!40000 ALTER TABLE `address_addresstypes` ENABLE KEYS */;
UNLOCK TABLES;

--
-- Table structure for table `addresstype`
--

DROP TABLE IF EXISTS `addresstype`;
/*!40101 SET @saved_cs_client     = @@character_set_client */;
/*!40101 SET character_set_client = utf8 */;
CREATE TABLE `addresstype` (
  `id` bigint(20) unsigned NOT NULL AUTO_INCREMENT,
  `name` varchar(255) NOT NULL,
  `description` text DEFAULT NULL,
  `created_at` timestamp NOT NULL DEFAULT current_timestamp(),
  `updated_at` timestamp NOT NULL DEFAULT current_timestamp() ON UPDATE current_timestamp(),
  PRIMARY KEY (`id`)
) ENGINE=InnoDB AUTO_INCREMENT=6 DEFAULT CHARSET=utf8mb4;
/*!40101 SET character_set_client = @saved_cs_client */;

--
-- Dumping data for table `addresstype`
--

LOCK TABLES `addresstype` WRITE;
/*!40000 ALTER TABLE `addresstype` DISABLE KEYS */;
INSERT INTO `addresstype` VALUES (1,'Shipping','Use for shipping purposes. Where the package will by sent.','2021-03-14 17:41:08','2021-03-14 17:41:08'),(2,'Billing','Use for billing purposes. Where the Invoice will be sent. Should correspond to the credit card address.','2021-03-14 17:41:08','2021-03-14 17:41:08'),(3,'Mail','Use for general purposes. Ex: Important noticification, marketing, etc.','2021-03-14 17:41:08','2021-03-14 17:41:08'),(4,'Gift','Use for shipping purposes. Where the package/gift will be sent.','2021-03-14 17:41:08','2021-03-14 17:41:08'),(5,'Other','Use for other purposes. Not meant for any specific usage.','2021-03-14 17:41:08','2021-03-14 17:41:08');
/*!40000 ALTER TABLE `addresstype` ENABLE KEYS */;
UNLOCK TABLES;

--
-- Table structure for table `country`
--

DROP TABLE IF EXISTS `country`;
/*!40101 SET @saved_cs_client     = @@character_set_client */;
/*!40101 SET character_set_client = utf8 */;
CREATE TABLE `country` (
  `id` bigint(20) unsigned NOT NULL AUTO_INCREMENT,
  `name` varchar(255) NOT NULL,
  `code` varchar(255) NOT NULL,
  `created_at` timestamp NOT NULL DEFAULT current_timestamp(),
  `updated_at` timestamp NOT NULL DEFAULT current_timestamp() ON UPDATE current_timestamp(),
  PRIMARY KEY (`id`),
  UNIQUE KEY `country_name_unique` (`name`),
  UNIQUE KEY `country_code_unique` (`code`)
) ENGINE=InnoDB AUTO_INCREMENT=75 DEFAULT CHARSET=utf8mb4;
/*!40101 SET character_set_client = @saved_cs_client */;

--
-- Dumping data for table `country`
--

LOCK TABLES `country` WRITE;
/*!40000 ALTER TABLE `country` DISABLE KEYS */;
INSERT INTO `country` VALUES (1,'Fiji','BE','2021-03-14 17:41:08','2021-03-14 17:41:08'),(2,'Kiribati','ZY','2021-03-14 17:41:08','2021-03-14 17:41:08'),(3,'Sri Lanka','GS','2021-03-14 17:41:08','2021-03-14 17:41:08'),(4,'Yemen','ID','2021-03-14 17:41:08','2021-03-14 17:41:08'),(5,'Iran','IL','2021-03-14 17:41:08','2021-03-14 17:41:08'),(6,'French Polynesia','YE','2021-03-14 17:41:08','2021-03-14 17:41:08'),(7,'Guyana','NW','2021-03-14 17:41:08','2021-03-14 17:41:08'),(8,'Andorra','WK','2021-03-14 17:41:08','2021-03-14 17:41:08'),(9,'Saint Barthélemy','PG','2021-03-14 17:41:08','2021-03-14 17:41:08'),(10,'Pakistan','PT','2021-03-14 17:41:08','2021-03-14 17:41:08'),(11,'India','XX','2021-03-14 17:41:08','2021-03-14 17:41:08'),(12,'Ireland','HT','2021-03-14 17:41:08','2021-03-14 17:41:08'),(13,'Comoros','FH','2021-03-14 17:41:08','2021-03-14 17:41:08'),(14,'Sweden','VQ','2021-03-14 17:41:08','2021-03-14 17:41:08'),(15,'Saint Lucia','JO','2021-03-14 17:41:08','2021-03-14 17:41:08'),(16,'Switzerland','BQ','2021-03-14 17:41:08','2021-03-14 17:41:08'),(17,'Tajikistan','DR','2021-03-14 17:41:08','2021-03-14 17:41:08'),(18,'Heard Island and Mcdonald Islands','IO','2021-03-14 17:41:08','2021-03-14 17:41:08'),(19,'Austria','BW','2021-03-14 17:41:08','2021-03-14 17:41:08'),(20,'Indonesia','MA','2021-03-14 17:41:08','2021-03-14 17:41:08'),(21,'Burkina Faso','OE','2021-03-14 17:41:08','2021-03-14 17:41:08'),(22,'Bhutan','DQ','2021-03-14 17:41:08','2021-03-14 17:41:08'),(23,'Botswana','AQ','2021-03-14 17:41:08','2021-03-14 17:41:08'),(24,'South Africa','YV','2021-03-14 17:41:08','2021-03-14 17:41:08'),(25,'Belarus','FC','2021-03-14 17:41:08','2021-03-14 17:41:08'),(26,'Central African Republic','IA','2021-03-14 17:41:08','2021-03-14 17:41:08'),(27,'Spain','UP','2021-03-14 17:41:08','2021-03-14 17:41:08'),(28,'Argentina','AV','2021-03-14 17:41:08','2021-03-14 17:41:08'),(29,'Vanuatu','OW','2021-03-14 17:41:08','2021-03-14 17:41:08'),(30,'France','QM','2021-03-14 17:41:08','2021-03-14 17:41:08'),(31,'Zambia','RR','2021-03-14 17:41:08','2021-03-14 17:41:08'),(32,'Israel','NC','2021-03-14 17:41:08','2021-03-14 17:41:08'),(33,'Rwanda','UH','2021-03-14 17:41:08','2021-03-14 17:41:08'),(34,'Cambodia','PE','2021-03-14 17:41:08','2021-03-14 17:41:08'),(35,'United States','TJ','2021-03-14 17:41:08','2021-03-14 17:41:08'),(36,'Hong Kong','PS','2021-03-14 17:41:08','2021-03-14 17:41:08'),(37,'Bosnia and Herzegovina','SU','2021-03-14 17:41:08','2021-03-14 17:41:08'),(38,'Saint Kitts and Nevis','AD','2021-03-14 17:41:08','2021-03-14 17:41:08'),(39,'Mexico','BT','2021-03-14 17:41:08','2021-03-14 17:41:08'),(40,'Slovenia','QI','2021-03-14 17:41:08','2021-03-14 17:41:08'),(41,'Dominica','IT','2021-03-14 17:41:08','2021-03-14 17:41:08'),(42,'Togo','MT','2021-03-14 17:41:08','2021-03-14 17:41:08'),(43,'Bahrain','WU','2021-03-14 17:41:08','2021-03-14 17:41:08'),(44,'Laos','MM','2021-03-14 17:41:08','2021-03-14 17:41:08'),(45,'Benin','SL','2021-03-14 17:41:08','2021-03-14 17:41:08'),(46,'British Indian Ocean Territory','FO','2021-03-14 17:41:08','2021-03-14 17:41:08'),(47,'New Caledonia','VX','2021-03-14 17:41:08','2021-03-14 17:41:08'),(48,'Marshall Islands','RI','2021-03-14 17:41:08','2021-03-14 17:41:08'),(49,'Peru','JB','2021-03-14 17:41:08','2021-03-14 17:41:08'),(50,'Cayman Islands','YS','2021-03-14 17:41:08','2021-03-14 17:41:08'),(51,'Zimbabwe','EY','2021-03-14 17:41:08','2021-03-14 17:41:08'),(52,'Guatemala','RT','2021-03-14 17:41:08','2021-03-14 17:41:08'),(53,'Sao Tome and Principe','HV','2021-03-14 17:41:08','2021-03-14 17:41:08'),(54,'Puerto Rico','UG','2021-03-14 17:41:08','2021-03-14 17:41:08'),(55,'Cameroon','RU','2021-03-14 17:41:08','2021-03-14 17:41:08'),(56,'Northern Mariana Islands','XR','2021-03-14 17:41:08','2021-03-14 17:41:08'),(57,'Sint Maarten','HW','2021-03-14 17:41:08','2021-03-14 17:41:08'),(58,'Greece','MU','2021-03-14 17:41:08','2021-03-14 17:41:08'),(59,'Albania','HY','2021-03-14 17:41:08','2021-03-14 17:41:08'),(60,'Honduras','CP','2021-03-14 17:41:08','2021-03-14 17:41:08'),(61,'Viet Nam','IF','2021-03-14 17:41:08','2021-03-14 17:41:08'),(62,'Bangladesh','PY','2021-03-14 17:41:08','2021-03-14 17:41:08'),(63,'French Guiana','TE','2021-03-14 17:41:08','2021-03-14 17:41:08'),(64,'Seychelles','SF','2021-03-14 17:41:08','2021-03-14 17:41:08'),(65,'Saint Pierre and Miquelon','QQ','2021-03-14 17:41:08','2021-03-14 17:41:08'),(66,'New Zealand','WV','2021-03-14 17:41:08','2021-03-14 17:41:08'),(67,'Lebanon','EE','2021-03-14 17:41:08','2021-03-14 17:41:08'),(68,'Chile','MO','2021-03-14 17:41:08','2021-03-14 17:41:08'),(69,'Norfolk Island','WB','2021-03-14 17:41:08','2021-03-14 17:41:08'),(70,'El Salvador','HA','2021-03-14 17:41:08','2021-03-14 17:41:08'),(71,'Cyprus','ZH','2021-03-14 17:41:08','2021-03-14 17:41:08'),(72,'Swaziland','IP','2021-03-14 17:41:08','2021-03-14 17:41:08'),(73,'Antigua and Barbuda','SQ','2021-03-14 17:41:08','2021-03-14 17:41:08'),(74,'Guernsey','OU','2021-03-14 17:41:08','2021-03-14 17:41:08');
/*!40000 ALTER TABLE `country` ENABLE KEYS */;
UNLOCK TABLES;

--
-- Table structure for table `location`
--

DROP TABLE IF EXISTS `location`;
/*!40101 SET @saved_cs_client     = @@character_set_client */;
/*!40101 SET character_set_client = utf8 */;
CREATE TABLE `location` (
  `id` bigint(20) unsigned NOT NULL AUTO_INCREMENT,
  `name` varchar(255) NOT NULL,
  `latitude` varchar(255) NOT NULL,
  `longitude` varchar(255) NOT NULL,
  `note` text DEFAULT NULL,
  `user_id` bigint(20) unsigned NOT NULL,
  `created_at` timestamp NOT NULL DEFAULT current_timestamp(),
  `updated_at` timestamp NOT NULL DEFAULT current_timestamp() ON UPDATE current_timestamp(),
  PRIMARY KEY (`id`),
  KEY `location_user_id_foreign` (`user_id`),
  CONSTRAINT `location_user_id_foreign` FOREIGN KEY (`user_id`) REFERENCES `user` (`id`)
) ENGINE=InnoDB AUTO_INCREMENT=101 DEFAULT CHARSET=utf8mb4;
/*!40101 SET character_set_client = @saved_cs_client */;

--
-- Dumping data for table `location`
--

LOCK TABLES `location` WRITE;
/*!40000 ALTER TABLE `location` DISABLE KEYS */;
INSERT INTO `location` VALUES (1,'nisl.','-3.34354','-79.64338','sollicitudin orci sem eget massa. Suspendisse eleifend. Cras sed leo.',1,'2021-03-14 17:41:08','2021-03-14 17:41:08'),(2,'orci.','65.85075','28.56822','tincidunt. Donec vitae erat vel pede blandit congue.',2,'2021-03-14 17:41:08','2021-03-14 17:41:08'),(3,'purus,','-0.31104','29.68222','a neque. Nullam ut',3,'2021-03-14 17:41:08','2021-03-14 17:41:08'),(4,'quam','-42.67373','77.65995','ornare, elit elit fermentum risus,',4,'2021-03-14 17:41:08','2021-03-14 17:41:08'),(5,'leo.','16.15877','-167.86811','pede. Nunc sed orci lobortis',5,'2021-03-14 17:41:08','2021-03-14 17:41:08'),(6,'luctus,','24.04764','170.60299','et libero. Proin mi. Aliquam gravida mauris ut mi.',6,'2021-03-14 17:41:08','2021-03-14 17:41:08'),(7,'Ut','46.56877','179.36683','elit, dictum eu,',7,'2021-03-14 17:41:08','2021-03-14 17:41:08'),(8,'sagittis','79.41872','-136.68454','amet ante. Vivamus non lorem vitae',8,'2021-03-14 17:41:08','2021-03-14 17:41:08'),(9,'nec','-64.35576','-118.16403','posuere at, velit. Cras lorem lorem, luctus',9,'2021-03-14 17:41:08','2021-03-14 17:41:08'),(10,'arcu.','7.25468','-82.79856','feugiat. Lorem ipsum dolor sit amet, consectetuer',10,'2021-03-14 17:41:08','2021-03-14 17:41:08'),(11,'nascetur','46.90671','80.79181','a mi fringilla mi',11,'2021-03-14 17:41:08','2021-03-14 17:41:08'),(12,'mauris','-18.13484','-132.76162','mauris sit amet lorem semper',12,'2021-03-14 17:41:08','2021-03-14 17:41:08'),(13,'erat','-11.01669','167.07422','risus',13,'2021-03-14 17:41:08','2021-03-14 17:41:08'),(14,'nulla.','89.1238','-94.48333','sagittis augue, eu tempor',14,'2021-03-14 17:41:08','2021-03-14 17:41:08'),(15,'lacus.','-58.83542','-44.85317','et, lacinia vitae, sodales at, velit. Pellentesque ultricies dignissim lacus.',15,'2021-03-14 17:41:08','2021-03-14 17:41:08'),(16,'ut','83.17005','96.30043','imperdiet, erat nonummy ultricies ornare, elit elit fermentum risus,',16,'2021-03-14 17:41:08','2021-03-14 17:41:08'),(17,'nec','-32.76917','179.75986','commodo at, libero. Morbi',17,'2021-03-14 17:41:08','2021-03-14 17:41:08'),(18,'dui','31.82501','55.58731','ipsum cursus vestibulum. Mauris magna. Duis',18,'2021-03-14 17:41:08','2021-03-14 17:41:08'),(19,'faucibus','28.47089','-159.22311','auctor, nunc nulla vulputate dui, nec tempus mauris',19,'2021-03-14 17:41:08','2021-03-14 17:41:08'),(20,'Quisque','-32.52459','-28.40848','sodales. Mauris blandit enim consequat purus.',20,'2021-03-14 17:41:08','2021-03-14 17:41:08'),(21,'at','-52.17497','82.48477','nulla magna, malesuada vel,',21,'2021-03-14 17:41:08','2021-03-14 17:41:08'),(22,'erat','40.18491','60.53111','est. Nunc laoreet lectus quis massa. Mauris vestibulum, neque',22,'2021-03-14 17:41:08','2021-03-14 17:41:08'),(23,'viverra.','76.91935','69.45992','imperdiet',23,'2021-03-14 17:41:08','2021-03-14 17:41:08'),(24,'et','-33.0417','-84.51259','ornare lectus justo',24,'2021-03-14 17:41:08','2021-03-14 17:41:08'),(25,'sed','-38.92217','46.10998','ipsum primis',25,'2021-03-14 17:41:08','2021-03-14 17:41:08'),(26,'posuere,','-32.79459','84.10264','Sed eu eros.',26,'2021-03-14 17:41:08','2021-03-14 17:41:08'),(27,'quis','-61.56535','135.49812','luctus ut, pellentesque eget, dictum placerat, augue. Sed molestie. Sed',27,'2021-03-14 17:41:08','2021-03-14 17:41:08'),(28,'semper','56.98033','-11.88574','ultricies ornare, elit elit fermentum risus, at fringilla',28,'2021-03-14 17:41:08','2021-03-14 17:41:08'),(29,'nisl','46.9049','133.06945','non,',29,'2021-03-14 17:41:08','2021-03-14 17:41:08'),(30,'elit,','77.36324','124.37249','fringilla, porttitor vulputate, posuere vulputate,',30,'2021-03-14 17:41:08','2021-03-14 17:41:08'),(31,'ipsum','-54.10838','161.01396','parturient montes, nascetur ridiculus mus. Donec dignissim magna a',31,'2021-03-14 17:41:08','2021-03-14 17:41:08'),(32,'lacinia','-46.92346','-146.88134','pede. Nunc sed orci lobortis augue scelerisque mollis. Phasellus libero',32,'2021-03-14 17:41:08','2021-03-14 17:41:08'),(33,'et','66.29061','-104.70236','vitae semper egestas, urna justo faucibus lectus, a sollicitudin orci',33,'2021-03-14 17:41:08','2021-03-14 17:41:08'),(34,'mi','72.99283','12.36373','nunc, ullamcorper',34,'2021-03-14 17:41:08','2021-03-14 17:41:08'),(35,'dolor.','23.06058','-87.51635','porttitor eros nec tellus. Nunc lectus',35,'2021-03-14 17:41:08','2021-03-14 17:41:08'),(36,'velit.','73.36991','10.4038','Etiam gravida molestie',36,'2021-03-14 17:41:08','2021-03-14 17:41:08'),(37,'Etiam','-6.54421','129.42017','iaculis',37,'2021-03-14 17:41:08','2021-03-14 17:41:08'),(38,'sem','68.46443','11.54274','mauris id',38,'2021-03-14 17:41:08','2021-03-14 17:41:08'),(39,'laoreet','-76.78318','159.21814','porttitor tellus non',39,'2021-03-14 17:41:08','2021-03-14 17:41:08'),(40,'Class','-66.52479','-3.16283','sagittis augue, eu tempor erat',40,'2021-03-14 17:41:08','2021-03-14 17:41:08'),(41,'dignissim','-86.64454','93.66918','nascetur ridiculus mus. Proin vel nisl. Quisque',41,'2021-03-14 17:41:08','2021-03-14 17:41:08'),(42,'odio.','39.34079','57.11345','et',42,'2021-03-14 17:41:08','2021-03-14 17:41:08'),(43,'hendrerit.','21.44643','-99.01608','elementum purus, accumsan',43,'2021-03-14 17:41:08','2021-03-14 17:41:08'),(44,'Nunc','27.95871','21.12871','pellentesque eget, dictum placerat, augue. Sed molestie.',44,'2021-03-14 17:41:08','2021-03-14 17:41:08'),(45,'neque','27.74453','-112.10352','risus. Nunc ac sem ut dolor dapibus gravida. Aliquam',45,'2021-03-14 17:41:08','2021-03-14 17:41:08'),(46,'tempor','14.80199','-102.76496','enim,',46,'2021-03-14 17:41:08','2021-03-14 17:41:08'),(47,'odio','15.07355','63.11943','convallis in, cursus et, eros. Proin ultrices. Duis',47,'2021-03-14 17:41:08','2021-03-14 17:41:08'),(48,'ipsum.','83.93076','63.21574','tempor arcu. Vestibulum',48,'2021-03-14 17:41:08','2021-03-14 17:41:08'),(49,'gravida','-14.65942','-179.1996','nibh. Donec est mauris, rhoncus id, mollis nec, cursus a,',49,'2021-03-14 17:41:08','2021-03-14 17:41:08'),(50,'libero.','-43.44181','6.05171','Integer vitae nibh. Donec est mauris, rhoncus id,',50,'2021-03-14 17:41:08','2021-03-14 17:41:08'),(51,'velit','29.08892','-159.46985','fermentum metus.',51,'2021-03-14 17:41:08','2021-03-14 17:41:08'),(52,'enim','14.26179','122.66817','morbi tristique senectus',52,'2021-03-14 17:41:08','2021-03-14 17:41:08'),(53,'tortor,','-29.48823','-124.67024','arcu.',53,'2021-03-14 17:41:08','2021-03-14 17:41:08'),(54,'sodales','-86.15318','93.71194','eros non enim commodo hendrerit. Donec porttitor tellus non',54,'2021-03-14 17:41:08','2021-03-14 17:41:08'),(55,'Ut','-6.04788','11.29846','inceptos hymenaeos. Mauris ut',55,'2021-03-14 17:41:08','2021-03-14 17:41:08'),(56,'eleifend.','77.91624','175.47288','tellus, imperdiet non, vestibulum nec, euismod in, dolor.',56,'2021-03-14 17:41:08','2021-03-14 17:41:08'),(57,'Aliquam','-55.62357','-117.25321','nascetur ridiculus',57,'2021-03-14 17:41:08','2021-03-14 17:41:08'),(58,'auctor','83.13056','96.32411','Cras pellentesque. Sed dictum. Proin',58,'2021-03-14 17:41:08','2021-03-14 17:41:08'),(59,'laoreet','57.06702','35.34918','adipiscing non,',59,'2021-03-14 17:41:08','2021-03-14 17:41:08'),(60,'Vivamus','-44.17589','22.545','feugiat tellus lorem eu',60,'2021-03-14 17:41:08','2021-03-14 17:41:08'),(61,'vulputate','24.79607','-168.43303','dolor sit amet, consectetuer adipiscing elit. Aliquam auctor,',61,'2021-03-14 17:41:08','2021-03-14 17:41:08'),(62,'consequat','-59.11167','-83.88067','at,',62,'2021-03-14 17:41:08','2021-03-14 17:41:08'),(63,'ac','33.6786','41.0677','sed orci lobortis augue',63,'2021-03-14 17:41:08','2021-03-14 17:41:08'),(64,'mollis','-15.65703','-21.58014','hendrerit consectetuer, cursus et, magna. Praesent interdum',64,'2021-03-14 17:41:08','2021-03-14 17:41:08'),(65,'ante.','-37.97888','173.788','nunc nulla vulputate dui, nec tempus',65,'2021-03-14 17:41:08','2021-03-14 17:41:08'),(66,'neque','73.9143','-74.79981','viverra. Maecenas iaculis aliquet diam. Sed diam lorem, auctor',66,'2021-03-14 17:41:08','2021-03-14 17:41:08'),(67,'magna.','9.68939','-31.59985','ultrices. Vivamus rhoncus. Donec est.',67,'2021-03-14 17:41:08','2021-03-14 17:41:08'),(68,'aliquet.','-79.31793','21.14506','vel nisl. Quisque fringilla euismod',68,'2021-03-14 17:41:08','2021-03-14 17:41:08'),(69,'quis','4.24945','97.54803','eu, ultrices sit amet,',69,'2021-03-14 17:41:08','2021-03-14 17:41:08'),(70,'nisi.','-16.94873','-20.29387','In faucibus. Morbi vehicula. Pellentesque tincidunt',70,'2021-03-14 17:41:08','2021-03-14 17:41:08'),(71,'eget,','-79.9559','61.63131','nibh lacinia orci, consectetuer euismod est arcu ac orci. Ut',71,'2021-03-14 17:41:08','2021-03-14 17:41:08'),(72,'montes,','-26.68403','91.01782','blandit',72,'2021-03-14 17:41:08','2021-03-14 17:41:08'),(73,'ridiculus','-62.76157','-170.54005','vel, convallis in, cursus et,',73,'2021-03-14 17:41:08','2021-03-14 17:41:08'),(74,'aliquam','48.24373','-165.1319','vestibulum lorem, sit amet ultricies sem magna',74,'2021-03-14 17:41:08','2021-03-14 17:41:08'),(75,'enim.','69.90559','131.57503','orci, in consequat enim diam vel arcu. Curabitur',75,'2021-03-14 17:41:08','2021-03-14 17:41:08'),(76,'tincidunt.','71.14686','163.55808','porta elit, a feugiat tellus lorem eu metus. In',76,'2021-03-14 17:41:08','2021-03-14 17:41:08'),(77,'a,','62.40486','178.16192','neque sed sem egestas blandit. Nam nulla magna,',77,'2021-03-14 17:41:08','2021-03-14 17:41:08'),(78,'Morbi','74.13116','-91.14058','odio. Phasellus at augue id',78,'2021-03-14 17:41:08','2021-03-14 17:41:08'),(79,'magna.','83.26977','-114.66437','Phasellus at augue id ante dictum cursus.',79,'2021-03-14 17:41:08','2021-03-14 17:41:08'),(80,'Vivamus','-76.38392','-73.92449','lobortis ultrices. Vivamus rhoncus. Donec est. Nunc ullamcorper, velit in',79,'2021-03-14 17:41:08','2021-03-14 17:41:08'),(81,'nec','-64.8256','11.41057','metus.',17,'2021-03-14 17:41:08','2021-03-14 17:41:08'),(82,'magnis','58.61043','2.0689','tempus risus. Donec',11,'2021-03-14 17:41:08','2021-03-14 17:41:08'),(83,'dui,','-22.39168','-137.72689','sem semper erat, in consectetuer',75,'2021-03-14 17:41:08','2021-03-14 17:41:08'),(84,'Fusce','85.95709','117.00845','dolor. Quisque tincidunt pede ac urna. Ut tincidunt vehicula risus.',56,'2021-03-14 17:41:08','2021-03-14 17:41:08'),(85,'diam','-82.04461','108.74663','id, ante. Nunc mauris sapien, cursus in, hendrerit consectetuer, cursus',58,'2021-03-14 17:41:08','2021-03-14 17:41:08'),(86,'egestas','-21.79363','-151.20416','tellus justo sit amet nulla. Donec non justo. Proin non',64,'2021-03-14 17:41:08','2021-03-14 17:41:08'),(87,'Sed','-2.20485','156.95613','porttitor tellus non magna. Nam ligula elit, pretium',3,'2021-03-14 17:41:08','2021-03-14 17:41:08'),(88,'lacinia','7.34005','-25.69313','ipsum. Phasellus vitae mauris sit amet',23,'2021-03-14 17:41:08','2021-03-14 17:41:08'),(89,'nisl','87.66432','-13.87501','non, cursus non, egestas a, dui. Cras pellentesque. Sed',12,'2021-03-14 17:41:08','2021-03-14 17:41:08'),(90,'Donec','25.83699','-86.16314','urna. Nunc',41,'2021-03-14 17:41:08','2021-03-14 17:41:08'),(91,'ultrices','-35.10078','121.13576','laoreet posuere, enim nisl elementum purus,',15,'2021-03-14 17:41:08','2021-03-14 17:41:08'),(92,'urna.','-20.87786','3.48201','arcu. Nunc mauris. Morbi non',1,'2021-03-14 17:41:08','2021-03-14 17:41:08'),(93,'ac','85.35416','-69.29292','Nam ligula elit, pretium et,',9,'2021-03-14 17:41:08','2021-03-14 17:41:08'),(94,'lectus','31.44701','125.07644','Proin ultrices. Duis',78,'2021-03-14 17:41:08','2021-03-14 17:41:08'),(95,'sagittis','51.10662','-88.2024','blandit mattis.',34,'2021-03-14 17:41:08','2021-03-14 17:41:08'),(96,'feugiat.','-40.28775','177.74673','tellus id nunc interdum feugiat. Sed nec metus facilisis lorem',66,'2021-03-14 17:41:08','2021-03-14 17:41:08'),(97,'mi','-67.22684','-108.11601','ornare, libero at auctor ullamcorper,',17,'2021-03-14 17:41:08','2021-03-14 17:41:08'),(98,'Ut','-74.74186','-112.7937','sit amet, risus. Donec nibh enim, gravida sit amet, dapibus',54,'2021-03-14 17:41:08','2021-03-14 17:41:08'),(99,'eu','64.76147','-79.61828','orci',49,'2021-03-14 17:41:08','2021-03-14 17:41:08'),(100,'Vivamus','-38.8726','-76.54679','aliquet libero. Integer in',61,'2021-03-14 17:41:08','2021-03-14 17:41:08');
/*!40000 ALTER TABLE `location` ENABLE KEYS */;
UNLOCK TABLES;

--
-- Table structure for table `logflight`
--

DROP TABLE IF EXISTS `logflight`;
/*!40101 SET @saved_cs_client     = @@character_set_client */;
/*!40101 SET character_set_client = utf8 */;
CREATE TABLE `logflight` (
  `id` bigint(20) unsigned NOT NULL AUTO_INCREMENT,
  `log_date` timestamp NULL DEFAULT NULL,
  `quadcopter_id` bigint(20) unsigned NOT NULL,
  `duration` int(10) unsigned NOT NULL,
  `weather` text NOT NULL,
  `location_id` bigint(20) unsigned NOT NULL,
  `note` text DEFAULT NULL,
  `created_at` timestamp NOT NULL DEFAULT current_timestamp(),
  `updated_at` timestamp NOT NULL DEFAULT current_timestamp() ON UPDATE current_timestamp(),
  `deleted_at` timestamp NULL DEFAULT NULL,
  PRIMARY KEY (`id`),
  KEY `logflight_quadcopter_id_foreign` (`quadcopter_id`),
  KEY `logflight_location_id_foreign` (`location_id`),
  CONSTRAINT `logflight_location_id_foreign` FOREIGN KEY (`location_id`) REFERENCES `location` (`id`),
  CONSTRAINT `logflight_quadcopter_id_foreign` FOREIGN KEY (`quadcopter_id`) REFERENCES `quadcopter` (`id`)
) ENGINE=InnoDB AUTO_INCREMENT=101 DEFAULT CHARSET=utf8mb4;
/*!40101 SET character_set_client = @saved_cs_client */;

--
-- Dumping data for table `logflight`
--

LOCK TABLES `logflight` WRITE;
/*!40000 ALTER TABLE `logflight` DISABLE KEYS */;
INSERT INTO `logflight` VALUES (1,'2020-07-10 11:49:39',8,5718,'nulla. Cras eu tellus eu augue porttitor interdum. Sed auctor',8,NULL,'2021-03-14 17:41:08','2021-03-14 17:41:08',NULL),(2,'2021-03-13 16:30:00',33,4531,'tellus sem mollis dui, in sodales elit erat vitae risus.',33,NULL,'2021-03-14 17:41:08','2021-03-14 17:41:08',NULL),(3,'2020-08-11 07:21:19',14,5757,'ullamcorper eu, euismod ac, fermentum vel, mauris. Integer sem',14,NULL,'2021-03-14 17:41:08','2021-03-14 17:41:08',NULL),(4,'2020-09-27 00:49:11',16,2303,'orci. Ut sagittis lobortis mauris. Suspendisse aliquet',16,NULL,'2021-03-14 17:41:08','2021-03-14 17:41:08',NULL),(5,'2020-09-16 18:33:22',56,3500,'pede nec ante blandit viverra. Donec tempus, lorem',56,NULL,'2021-03-14 17:41:08','2021-03-14 17:41:08',NULL),(6,'2021-01-08 21:07:21',36,767,'Duis gravida. Praesent eu nulla at sem',36,NULL,'2021-03-14 17:41:08','2021-03-14 17:41:08',NULL),(7,'2020-03-20 17:23:02',52,866,'cursus et, eros. Proin ultrices. Duis volutpat nunc',52,NULL,'2021-03-14 17:41:08','2021-03-14 17:41:08',NULL),(8,'2021-05-24 18:56:34',19,6833,'eget metus.',19,NULL,'2021-03-14 17:41:08','2021-03-14 17:41:08',NULL),(9,'2021-10-15 14:01:52',66,3315,'eu augue porttitor interdum. Sed',66,NULL,'2021-03-14 17:41:08','2021-03-14 17:41:08',NULL),(10,'2021-12-11 04:50:31',32,3084,'nibh vulputate mauris sagittis placerat.',32,NULL,'2021-03-14 17:41:08','2021-03-14 17:41:08',NULL),(11,'2020-03-31 02:30:36',21,4395,'velit.',21,NULL,'2021-03-14 17:41:08','2021-03-14 17:41:08',NULL),(12,'2020-10-08 19:07:11',64,5604,'ante bibendum ullamcorper. Duis cursus, diam at pretium aliquet, metus',64,NULL,'2021-03-14 17:41:08','2021-03-14 17:41:08',NULL),(13,'2020-07-19 22:58:11',36,6620,'dictum cursus. Nunc mauris elit, dictum eu,',36,NULL,'2021-03-14 17:41:08','2021-03-14 17:41:08',NULL),(14,'2021-04-16 08:07:43',61,1622,'nisl. Nulla eu neque pellentesque massa lobortis ultrices. Vivamus rhoncus.',61,NULL,'2021-03-14 17:41:08','2021-03-14 17:41:08',NULL),(15,'2020-07-15 03:09:04',72,6452,'tortor at',72,NULL,'2021-03-14 17:41:08','2021-03-14 17:41:08',NULL),(16,'2020-05-26 09:18:41',77,4682,'vulputate velit eu sem. Pellentesque ut ipsum',77,NULL,'2021-03-14 17:41:08','2021-03-14 17:41:08',NULL),(17,'2020-05-05 12:36:23',12,2465,'enim. Nunc ut erat. Sed nunc est, mollis',12,NULL,'2021-03-14 17:41:08','2021-03-14 17:41:08',NULL),(18,'2021-02-12 22:08:24',46,1602,'tellus. Phasellus elit pede, malesuada',46,NULL,'2021-03-14 17:41:08','2021-03-14 17:41:08',NULL),(19,'2020-12-17 21:28:19',65,6448,'non nisi. Aenean eget metus. In nec orci.',65,NULL,'2021-03-14 17:41:08','2021-03-14 17:41:08',NULL),(20,'2020-08-29 14:55:09',71,1738,'lacus. Aliquam',71,NULL,'2021-03-14 17:41:08','2021-03-14 17:41:08',NULL),(21,'2021-07-04 01:37:12',55,5135,'dignissim pharetra. Nam ac nulla. In tincidunt',55,NULL,'2021-03-14 17:41:08','2021-03-14 17:41:08',NULL),(22,'2021-02-06 11:47:15',36,3544,'semper. Nam tempor diam dictum sapien. Aenean massa.',36,NULL,'2021-03-14 17:41:08','2021-03-14 17:41:08',NULL),(23,'2021-07-24 01:48:19',4,1413,'ac,',4,NULL,'2021-03-14 17:41:08','2021-03-14 17:41:08',NULL),(24,'2021-03-11 00:29:03',17,1801,'conubia nostra, per inceptos hymenaeos. Mauris ut quam',81,NULL,'2021-03-14 17:41:08','2021-03-14 17:41:08',NULL),(25,'2021-02-23 15:02:27',22,1693,'a',22,NULL,'2021-03-14 17:41:08','2021-03-14 17:41:08',NULL),(26,'2020-02-08 09:40:12',35,2343,'massa. Vestibulum accumsan neque et nunc. Quisque ornare tortor',35,NULL,'2021-03-14 17:41:08','2021-03-14 17:41:08',NULL),(27,'2020-06-21 07:11:45',23,5488,'dui. Cum sociis natoque penatibus et magnis',88,NULL,'2021-03-14 17:41:08','2021-03-14 17:41:08',NULL),(28,'2020-04-13 16:26:47',16,5346,'Nunc quis arcu vel quam dignissim',16,NULL,'2021-03-14 17:41:08','2021-03-14 17:41:08',NULL),(29,'2021-01-01 21:52:21',50,1242,'eleifend',50,NULL,'2021-03-14 17:41:08','2021-03-14 17:41:08',NULL),(30,'2021-05-13 19:25:54',70,5136,'Fusce aliquet magna a neque. Nullam ut nisi a odio',70,NULL,'2021-03-14 17:41:08','2021-03-14 17:41:08',NULL),(31,'2020-06-16 16:42:26',57,3291,'pharetra. Nam ac nulla. In tincidunt congue',57,NULL,'2021-03-14 17:41:08','2021-03-14 17:41:08',NULL),(32,'2021-07-07 03:52:41',60,1788,'sed dui. Fusce aliquam, enim nec',60,NULL,'2021-03-14 17:41:08','2021-03-14 17:41:08',NULL),(33,'2020-07-11 08:02:56',37,6407,'lectus pede, ultrices a, auctor non, feugiat',37,NULL,'2021-03-14 17:41:08','2021-03-14 17:41:08',NULL),(34,'2021-12-23 20:05:12',62,712,'vel',62,NULL,'2021-03-14 17:41:08','2021-03-14 17:41:08',NULL),(35,'2021-03-09 17:29:51',40,7084,'enim. Etiam imperdiet dictum',40,NULL,'2021-03-14 17:41:08','2021-03-14 17:41:08',NULL),(36,'2021-05-14 03:15:54',43,2353,'magna. Suspendisse tristique',43,NULL,'2021-03-14 17:41:08','2021-03-14 17:41:08',NULL),(37,'2021-03-07 00:56:03',48,3428,'eu tellus eu augue porttitor interdum. Sed auctor',48,NULL,'2021-03-14 17:41:08','2021-03-14 17:41:08',NULL),(38,'2020-03-02 08:41:20',44,2163,'nec',44,NULL,'2021-03-14 17:41:08','2021-03-14 17:41:08',NULL),(39,'2020-04-21 12:09:22',17,5169,'sed orci lobortis augue scelerisque',17,NULL,'2021-03-14 17:41:08','2021-03-14 17:41:08',NULL),(40,'2021-05-08 21:12:27',40,89,'mauris. Integer sem elit, pharetra ut, pharetra sed, hendrerit',40,NULL,'2021-03-14 17:41:08','2021-03-14 17:41:08',NULL),(41,'2020-06-26 21:43:30',28,3127,'gravida molestie arcu. Sed eu nibh vulputate mauris sagittis placerat.',28,NULL,'2021-03-14 17:41:08','2021-03-14 17:41:08',NULL),(42,'2021-10-19 02:07:21',53,2741,'est. Nunc laoreet lectus',53,NULL,'2021-03-14 17:41:08','2021-03-14 17:41:08',NULL),(43,'2020-11-26 03:18:46',7,6398,'fames ac turpis egestas.',7,NULL,'2021-03-14 17:41:08','2021-03-14 17:41:08',NULL),(44,'2020-02-23 12:23:56',39,4099,'nulla ante, iaculis',39,NULL,'2021-03-14 17:41:08','2021-03-14 17:41:08',NULL),(45,'2020-10-15 14:56:57',55,261,'In at pede.',55,NULL,'2021-03-14 17:41:08','2021-03-14 17:41:08',NULL),(46,'2021-08-20 23:57:50',19,6085,'urna convallis erat, eget tincidunt dui',19,NULL,'2021-03-14 17:41:08','2021-03-14 17:41:08',NULL),(47,'2022-01-31 09:58:11',15,199,'Sed congue, elit sed consequat auctor, nunc nulla vulputate dui,',15,NULL,'2021-03-14 17:41:08','2021-03-14 17:41:08',NULL),(48,'2021-12-24 15:26:21',46,4642,'felis ullamcorper viverra. Maecenas iaculis aliquet diam. Sed diam',46,NULL,'2021-03-14 17:41:08','2021-03-14 17:41:08',NULL),(49,'2020-11-15 07:15:42',34,4360,'sagittis placerat. Cras dictum ultricies ligula. Nullam',34,NULL,'2021-03-14 17:41:08','2021-03-14 17:41:08',NULL),(50,'2020-11-11 01:23:03',61,2080,'ac orci. Ut semper pretium neque. Morbi quis urna.',100,NULL,'2021-03-14 17:41:08','2021-03-14 17:41:08',NULL),(51,'2021-05-05 01:27:09',39,7120,'dolor elit, pellentesque',39,NULL,'2021-03-14 17:41:08','2021-03-14 17:41:08',NULL),(52,'2021-08-16 22:39:46',66,7011,'mauris, rhoncus id, mollis',66,NULL,'2021-03-14 17:41:08','2021-03-14 17:41:08',NULL),(53,'2020-08-29 10:53:00',33,6055,'non, vestibulum nec, euismod in,',33,NULL,'2021-03-14 17:41:08','2021-03-14 17:41:08',NULL),(54,'2021-04-24 18:38:53',58,5229,'est. Nunc',85,NULL,'2021-03-14 17:41:08','2021-03-14 17:41:08',NULL),(55,'2020-07-29 17:34:52',37,3734,'Aenean massa. Integer vitae',37,NULL,'2021-03-14 17:41:08','2021-03-14 17:41:08',NULL),(56,'2022-01-23 01:53:37',14,2998,'sed, hendrerit a, arcu. Sed et libero. Proin mi.',14,NULL,'2021-03-14 17:41:08','2021-03-14 17:41:08',NULL),(57,'2021-12-08 01:17:17',2,4413,'pharetra. Quisque ac libero',2,NULL,'2021-03-14 17:41:08','2021-03-14 17:41:08',NULL),(58,'2020-07-11 01:45:05',74,615,'Nullam vitae diam. Proin dolor. Nulla semper tellus id',74,NULL,'2021-03-14 17:41:08','2021-03-14 17:41:08',NULL),(59,'2020-09-23 00:09:47',69,1194,'dui. Fusce diam nunc, ullamcorper eu, euismod ac,',69,NULL,'2021-03-14 17:41:08','2021-03-14 17:41:08',NULL),(60,'2020-10-12 01:26:00',34,5118,'dictum eu, eleifend nec,',34,NULL,'2021-03-14 17:41:08','2021-03-14 17:41:08',NULL),(61,'2021-07-28 05:41:38',17,3347,'venenatis vel,',97,NULL,'2021-03-14 17:41:08','2021-03-14 17:41:08',NULL),(62,'2020-07-27 10:51:06',30,2250,'Proin sed turpis nec',30,NULL,'2021-03-14 17:41:08','2021-03-14 17:41:08',NULL),(63,'2021-03-18 12:35:01',64,3335,'Cras dolor dolor, tempus non, lacinia at, iaculis quis, pede.',64,NULL,'2021-03-14 17:41:08','2021-03-14 17:41:08',NULL),(64,'2021-07-26 23:10:30',33,3405,'fermentum',33,NULL,'2021-03-14 17:41:08','2021-03-14 17:41:08',NULL),(65,'2021-04-10 16:33:46',30,4403,'eu lacus. Quisque imperdiet, erat nonummy ultricies ornare, elit',30,NULL,'2021-03-14 17:41:08','2021-03-14 17:41:08',NULL),(66,'2021-06-29 01:47:15',11,2214,'penatibus',11,NULL,'2021-03-14 17:41:08','2021-03-14 17:41:08',NULL),(67,'2020-07-05 10:21:17',65,3202,'enim, sit amet ornare lectus justo eu',65,NULL,'2021-03-14 17:41:08','2021-03-14 17:41:08',NULL),(68,'2021-04-19 15:48:58',34,1446,'Donec dignissim magna',34,NULL,'2021-03-14 17:41:08','2021-03-14 17:41:08',NULL),(69,'2021-12-30 03:35:53',16,4292,'nonummy',16,NULL,'2021-03-14 17:41:08','2021-03-14 17:41:08',NULL),(70,'2022-02-01 08:52:42',33,4456,'justo. Proin non massa non ante',33,NULL,'2021-03-14 17:41:08','2021-03-14 17:41:08',NULL),(71,'2020-02-05 07:22:38',67,5961,'augue id ante',67,NULL,'2021-03-14 17:41:08','2021-03-14 17:41:08',NULL),(72,'2020-02-18 19:30:29',56,2659,'Sed',56,NULL,'2021-03-14 17:41:08','2021-03-14 17:41:08',NULL),(73,'2021-06-20 00:03:32',12,2599,'Sed pharetra, felis eget varius ultrices, mauris',12,NULL,'2021-03-14 17:41:08','2021-03-14 17:41:08',NULL),(74,'2020-08-12 09:48:16',42,6073,'eu elit. Nulla facilisi. Sed neque.',42,NULL,'2021-03-14 17:41:08','2021-03-14 17:41:08',NULL),(75,'2020-04-29 23:58:33',49,3003,'non',99,NULL,'2021-03-14 17:41:08','2021-03-14 17:41:08',NULL),(76,'2021-02-19 18:49:06',39,3560,'faucibus. Morbi vehicula. Pellentesque tincidunt tempus',39,NULL,'2021-03-14 17:41:08','2021-03-14 17:41:08',NULL),(77,'2021-12-22 17:46:38',23,3320,'egestas a, dui. Cras pellentesque.',23,NULL,'2021-03-14 17:41:08','2021-03-14 17:41:08',NULL),(78,'2021-04-24 00:35:59',68,448,'In mi pede,',68,NULL,'2021-03-14 17:41:08','2021-03-14 17:41:08',NULL),(79,'2021-10-11 03:15:37',8,4404,'arcu. Vestibulum ut eros non enim commodo hendrerit.',8,NULL,'2021-03-14 17:41:08','2021-03-14 17:41:08',NULL),(80,'2020-07-09 14:36:37',34,5429,'scelerisque sed, sapien. Nunc',95,NULL,'2021-03-14 17:41:08','2021-03-14 17:41:08',NULL),(81,'2020-07-25 11:19:44',20,6114,'quam a felis ullamcorper viverra. Maecenas iaculis aliquet diam. Sed',20,NULL,'2021-03-14 17:41:08','2021-03-14 17:41:08',NULL),(82,'2020-04-21 15:25:33',32,6190,'dolor sit amet, consectetuer adipiscing elit. Aliquam',32,NULL,'2021-03-14 17:41:08','2021-03-14 17:41:08',NULL),(83,'2021-09-13 08:20:26',44,1614,'sed, sapien. Nunc pulvinar arcu et pede. Nunc sed orci',44,NULL,'2021-03-14 17:41:08','2021-03-14 17:41:08',NULL),(84,'2020-06-14 17:11:27',56,4918,'risus varius orci, in consequat enim',84,NULL,'2021-03-14 17:41:08','2021-03-14 17:41:08',NULL),(85,'2021-10-09 12:09:42',71,6902,'a neque. Nullam ut nisi a odio',71,NULL,'2021-03-14 17:41:08','2021-03-14 17:41:08',NULL),(86,'2021-11-01 06:12:27',35,3773,'mauris sit',35,NULL,'2021-03-14 17:41:08','2021-03-14 17:41:08',NULL),(87,'2020-08-30 23:12:16',16,1748,'vitae, orci. Phasellus dapibus',16,NULL,'2021-03-14 17:41:08','2021-03-14 17:41:08',NULL),(88,'2020-12-19 18:31:40',11,3026,'erat vel',11,NULL,'2021-03-14 17:41:08','2021-03-14 17:41:08',NULL),(89,'2021-05-16 05:59:37',36,4373,'malesuada vel,',36,NULL,'2021-03-14 17:41:08','2021-03-14 17:41:08',NULL),(90,'2021-01-31 14:31:24',77,6996,'Nulla semper tellus',77,NULL,'2021-03-14 17:41:08','2021-03-14 17:41:08',NULL),(91,'2020-10-09 01:40:19',38,3772,'orci luctus et ultrices posuere cubilia Curae; Phasellus ornare. Fusce',38,NULL,'2021-03-14 17:41:08','2021-03-14 17:41:08',NULL),(92,'2021-05-23 18:56:14',29,1740,'eu nulla at sem molestie sodales. Mauris blandit enim consequat',29,NULL,'2021-03-14 17:41:08','2021-03-14 17:41:08',NULL),(93,'2021-10-26 23:14:35',10,175,'vitae purus gravida sagittis. Duis gravida.',10,NULL,'2021-03-14 17:41:08','2021-03-14 17:41:08',NULL),(94,'2022-01-05 02:05:13',49,3065,'mauris, rhoncus id, mollis nec, cursus',49,NULL,'2021-03-14 17:41:08','2021-03-14 17:41:08',NULL),(95,'2020-07-30 15:38:56',22,3336,'consectetuer',22,NULL,'2021-03-14 17:41:08','2021-03-14 17:41:08',NULL),(96,'2022-01-05 08:33:05',40,5748,'semper',40,NULL,'2021-03-14 17:41:08','2021-03-14 17:41:08',NULL),(97,'2021-02-19 13:58:01',18,2355,'rhoncus. Donec est. Nunc ullamcorper, velit in aliquet lobortis,',18,NULL,'2021-03-14 17:41:08','2021-03-14 17:41:08',NULL),(98,'2021-02-10 10:18:05',17,893,'neque sed sem egestas blandit. Nam nulla magna, malesuada',97,NULL,'2021-03-14 17:41:08','2021-03-14 17:41:08',NULL),(99,'2020-05-24 13:47:40',29,5908,'sem eget massa. Suspendisse eleifend. Cras sed leo. Cras',29,NULL,'2021-03-14 17:41:08','2021-03-14 17:41:08',NULL),(100,'2021-05-01 13:46:18',36,1386,'Vivamus nibh dolor, nonummy',36,NULL,'2021-03-14 17:41:08','2021-03-14 17:41:08',NULL);
/*!40000 ALTER TABLE `logflight` ENABLE KEYS */;
UNLOCK TABLES;

--
-- Table structure for table `logpart`
--

DROP TABLE IF EXISTS `logpart`;
/*!40101 SET @saved_cs_client     = @@character_set_client */;
/*!40101 SET character_set_client = utf8 */;
CREATE TABLE `logpart` (
  `id` bigint(20) unsigned NOT NULL AUTO_INCREMENT,
  `log_date` timestamp NULL DEFAULT NULL,
  `quadcopter_id` bigint(20) unsigned NOT NULL,
  `part_id` bigint(20) unsigned NOT NULL,
  `logpartaction_id` bigint(20) unsigned NOT NULL,
  `note` text DEFAULT NULL,
  `created_at` timestamp NOT NULL DEFAULT current_timestamp(),
  `updated_at` timestamp NOT NULL DEFAULT current_timestamp() ON UPDATE current_timestamp(),
  `deleted_at` timestamp NULL DEFAULT NULL,
  PRIMARY KEY (`id`),
  KEY `logpart_quadcopter_id_foreign` (`quadcopter_id`),
  KEY `logpart_part_id_foreign` (`part_id`),
  KEY `logpart_logpartaction_id_foreign` (`logpartaction_id`),
  CONSTRAINT `logpart_logpartaction_id_foreign` FOREIGN KEY (`logpartaction_id`) REFERENCES `logpartaction` (`id`),
  CONSTRAINT `logpart_part_id_foreign` FOREIGN KEY (`part_id`) REFERENCES `part` (`id`),
  CONSTRAINT `logpart_quadcopter_id_foreign` FOREIGN KEY (`quadcopter_id`) REFERENCES `quadcopter` (`id`)
) ENGINE=InnoDB AUTO_INCREMENT=101 DEFAULT CHARSET=utf8mb4;
/*!40101 SET character_set_client = @saved_cs_client */;

--
-- Dumping data for table `logpart`
--

LOCK TABLES `logpart` WRITE;
/*!40000 ALTER TABLE `logpart` DISABLE KEYS */;
INSERT INTO `logpart` VALUES (1,'2020-08-15 07:05:33',65,665,1,'Pellentesque ultricies dignissim','2021-03-14 17:41:10','2021-03-14 17:41:10',NULL),(2,'2020-10-04 11:37:43',88,988,3,'accumsan sed, facilisis vitae, orci. Phasellus dapibus quam','2021-03-14 17:41:10','2021-03-14 17:41:10',NULL),(3,'2021-07-12 16:16:00',56,1356,1,'ornare placerat, orci lacus vestibulum lorem, sit amet ultricies sem','2021-03-14 17:41:10','2021-03-14 17:41:10',NULL),(4,'2020-06-07 03:00:21',100,2200,1,'accumsan convallis, ante lectus convallis est, vitae','2021-03-14 17:41:10','2021-03-14 17:41:10',NULL),(5,'2020-02-19 23:06:00',31,2231,2,'orci luctus et','2021-03-14 17:41:10','2021-03-14 17:41:10',NULL),(6,'2020-05-29 14:37:26',28,428,1,'ut','2021-03-14 17:41:10','2021-03-14 17:41:10',NULL),(7,'2021-11-26 20:47:28',86,1586,3,'dolor. Nulla semper tellus id nunc interdum feugiat. Sed nec','2021-03-14 17:41:10','2021-03-14 17:41:10',NULL),(8,'2020-05-21 04:17:43',54,1054,1,'dictum eu, eleifend nec, malesuada ut, sem. Nulla interdum.','2021-03-14 17:41:10','2021-03-14 17:41:10',NULL),(9,'2020-05-27 16:17:40',28,2128,3,'non','2021-03-14 17:41:10','2021-03-14 17:41:10',NULL),(10,'2021-05-20 03:04:55',46,446,1,'Cum sociis','2021-03-14 17:41:10','2021-03-14 17:41:10',NULL),(11,'2021-03-02 05:12:31',99,1099,2,'commodo hendrerit. Donec porttitor tellus non magna. Nam ligula','2021-03-14 17:41:10','2021-03-14 17:41:10',NULL),(12,'2021-10-08 10:28:24',74,874,1,'viverra. Donec tempus,','2021-03-14 17:41:10','2021-03-14 17:41:10',NULL),(13,'2021-10-08 07:45:42',37,2037,3,'eu lacus. Quisque imperdiet,','2021-03-14 17:41:10','2021-03-14 17:41:10',NULL),(14,'2020-03-19 11:41:25',21,321,3,'Lorem ipsum dolor sit','2021-03-14 17:41:10','2021-03-14 17:41:10',NULL),(15,'2021-08-12 17:22:31',75,575,2,'luctus felis purus ac tellus. Suspendisse sed','2021-03-14 17:41:10','2021-03-14 17:41:10',NULL),(16,'2020-08-15 19:19:30',35,535,2,'orci sem eget massa. Suspendisse eleifend.','2021-03-14 17:41:10','2021-03-14 17:41:10',NULL),(17,'2020-07-19 16:43:29',81,281,1,'natoque penatibus et magnis dis parturient montes, nascetur','2021-03-14 17:41:10','2021-03-14 17:41:10',NULL),(18,'2020-07-19 05:22:42',23,823,2,'risus. Donec egestas. Duis ac arcu. Nunc mauris. Morbi','2021-03-14 17:41:10','2021-03-14 17:41:10',NULL),(19,'2021-10-05 22:41:53',77,1277,3,'diam luctus lobortis. Class aptent taciti','2021-03-14 17:41:10','2021-03-14 17:41:10',NULL),(20,'2021-05-28 13:15:03',31,1531,3,'tellus. Phasellus elit pede, malesuada vel,','2021-03-14 17:41:10','2021-03-14 17:41:10',NULL),(21,'2021-02-17 14:08:51',92,92,1,'luctus lobortis. Class aptent','2021-03-14 17:41:10','2021-03-14 17:41:10',NULL),(22,'2021-04-21 15:53:38',60,2060,2,'nisi dictum augue malesuada malesuada. Integer id magna et','2021-03-14 17:41:10','2021-03-14 17:41:10',NULL),(23,'2020-12-04 08:46:44',92,1592,2,'lobortis, nisi nibh lacinia orci, consectetuer euismod est','2021-03-14 17:41:10','2021-03-14 17:41:10',NULL),(24,'2021-11-12 15:22:17',3,703,2,'lectus','2021-03-14 17:41:10','2021-03-14 17:41:10',NULL),(25,'2021-03-02 16:19:23',86,2186,2,'lorem ipsum sodales purus,','2021-03-14 17:41:10','2021-03-14 17:41:10',NULL),(26,'2020-03-26 04:06:56',17,717,2,'auctor ullamcorper, nisl arcu','2021-03-14 17:41:10','2021-03-14 17:41:10',NULL),(27,'2021-04-03 23:50:30',93,193,2,'luctus ut, pellentesque eget, dictum','2021-03-14 17:41:10','2021-03-14 17:41:10',NULL),(28,'2021-09-07 09:26:20',52,652,2,'Aenean eget magna. Suspendisse tristique neque venenatis lacus. Etiam','2021-03-14 17:41:10','2021-03-14 17:41:10',NULL),(29,'2020-08-22 10:53:37',94,2294,1,'et netus et malesuada fames ac','2021-03-14 17:41:10','2021-03-14 17:41:10',NULL),(30,'2022-02-03 07:09:14',72,1572,2,'libero. Morbi accumsan laoreet ipsum. Curabitur consequat, lectus sit','2021-03-14 17:41:10','2021-03-14 17:41:10',NULL),(31,'2021-02-06 23:52:12',6,6,2,'tempor diam dictum sapien. Aenean massa.','2021-03-14 17:41:10','2021-03-14 17:41:10',NULL),(32,'2021-04-22 04:30:18',86,2086,3,'amet luctus vulputate, nisi','2021-03-14 17:41:10','2021-03-14 17:41:10',NULL),(33,'2021-12-27 22:19:54',27,127,1,'amet lorem semper auctor. Mauris vel','2021-03-14 17:41:10','2021-03-14 17:41:10',NULL),(34,'2021-10-16 11:15:33',4,604,2,'amet luctus vulputate, nisi sem semper','2021-03-14 17:41:10','2021-03-14 17:41:10',NULL),(35,'2020-08-20 11:55:10',91,791,3,'erat volutpat. Nulla dignissim. Maecenas ornare egestas ligula.','2021-03-14 17:41:10','2021-03-14 17:41:10',NULL),(36,'2020-06-22 10:03:04',68,868,1,'sollicitudin a, malesuada','2021-03-14 17:41:10','2021-03-14 17:41:10',NULL),(37,'2020-08-15 01:45:48',50,550,3,'posuere, enim','2021-03-14 17:41:10','2021-03-14 17:41:10',NULL),(38,'2020-02-22 05:20:43',21,921,1,'Nullam velit dui, semper et,','2021-03-14 17:41:10','2021-03-14 17:41:10',NULL),(39,'2020-06-28 21:42:32',11,1611,2,'pede.','2021-03-14 17:41:10','2021-03-14 17:41:10',NULL),(40,'2020-10-30 03:37:07',51,251,2,'dolor vitae dolor. Donec fringilla. Donec','2021-03-14 17:41:10','2021-03-14 17:41:10',NULL),(41,'2020-09-28 13:12:37',20,1420,3,'Ut tincidunt orci quis lectus.','2021-03-14 17:41:10','2021-03-14 17:41:10',NULL),(42,'2020-06-05 06:01:23',1,2001,1,'gravida nunc sed pede. Cum','2021-03-14 17:41:10','2021-03-14 17:41:10',NULL),(43,'2021-08-02 14:34:57',66,1166,3,'a, scelerisque sed, sapien. Nunc pulvinar arcu','2021-03-14 17:41:10','2021-03-14 17:41:10',NULL),(44,'2021-12-04 13:57:54',27,1327,3,'hendrerit neque. In ornare sagittis felis.','2021-03-14 17:41:10','2021-03-14 17:41:10',NULL),(45,'2022-01-21 12:12:19',60,660,1,'justo','2021-03-14 17:41:10','2021-03-14 17:41:10',NULL),(46,'2021-11-25 04:22:46',51,1751,2,'nec quam. Curabitur vel lectus. Cum sociis natoque','2021-03-14 17:41:10','2021-03-14 17:41:10',NULL),(47,'2021-09-26 00:08:06',11,711,3,'Curabitur egestas nunc sed libero.','2021-03-14 17:41:10','2021-03-14 17:41:10',NULL),(48,'2021-02-08 18:44:37',10,610,2,'eget mollis lectus pede et risus. Quisque','2021-03-14 17:41:10','2021-03-14 17:41:10',NULL),(49,'2021-06-20 07:39:04',21,1821,2,'sem magna nec quam. Curabitur vel lectus. Cum','2021-03-14 17:41:10','2021-03-14 17:41:10',NULL),(50,'2020-03-17 19:57:52',71,2071,1,'mattis. Cras eget nisi dictum augue malesuada malesuada. Integer id','2021-03-14 17:41:10','2021-03-14 17:41:10',NULL),(51,'2020-07-08 23:11:26',47,747,1,'tristique neque venenatis lacus. Etiam','2021-03-14 17:41:10','2021-03-14 17:41:10',NULL),(52,'2021-01-21 19:23:26',43,1143,2,'iaculis quis,','2021-03-14 17:41:10','2021-03-14 17:41:10',NULL),(53,'2021-09-29 12:30:38',53,1053,3,'Proin velit. Sed malesuada augue ut lacus. Nulla tincidunt, neque','2021-03-14 17:41:10','2021-03-14 17:41:10',NULL),(54,'2022-01-25 12:28:59',65,965,1,'at, velit. Cras lorem','2021-03-14 17:41:10','2021-03-14 17:41:10',NULL),(55,'2021-06-23 08:38:34',21,721,2,'fringilla mi lacinia mattis. Integer eu lacus.','2021-03-14 17:41:10','2021-03-14 17:41:10',NULL),(56,'2021-08-15 14:30:46',49,149,1,'ut, pharetra sed, hendrerit a, arcu.','2021-03-14 17:41:10','2021-03-14 17:41:10',NULL),(57,'2020-09-20 16:03:48',69,1069,3,'metus. In nec orci. Donec nibh. Quisque nonummy','2021-03-14 17:41:10','2021-03-14 17:41:10',NULL),(58,'2021-03-01 15:33:33',31,831,1,'dictum sapien. Aenean massa. Integer vitae nibh. Donec','2021-03-14 17:41:10','2021-03-14 17:41:10',NULL),(59,'2020-09-09 15:23:24',98,1098,1,'aliquet,','2021-03-14 17:41:10','2021-03-14 17:41:10',NULL),(60,'2020-04-08 02:48:35',70,1770,1,'urna. Nullam lobortis quam a felis ullamcorper','2021-03-14 17:41:10','2021-03-14 17:41:10',NULL),(61,'2021-12-23 23:19:53',57,157,2,'dolor. Quisque tincidunt pede ac urna. Ut tincidunt vehicula','2021-03-14 17:41:10','2021-03-14 17:41:10',NULL),(62,'2021-01-30 18:43:17',86,1586,2,'elementum at, egestas a, scelerisque sed, sapien. Nunc pulvinar arcu','2021-03-14 17:41:10','2021-03-14 17:41:10',NULL),(63,'2020-12-07 21:17:47',65,65,2,'nonummy ut, molestie in,','2021-03-14 17:41:10','2021-03-14 17:41:10',NULL),(64,'2021-09-17 14:12:28',41,441,2,'nulla ante, iaculis nec, eleifend non, dapibus rutrum,','2021-03-14 17:41:10','2021-03-14 17:41:10',NULL),(65,'2021-05-27 00:20:05',82,82,3,'congue a, aliquet vel, vulputate eu, odio. Phasellus','2021-03-14 17:41:10','2021-03-14 17:41:10',NULL),(66,'2020-11-15 07:19:35',73,1273,2,'eget tincidunt dui augue eu tellus. Phasellus elit pede,','2021-03-14 17:41:10','2021-03-14 17:41:10',NULL),(67,'2020-05-23 00:26:22',35,1235,2,'nulla. Integer vulputate, risus a ultricies adipiscing, enim mi','2021-03-14 17:41:10','2021-03-14 17:41:10',NULL),(68,'2020-07-18 02:04:45',38,738,2,'Vivamus non lorem vitae odio','2021-03-14 17:41:10','2021-03-14 17:41:10',NULL),(69,'2020-08-03 08:58:54',99,699,2,'convallis dolor. Quisque','2021-03-14 17:41:10','2021-03-14 17:41:10',NULL),(70,'2021-08-04 17:13:43',77,1477,1,'id magna et ipsum cursus vestibulum. Mauris magna. Duis','2021-03-14 17:41:10','2021-03-14 17:41:10',NULL),(71,'2020-11-05 04:58:44',41,1241,1,'Ut tincidunt vehicula risus. Nulla eget','2021-03-14 17:41:10','2021-03-14 17:41:10',NULL),(72,'2020-02-10 20:39:42',28,928,2,'aliquam, enim nec tempus scelerisque, lorem','2021-03-14 17:41:10','2021-03-14 17:41:10',NULL),(73,'2020-08-05 00:29:50',59,1959,3,'aliquam arcu. Aliquam ultrices iaculis odio. Nam interdum','2021-03-14 17:41:10','2021-03-14 17:41:10',NULL),(74,'2022-01-31 14:15:38',12,1712,3,'neque','2021-03-14 17:41:10','2021-03-14 17:41:10',NULL),(75,'2020-12-12 21:06:34',92,192,2,'odio. Aliquam vulputate ullamcorper magna. Sed eu eros.','2021-03-14 17:41:10','2021-03-14 17:41:10',NULL),(76,'2021-06-10 05:46:37',75,675,1,'Phasellus dolor elit, pellentesque a,','2021-03-14 17:41:10','2021-03-14 17:41:10',NULL),(77,'2020-07-28 21:28:19',65,1465,1,'lorem ac risus. Morbi metus. Vivamus euismod urna. Nullam lobortis','2021-03-14 17:41:10','2021-03-14 17:41:10',NULL),(78,'2020-11-17 11:41:40',79,1579,1,'pharetra sed, hendrerit a, arcu. Sed et libero.','2021-03-14 17:41:10','2021-03-14 17:41:10',NULL),(79,'2020-06-02 20:33:24',98,698,2,'convallis ligula. Donec luctus aliquet odio.','2021-03-14 17:41:10','2021-03-14 17:41:10',NULL),(80,'2021-10-24 15:01:51',14,914,2,'tincidunt, nunc ac mattis ornare, lectus ante dictum','2021-03-14 17:41:10','2021-03-14 17:41:10',NULL),(81,'2021-07-08 14:49:49',47,1447,1,'Quisque fringilla euismod enim. Etiam gravida molestie arcu. Sed','2021-03-14 17:41:10','2021-03-14 17:41:10',NULL),(82,'2020-06-09 20:50:43',52,1852,3,'pede ac urna. Ut tincidunt vehicula risus.','2021-03-14 17:41:10','2021-03-14 17:41:10',NULL),(83,'2020-11-21 23:36:06',66,466,2,'hendrerit. Donec porttitor tellus non magna. Nam','2021-03-14 17:41:10','2021-03-14 17:41:10',NULL),(84,'2020-11-26 15:05:06',4,1204,2,'mauris elit, dictum eu,','2021-03-14 17:41:10','2021-03-14 17:41:10',NULL),(85,'2021-04-30 20:39:02',28,2128,3,'Integer id magna et','2021-03-14 17:41:10','2021-03-14 17:41:10',NULL),(86,'2020-11-26 18:24:14',25,1625,1,'Ut nec urna et arcu imperdiet ullamcorper. Duis at lacus.','2021-03-14 17:41:10','2021-03-14 17:41:10',NULL),(87,'2021-02-11 12:21:25',58,1558,3,'metus sit amet ante. Vivamus non lorem vitae odio','2021-03-14 17:41:10','2021-03-14 17:41:10',NULL),(88,'2021-09-23 23:27:58',18,18,2,'metus vitae velit egestas lacinia.','2021-03-14 17:41:10','2021-03-14 17:41:10',NULL),(89,'2021-07-29 20:35:03',60,1060,3,'eu odio tristique pharetra. Quisque','2021-03-14 17:41:10','2021-03-14 17:41:10',NULL),(90,'2020-05-28 11:03:02',20,120,1,'Cras interdum. Nunc sollicitudin commodo ipsum.','2021-03-14 17:41:10','2021-03-14 17:41:10',NULL),(91,'2021-08-31 03:45:22',94,1594,2,'odio sagittis semper. Nam tempor diam dictum','2021-03-14 17:41:10','2021-03-14 17:41:10',NULL),(92,'2020-12-04 09:35:39',51,1051,2,'orci luctus et ultrices posuere','2021-03-14 17:41:10','2021-03-14 17:41:10',NULL),(93,'2021-11-22 07:27:23',73,1173,2,'ipsum non arcu. Vivamus sit','2021-03-14 17:41:10','2021-03-14 17:41:10',NULL),(94,'2021-09-15 06:39:51',92,92,3,'hymenaeos. Mauris ut quam vel sapien','2021-03-14 17:41:10','2021-03-14 17:41:10',NULL),(95,'2021-04-14 03:43:02',65,1365,1,'libero nec ligula consectetuer rhoncus.','2021-03-14 17:41:10','2021-03-14 17:41:10',NULL),(96,'2020-11-30 22:51:35',45,1245,2,'pede ac urna. Ut tincidunt vehicula risus.','2021-03-14 17:41:10','2021-03-14 17:41:10',NULL),(97,'2021-04-08 21:47:56',89,889,1,'risus, at','2021-03-14 17:41:10','2021-03-14 17:41:10',NULL),(98,'2020-05-12 01:21:19',54,1854,2,'tristique neque venenatis lacus. Etiam','2021-03-14 17:41:10','2021-03-14 17:41:10',NULL),(99,'2021-08-30 09:53:19',66,1766,3,'sed, est. Nunc laoreet lectus quis massa. Mauris','2021-03-14 17:41:10','2021-03-14 17:41:10',NULL),(100,'2021-09-10 18:34:13',66,1066,1,'Fusce','2021-03-14 17:41:10','2021-03-14 17:41:10',NULL);
/*!40000 ALTER TABLE `logpart` ENABLE KEYS */;
UNLOCK TABLES;

--
-- Table structure for table `logpartaction`
--

DROP TABLE IF EXISTS `logpartaction`;
/*!40101 SET @saved_cs_client     = @@character_set_client */;
/*!40101 SET character_set_client = utf8 */;
CREATE TABLE `logpartaction` (
  `id` bigint(20) unsigned NOT NULL AUTO_INCREMENT,
  `name` varchar(255) NOT NULL,
  `description` text DEFAULT NULL,
  `created_at` timestamp NOT NULL DEFAULT current_timestamp(),
  `updated_at` timestamp NOT NULL DEFAULT current_timestamp() ON UPDATE current_timestamp(),
  PRIMARY KEY (`id`)
) ENGINE=InnoDB AUTO_INCREMENT=4 DEFAULT CHARSET=utf8mb4;
/*!40101 SET character_set_client = @saved_cs_client */;

--
-- Dumping data for table `logpartaction`
--

LOCK TABLES `logpartaction` WRITE;
/*!40000 ALTER TABLE `logpartaction` DISABLE KEYS */;
INSERT INTO `logpartaction` VALUES (1,'Added','Added to the quadcopter','2021-03-14 17:41:08','2021-03-14 17:41:08'),(2,'Removed','Removed from the quadcopter','2021-03-14 17:41:08','2021-03-14 17:41:08'),(3,'Retired','Non working / unsecure part flagged as unusable.','2021-03-14 17:41:08','2021-03-14 17:41:08');
/*!40000 ALTER TABLE `logpartaction` ENABLE KEYS */;
UNLOCK TABLES;

--
-- Table structure for table `part`
--

DROP TABLE IF EXISTS `part`;
/*!40101 SET @saved_cs_client     = @@character_set_client */;
/*!40101 SET character_set_client = utf8 */;
CREATE TABLE `part` (
  `id` bigint(20) unsigned NOT NULL AUTO_INCREMENT,
  `name` varchar(255) NOT NULL,
  `description` text DEFAULT NULL,
  `parttype_id` bigint(20) unsigned NOT NULL,
  `quadcopter_id` bigint(20) unsigned NOT NULL,
  `created_at` timestamp NOT NULL DEFAULT current_timestamp(),
  `updated_at` timestamp NOT NULL DEFAULT current_timestamp() ON UPDATE current_timestamp(),
  PRIMARY KEY (`id`),
  KEY `part_parttype_id_foreign` (`parttype_id`),
  KEY `part_quadcopter_id_foreign` (`quadcopter_id`),
  CONSTRAINT `part_parttype_id_foreign` FOREIGN KEY (`parttype_id`) REFERENCES `parttype` (`id`),
  CONSTRAINT `part_quadcopter_id_foreign` FOREIGN KEY (`quadcopter_id`) REFERENCES `quadcopter` (`id`)
) ENGINE=InnoDB AUTO_INCREMENT=2301 DEFAULT CHARSET=utf8mb4;
/*!40101 SET character_set_client = @saved_cs_client */;

--
-- Dumping data for table `part`
--

LOCK TABLES `part` WRITE;
/*!40000 ALTER TABLE `part` DISABLE KEYS */;
INSERT INTO `part` VALUES (1,'Antenna-1','neque sed sem egestas blandit.',12,1,'2021-03-14 17:41:08','2021-03-14 17:41:08'),(2,'Antenna-2','magnis',12,2,'2021-03-14 17:41:08','2021-03-14 17:41:08'),(3,'Antenna-3','posuere, enim nisl',12,3,'2021-03-14 17:41:08','2021-03-14 17:41:08'),(4,'Antenna-4','neque et nunc. Quisque ornare tortor at risus. Nunc',12,4,'2021-03-14 17:41:08','2021-03-14 17:41:08'),(5,'Antenna-5','eget tincidunt dui augue',12,5,'2021-03-14 17:41:08','2021-03-14 17:41:08'),(6,'Antenna-6','vitae semper egestas, urna justo faucibus lectus, a sollicitudin orci',12,6,'2021-03-14 17:41:08','2021-03-14 17:41:08'),(7,'Antenna-7','dolor egestas rhoncus. Proin nisl sem, consequat',12,7,'2021-03-14 17:41:08','2021-03-14 17:41:08'),(8,'Antenna-8','non, egestas a, dui. Cras pellentesque. Sed dictum.',12,8,'2021-03-14 17:41:08','2021-03-14 17:41:08'),(9,'Antenna-9','dolor. Nulla semper tellus id nunc interdum feugiat. Sed',12,9,'2021-03-14 17:41:08','2021-03-14 17:41:08'),(10,'Antenna-10','orci sem',12,10,'2021-03-14 17:41:08','2021-03-14 17:41:08'),(11,'Antenna-11','taciti',12,11,'2021-03-14 17:41:08','2021-03-14 17:41:08'),(12,'Antenna-12','pretium neque. Morbi quis urna. Nunc quis',12,12,'2021-03-14 17:41:08','2021-03-14 17:41:08'),(13,'Antenna-13','dolor',12,13,'2021-03-14 17:41:08','2021-03-14 17:41:08'),(14,'Antenna-14','sed, sapien. Nunc pulvinar arcu et pede. Nunc',12,14,'2021-03-14 17:41:08','2021-03-14 17:41:08'),(15,'Antenna-15','porttitor interdum. Sed',12,15,'2021-03-14 17:41:08','2021-03-14 17:41:08'),(16,'Antenna-16','nascetur ridiculus mus. Proin vel nisl.',12,16,'2021-03-14 17:41:08','2021-03-14 17:41:08'),(17,'Antenna-17','aptent taciti sociosqu',12,17,'2021-03-14 17:41:08','2021-03-14 17:41:08'),(18,'Antenna-18','feugiat metus sit amet ante. Vivamus non lorem',12,18,'2021-03-14 17:41:08','2021-03-14 17:41:08'),(19,'Antenna-19','vitae velit egestas',12,19,'2021-03-14 17:41:08','2021-03-14 17:41:08'),(20,'Antenna-20','nec tempus',12,20,'2021-03-14 17:41:08','2021-03-14 17:41:08'),(21,'Antenna-21','luctus lobortis.',12,21,'2021-03-14 17:41:08','2021-03-14 17:41:08'),(22,'Antenna-22','vitae mauris sit amet lorem semper auctor.',12,22,'2021-03-14 17:41:08','2021-03-14 17:41:08'),(23,'Antenna-23','dolor. Fusce',12,23,'2021-03-14 17:41:08','2021-03-14 17:41:08'),(24,'Antenna-24','et netus et malesuada fames',12,24,'2021-03-14 17:41:08','2021-03-14 17:41:08'),(25,'Antenna-25','Pellentesque habitant morbi tristique senectus et netus et',12,25,'2021-03-14 17:41:08','2021-03-14 17:41:08'),(26,'Antenna-26','mi felis, adipiscing fringilla, porttitor vulputate, posuere',12,26,'2021-03-14 17:41:08','2021-03-14 17:41:08'),(27,'Antenna-27','eu enim.',12,27,'2021-03-14 17:41:08','2021-03-14 17:41:08'),(28,'Antenna-28','lobortis quis, pede. Suspendisse dui. Fusce diam',12,28,'2021-03-14 17:41:08','2021-03-14 17:41:08'),(29,'Antenna-29','Phasellus fermentum convallis ligula. Donec luctus aliquet odio.',12,29,'2021-03-14 17:41:08','2021-03-14 17:41:08'),(30,'Antenna-30','Nullam enim. Sed nulla ante, iaculis nec, eleifend non, dapibus',12,30,'2021-03-14 17:41:08','2021-03-14 17:41:08'),(31,'Antenna-31','Proin nisl sem, consequat nec, mollis vitae,',12,31,'2021-03-14 17:41:08','2021-03-14 17:41:08'),(32,'Antenna-32','elit. Etiam laoreet, libero',12,32,'2021-03-14 17:41:08','2021-03-14 17:41:08'),(33,'Antenna-33','blandit viverra.',12,33,'2021-03-14 17:41:08','2021-03-14 17:41:08'),(34,'Antenna-34','purus ac tellus.',12,34,'2021-03-14 17:41:08','2021-03-14 17:41:08'),(35,'Antenna-35','ipsum cursus vestibulum. Mauris magna. Duis dignissim tempor',12,35,'2021-03-14 17:41:08','2021-03-14 17:41:08'),(36,'Antenna-36','at, iaculis quis, pede.',12,36,'2021-03-14 17:41:08','2021-03-14 17:41:08'),(37,'Antenna-37','Donec felis',12,37,'2021-03-14 17:41:08','2021-03-14 17:41:08'),(38,'Antenna-38','dolor sit',12,38,'2021-03-14 17:41:08','2021-03-14 17:41:08'),(39,'Antenna-39','tellus. Nunc',12,39,'2021-03-14 17:41:08','2021-03-14 17:41:08'),(40,'Antenna-40','et, lacinia vitae,',12,40,'2021-03-14 17:41:08','2021-03-14 17:41:08'),(41,'Antenna-41','dictum ultricies ligula. Nullam',12,41,'2021-03-14 17:41:08','2021-03-14 17:41:08'),(42,'Antenna-42','Integer eu lacus. Quisque imperdiet, erat',12,42,'2021-03-14 17:41:08','2021-03-14 17:41:08'),(43,'Antenna-43','ornare egestas ligula. Nullam feugiat placerat velit. Quisque varius. Nam',12,43,'2021-03-14 17:41:08','2021-03-14 17:41:08'),(44,'Antenna-44','fames ac turpis egestas. Aliquam fringilla cursus purus. Nullam',12,44,'2021-03-14 17:41:08','2021-03-14 17:41:08'),(45,'Antenna-45','lobortis ultrices. Vivamus rhoncus.',12,45,'2021-03-14 17:41:08','2021-03-14 17:41:08'),(46,'Antenna-46','ac mi',12,46,'2021-03-14 17:41:08','2021-03-14 17:41:08'),(47,'Antenna-47','eget nisi dictum augue malesuada malesuada. Integer id',12,47,'2021-03-14 17:41:08','2021-03-14 17:41:08'),(48,'Antenna-48','odio. Phasellus',12,48,'2021-03-14 17:41:08','2021-03-14 17:41:08'),(49,'Antenna-49','neque',12,49,'2021-03-14 17:41:08','2021-03-14 17:41:08'),(50,'Antenna-50','Duis',12,50,'2021-03-14 17:41:08','2021-03-14 17:41:08'),(51,'Antenna-51','egestas nunc sed',12,51,'2021-03-14 17:41:08','2021-03-14 17:41:08'),(52,'Antenna-52','accumsan sed, facilisis vitae, orci. Phasellus dapibus quam',12,52,'2021-03-14 17:41:08','2021-03-14 17:41:08'),(53,'Antenna-53','aliquet lobortis, nisi nibh',12,53,'2021-03-14 17:41:08','2021-03-14 17:41:08'),(54,'Antenna-54','Donec consectetuer mauris id',12,54,'2021-03-14 17:41:08','2021-03-14 17:41:08'),(55,'Antenna-55','Aenean eget metus. In nec orci. Donec nibh.',12,55,'2021-03-14 17:41:08','2021-03-14 17:41:08'),(56,'Antenna-56','Proin',12,56,'2021-03-14 17:41:08','2021-03-14 17:41:08'),(57,'Antenna-57','massa rutrum magna. Cras convallis convallis dolor. Quisque tincidunt pede',12,57,'2021-03-14 17:41:08','2021-03-14 17:41:08'),(58,'Antenna-58','at, velit. Pellentesque ultricies dignissim',12,58,'2021-03-14 17:41:08','2021-03-14 17:41:08'),(59,'Antenna-59','arcu imperdiet ullamcorper. Duis at lacus. Quisque purus sapien,',12,59,'2021-03-14 17:41:08','2021-03-14 17:41:08'),(60,'Antenna-60','Morbi sit amet massa.',12,60,'2021-03-14 17:41:08','2021-03-14 17:41:08'),(61,'Antenna-61','velit eu sem. Pellentesque ut ipsum ac mi eleifend egestas.',12,61,'2021-03-14 17:41:08','2021-03-14 17:41:08'),(62,'Antenna-62','ornare. In faucibus. Morbi vehicula. Pellentesque',12,62,'2021-03-14 17:41:08','2021-03-14 17:41:08'),(63,'Antenna-63','dictum cursus. Nunc mauris elit, dictum eu, eleifend',12,63,'2021-03-14 17:41:08','2021-03-14 17:41:08'),(64,'Antenna-64','tellus faucibus leo, in lobortis tellus justo sit amet',12,64,'2021-03-14 17:41:08','2021-03-14 17:41:08'),(65,'Antenna-65','penatibus et magnis dis parturient montes, nascetur',12,65,'2021-03-14 17:41:08','2021-03-14 17:41:08'),(66,'Antenna-66','euismod mauris eu elit. Nulla',12,66,'2021-03-14 17:41:08','2021-03-14 17:41:08'),(67,'Antenna-67','Donec tempus, lorem',12,67,'2021-03-14 17:41:08','2021-03-14 17:41:08'),(68,'Antenna-68','scelerisque sed, sapien. Nunc pulvinar arcu et pede. Nunc sed',12,68,'2021-03-14 17:41:08','2021-03-14 17:41:08'),(69,'Antenna-69','augue',12,69,'2021-03-14 17:41:08','2021-03-14 17:41:08'),(70,'Antenna-70','vel, vulputate eu, odio. Phasellus',12,70,'2021-03-14 17:41:08','2021-03-14 17:41:08'),(71,'Antenna-71','velit. Quisque varius. Nam porttitor',12,71,'2021-03-14 17:41:08','2021-03-14 17:41:08'),(72,'Antenna-72','neque sed sem egestas blandit. Nam nulla magna, malesuada vel,',12,72,'2021-03-14 17:41:08','2021-03-14 17:41:08'),(73,'Antenna-73','magna nec quam. Curabitur vel lectus. Cum',12,73,'2021-03-14 17:41:08','2021-03-14 17:41:08'),(74,'Antenna-74','diam. Proin dolor. Nulla semper tellus id nunc',12,74,'2021-03-14 17:41:08','2021-03-14 17:41:08'),(75,'Antenna-75','sed turpis nec mauris',12,75,'2021-03-14 17:41:08','2021-03-14 17:41:08'),(76,'Antenna-76','risus. Quisque libero lacus, varius et,',12,76,'2021-03-14 17:41:08','2021-03-14 17:41:08'),(77,'Antenna-77','scelerisque neque sed sem egestas blandit. Nam',12,77,'2021-03-14 17:41:08','2021-03-14 17:41:08'),(78,'Antenna-78','tempus',12,78,'2021-03-14 17:41:08','2021-03-14 17:41:08'),(79,'Antenna-79','felis orci, adipiscing non, luctus sit amet, faucibus ut, nulla.',12,79,'2021-03-14 17:41:08','2021-03-14 17:41:08'),(80,'Antenna-80','magna. Nam ligula',12,80,'2021-03-14 17:41:08','2021-03-14 17:41:08'),(81,'Antenna-81','lobortis mauris. Suspendisse aliquet molestie tellus.',12,81,'2021-03-14 17:41:08','2021-03-14 17:41:08'),(82,'Antenna-82','Ut semper',12,82,'2021-03-14 17:41:08','2021-03-14 17:41:08'),(83,'Antenna-83','augue porttitor interdum. Sed auctor odio a purus. Duis elementum,',12,83,'2021-03-14 17:41:08','2021-03-14 17:41:08'),(84,'Antenna-84','molestie in, tempus eu, ligula. Aenean euismod mauris',12,84,'2021-03-14 17:41:08','2021-03-14 17:41:08'),(85,'Antenna-85','justo',12,85,'2021-03-14 17:41:09','2021-03-14 17:41:09'),(86,'Antenna-86','dolor. Nulla semper tellus id nunc interdum feugiat.',12,86,'2021-03-14 17:41:09','2021-03-14 17:41:09'),(87,'Antenna-87','euismod urna. Nullam lobortis quam a felis ullamcorper viverra.',12,87,'2021-03-14 17:41:09','2021-03-14 17:41:09'),(88,'Antenna-88','In mi pede, nonummy',12,88,'2021-03-14 17:41:09','2021-03-14 17:41:09'),(89,'Antenna-89','commodo auctor velit. Aliquam',12,89,'2021-03-14 17:41:09','2021-03-14 17:41:09'),(90,'Antenna-90','blandit. Nam nulla',12,90,'2021-03-14 17:41:09','2021-03-14 17:41:09'),(91,'Antenna-91','sem. Pellentesque ut ipsum ac mi',12,91,'2021-03-14 17:41:09','2021-03-14 17:41:09'),(92,'Antenna-92','Donec',12,92,'2021-03-14 17:41:09','2021-03-14 17:41:09'),(93,'Antenna-93','semper egestas, urna justo faucibus',12,93,'2021-03-14 17:41:09','2021-03-14 17:41:09'),(94,'Antenna-94','a tortor. Nunc commodo auctor',12,94,'2021-03-14 17:41:09','2021-03-14 17:41:09'),(95,'Antenna-95','penatibus et magnis dis parturient montes, nascetur ridiculus',12,95,'2021-03-14 17:41:09','2021-03-14 17:41:09'),(96,'Antenna-96','id, mollis',12,96,'2021-03-14 17:41:09','2021-03-14 17:41:09'),(97,'Antenna-97','montes, nascetur ridiculus mus. Proin vel arcu eu odio tristique',12,97,'2021-03-14 17:41:09','2021-03-14 17:41:09'),(98,'Antenna-98','Duis dignissim',12,98,'2021-03-14 17:41:09','2021-03-14 17:41:09'),(99,'Antenna-99','interdum enim non nisi. Aenean',12,99,'2021-03-14 17:41:09','2021-03-14 17:41:09'),(100,'Antenna-100','vel arcu eu odio tristique',12,100,'2021-03-14 17:41:09','2021-03-14 17:41:09'),(101,'Antenna-1','neque sed sem egestas blandit.',12,1,'2021-03-14 17:41:09','2021-03-14 17:41:09'),(102,'Antenna-2','magnis',12,2,'2021-03-14 17:41:09','2021-03-14 17:41:09'),(103,'Antenna-3','posuere, enim nisl',12,3,'2021-03-14 17:41:09','2021-03-14 17:41:09'),(104,'Antenna-4','neque et nunc. Quisque ornare tortor at risus. Nunc',12,4,'2021-03-14 17:41:09','2021-03-14 17:41:09'),(105,'Antenna-5','eget tincidunt dui augue',12,5,'2021-03-14 17:41:09','2021-03-14 17:41:09'),(106,'Antenna-6','vitae semper egestas, urna justo faucibus lectus, a sollicitudin orci',12,6,'2021-03-14 17:41:09','2021-03-14 17:41:09'),(107,'Antenna-7','dolor egestas rhoncus. Proin nisl sem, consequat',12,7,'2021-03-14 17:41:09','2021-03-14 17:41:09'),(108,'Antenna-8','non, egestas a, dui. Cras pellentesque. Sed dictum.',12,8,'2021-03-14 17:41:09','2021-03-14 17:41:09'),(109,'Antenna-9','dolor. Nulla semper tellus id nunc interdum feugiat. Sed',12,9,'2021-03-14 17:41:09','2021-03-14 17:41:09'),(110,'Antenna-10','orci sem',12,10,'2021-03-14 17:41:09','2021-03-14 17:41:09'),(111,'Antenna-11','taciti',12,11,'2021-03-14 17:41:09','2021-03-14 17:41:09'),(112,'Antenna-12','pretium neque. Morbi quis urna. Nunc quis',12,12,'2021-03-14 17:41:09','2021-03-14 17:41:09'),(113,'Antenna-13','dolor',12,13,'2021-03-14 17:41:09','2021-03-14 17:41:09'),(114,'Antenna-14','sed, sapien. Nunc pulvinar arcu et pede. Nunc',12,14,'2021-03-14 17:41:09','2021-03-14 17:41:09'),(115,'Antenna-15','porttitor interdum. Sed',12,15,'2021-03-14 17:41:09','2021-03-14 17:41:09'),(116,'Antenna-16','nascetur ridiculus mus. Proin vel nisl.',12,16,'2021-03-14 17:41:09','2021-03-14 17:41:09'),(117,'Antenna-17','aptent taciti sociosqu',12,17,'2021-03-14 17:41:09','2021-03-14 17:41:09'),(118,'Antenna-18','feugiat metus sit amet ante. Vivamus non lorem',12,18,'2021-03-14 17:41:09','2021-03-14 17:41:09'),(119,'Antenna-19','vitae velit egestas',12,19,'2021-03-14 17:41:09','2021-03-14 17:41:09'),(120,'Antenna-20','nec tempus',12,20,'2021-03-14 17:41:09','2021-03-14 17:41:09'),(121,'Antenna-21','luctus lobortis.',12,21,'2021-03-14 17:41:09','2021-03-14 17:41:09'),(122,'Antenna-22','vitae mauris sit amet lorem semper auctor.',12,22,'2021-03-14 17:41:09','2021-03-14 17:41:09'),(123,'Antenna-23','dolor. Fusce',12,23,'2021-03-14 17:41:09','2021-03-14 17:41:09'),(124,'Antenna-24','et netus et malesuada fames',12,24,'2021-03-14 17:41:09','2021-03-14 17:41:09'),(125,'Antenna-25','Pellentesque habitant morbi tristique senectus et netus et',12,25,'2021-03-14 17:41:09','2021-03-14 17:41:09'),(126,'Antenna-26','mi felis, adipiscing fringilla, porttitor vulputate, posuere',12,26,'2021-03-14 17:41:09','2021-03-14 17:41:09'),(127,'Antenna-27','eu enim.',12,27,'2021-03-14 17:41:09','2021-03-14 17:41:09'),(128,'Antenna-28','lobortis quis, pede. Suspendisse dui. Fusce diam',12,28,'2021-03-14 17:41:09','2021-03-14 17:41:09'),(129,'Antenna-29','Phasellus fermentum convallis ligula. Donec luctus aliquet odio.',12,29,'2021-03-14 17:41:09','2021-03-14 17:41:09'),(130,'Antenna-30','Nullam enim. Sed nulla ante, iaculis nec, eleifend non, dapibus',12,30,'2021-03-14 17:41:09','2021-03-14 17:41:09'),(131,'Antenna-31','Proin nisl sem, consequat nec, mollis vitae,',12,31,'2021-03-14 17:41:09','2021-03-14 17:41:09'),(132,'Antenna-32','elit. Etiam laoreet, libero',12,32,'2021-03-14 17:41:09','2021-03-14 17:41:09'),(133,'Antenna-33','blandit viverra.',12,33,'2021-03-14 17:41:09','2021-03-14 17:41:09'),(134,'Antenna-34','purus ac tellus.',12,34,'2021-03-14 17:41:09','2021-03-14 17:41:09'),(135,'Antenna-35','ipsum cursus vestibulum. Mauris magna. Duis dignissim tempor',12,35,'2021-03-14 17:41:09','2021-03-14 17:41:09'),(136,'Antenna-36','at, iaculis quis, pede.',12,36,'2021-03-14 17:41:09','2021-03-14 17:41:09'),(137,'Antenna-37','Donec felis',12,37,'2021-03-14 17:41:09','2021-03-14 17:41:09'),(138,'Antenna-38','dolor sit',12,38,'2021-03-14 17:41:09','2021-03-14 17:41:09'),(139,'Antenna-39','tellus. Nunc',12,39,'2021-03-14 17:41:09','2021-03-14 17:41:09'),(140,'Antenna-40','et, lacinia vitae,',12,40,'2021-03-14 17:41:09','2021-03-14 17:41:09'),(141,'Antenna-41','dictum ultricies ligula. Nullam',12,41,'2021-03-14 17:41:09','2021-03-14 17:41:09'),(142,'Antenna-42','Integer eu lacus. Quisque imperdiet, erat',12,42,'2021-03-14 17:41:09','2021-03-14 17:41:09'),(143,'Antenna-43','ornare egestas ligula. Nullam feugiat placerat velit. Quisque varius. Nam',12,43,'2021-03-14 17:41:09','2021-03-14 17:41:09'),(144,'Antenna-44','fames ac turpis egestas. Aliquam fringilla cursus purus. Nullam',12,44,'2021-03-14 17:41:09','2021-03-14 17:41:09'),(145,'Antenna-45','lobortis ultrices. Vivamus rhoncus.',12,45,'2021-03-14 17:41:09','2021-03-14 17:41:09'),(146,'Antenna-46','ac mi',12,46,'2021-03-14 17:41:09','2021-03-14 17:41:09'),(147,'Antenna-47','eget nisi dictum augue malesuada malesuada. Integer id',12,47,'2021-03-14 17:41:09','2021-03-14 17:41:09'),(148,'Antenna-48','odio. Phasellus',12,48,'2021-03-14 17:41:09','2021-03-14 17:41:09'),(149,'Antenna-49','neque',12,49,'2021-03-14 17:41:09','2021-03-14 17:41:09'),(150,'Antenna-50','Duis',12,50,'2021-03-14 17:41:09','2021-03-14 17:41:09'),(151,'Antenna-51','egestas nunc sed',12,51,'2021-03-14 17:41:09','2021-03-14 17:41:09'),(152,'Antenna-52','accumsan sed, facilisis vitae, orci. Phasellus dapibus quam',12,52,'2021-03-14 17:41:09','2021-03-14 17:41:09'),(153,'Antenna-53','aliquet lobortis, nisi nibh',12,53,'2021-03-14 17:41:09','2021-03-14 17:41:09'),(154,'Antenna-54','Donec consectetuer mauris id',12,54,'2021-03-14 17:41:09','2021-03-14 17:41:09'),(155,'Antenna-55','Aenean eget metus. In nec orci. Donec nibh.',12,55,'2021-03-14 17:41:09','2021-03-14 17:41:09'),(156,'Antenna-56','Proin',12,56,'2021-03-14 17:41:09','2021-03-14 17:41:09'),(157,'Antenna-57','massa rutrum magna. Cras convallis convallis dolor. Quisque tincidunt pede',12,57,'2021-03-14 17:41:09','2021-03-14 17:41:09'),(158,'Antenna-58','at, velit. Pellentesque ultricies dignissim',12,58,'2021-03-14 17:41:09','2021-03-14 17:41:09'),(159,'Antenna-59','arcu imperdiet ullamcorper. Duis at lacus. Quisque purus sapien,',12,59,'2021-03-14 17:41:09','2021-03-14 17:41:09'),(160,'Antenna-60','Morbi sit amet massa.',12,60,'2021-03-14 17:41:09','2021-03-14 17:41:09'),(161,'Antenna-61','velit eu sem. Pellentesque ut ipsum ac mi eleifend egestas.',12,61,'2021-03-14 17:41:09','2021-03-14 17:41:09'),(162,'Antenna-62','ornare. In faucibus. Morbi vehicula. Pellentesque',12,62,'2021-03-14 17:41:09','2021-03-14 17:41:09'),(163,'Antenna-63','dictum cursus. Nunc mauris elit, dictum eu, eleifend',12,63,'2021-03-14 17:41:09','2021-03-14 17:41:09'),(164,'Antenna-64','tellus faucibus leo, in lobortis tellus justo sit amet',12,64,'2021-03-14 17:41:09','2021-03-14 17:41:09'),(165,'Antenna-65','penatibus et magnis dis parturient montes, nascetur',12,65,'2021-03-14 17:41:09','2021-03-14 17:41:09'),(166,'Antenna-66','euismod mauris eu elit. Nulla',12,66,'2021-03-14 17:41:09','2021-03-14 17:41:09'),(167,'Antenna-67','Donec tempus, lorem',12,67,'2021-03-14 17:41:09','2021-03-14 17:41:09'),(168,'Antenna-68','scelerisque sed, sapien. Nunc pulvinar arcu et pede. Nunc sed',12,68,'2021-03-14 17:41:09','2021-03-14 17:41:09'),(169,'Antenna-69','augue',12,69,'2021-03-14 17:41:09','2021-03-14 17:41:09'),(170,'Antenna-70','vel, vulputate eu, odio. Phasellus',12,70,'2021-03-14 17:41:09','2021-03-14 17:41:09'),(171,'Antenna-71','velit. Quisque varius. Nam porttitor',12,71,'2021-03-14 17:41:09','2021-03-14 17:41:09'),(172,'Antenna-72','neque sed sem egestas blandit. Nam nulla magna, malesuada vel,',12,72,'2021-03-14 17:41:09','2021-03-14 17:41:09'),(173,'Antenna-73','magna nec quam. Curabitur vel lectus. Cum',12,73,'2021-03-14 17:41:09','2021-03-14 17:41:09'),(174,'Antenna-74','diam. Proin dolor. Nulla semper tellus id nunc',12,74,'2021-03-14 17:41:09','2021-03-14 17:41:09'),(175,'Antenna-75','sed turpis nec mauris',12,75,'2021-03-14 17:41:09','2021-03-14 17:41:09'),(176,'Antenna-76','risus. Quisque libero lacus, varius et,',12,76,'2021-03-14 17:41:09','2021-03-14 17:41:09'),(177,'Antenna-77','scelerisque neque sed sem egestas blandit. Nam',12,77,'2021-03-14 17:41:09','2021-03-14 17:41:09'),(178,'Antenna-78','tempus',12,78,'2021-03-14 17:41:09','2021-03-14 17:41:09'),(179,'Antenna-79','felis orci, adipiscing non, luctus sit amet, faucibus ut, nulla.',12,79,'2021-03-14 17:41:09','2021-03-14 17:41:09'),(180,'Antenna-80','magna. Nam ligula',12,80,'2021-03-14 17:41:09','2021-03-14 17:41:09'),(181,'Antenna-81','lobortis mauris. Suspendisse aliquet molestie tellus.',12,81,'2021-03-14 17:41:09','2021-03-14 17:41:09'),(182,'Antenna-82','Ut semper',12,82,'2021-03-14 17:41:09','2021-03-14 17:41:09'),(183,'Antenna-83','augue porttitor interdum. Sed auctor odio a purus. Duis elementum,',12,83,'2021-03-14 17:41:09','2021-03-14 17:41:09'),(184,'Antenna-84','molestie in, tempus eu, ligula. Aenean euismod mauris',12,84,'2021-03-14 17:41:09','2021-03-14 17:41:09'),(185,'Antenna-85','justo',12,85,'2021-03-14 17:41:09','2021-03-14 17:41:09'),(186,'Antenna-86','dolor. Nulla semper tellus id nunc interdum feugiat.',12,86,'2021-03-14 17:41:09','2021-03-14 17:41:09'),(187,'Antenna-87','euismod urna. Nullam lobortis quam a felis ullamcorper viverra.',12,87,'2021-03-14 17:41:09','2021-03-14 17:41:09'),(188,'Antenna-88','In mi pede, nonummy',12,88,'2021-03-14 17:41:09','2021-03-14 17:41:09'),(189,'Antenna-89','commodo auctor velit. Aliquam',12,89,'2021-03-14 17:41:09','2021-03-14 17:41:09'),(190,'Antenna-90','blandit. Nam nulla',12,90,'2021-03-14 17:41:09','2021-03-14 17:41:09'),(191,'Antenna-91','sem. Pellentesque ut ipsum ac mi',12,91,'2021-03-14 17:41:09','2021-03-14 17:41:09'),(192,'Antenna-92','Donec',12,92,'2021-03-14 17:41:09','2021-03-14 17:41:09'),(193,'Antenna-93','semper egestas, urna justo faucibus',12,93,'2021-03-14 17:41:09','2021-03-14 17:41:09'),(194,'Antenna-94','a tortor. Nunc commodo auctor',12,94,'2021-03-14 17:41:09','2021-03-14 17:41:09'),(195,'Antenna-95','penatibus et magnis dis parturient montes, nascetur ridiculus',12,95,'2021-03-14 17:41:09','2021-03-14 17:41:09'),(196,'Antenna-96','id, mollis',12,96,'2021-03-14 17:41:09','2021-03-14 17:41:09'),(197,'Antenna-97','montes, nascetur ridiculus mus. Proin vel arcu eu odio tristique',12,97,'2021-03-14 17:41:09','2021-03-14 17:41:09'),(198,'Antenna-98','Duis dignissim',12,98,'2021-03-14 17:41:09','2021-03-14 17:41:09'),(199,'Antenna-99','interdum enim non nisi. Aenean',12,99,'2021-03-14 17:41:09','2021-03-14 17:41:09'),(200,'Antenna-100','vel arcu eu odio tristique',12,100,'2021-03-14 17:41:09','2021-03-14 17:41:09'),(201,'Camera-1','risus quis',11,1,'2021-03-14 17:41:09','2021-03-14 17:41:09'),(202,'Camera-2','ornare, lectus ante dictum',11,2,'2021-03-14 17:41:09','2021-03-14 17:41:09'),(203,'Camera-3','ut odio vel est tempor bibendum.',11,3,'2021-03-14 17:41:09','2021-03-14 17:41:09'),(204,'Camera-4','at lacus. Quisque purus sapien, gravida',11,4,'2021-03-14 17:41:09','2021-03-14 17:41:09'),(205,'Camera-5','rutrum',11,5,'2021-03-14 17:41:09','2021-03-14 17:41:09'),(206,'Camera-6','consectetuer, cursus et, magna. Praesent interdum ligula eu enim. Etiam',11,6,'2021-03-14 17:41:09','2021-03-14 17:41:09'),(207,'Camera-7','Aliquam adipiscing lobortis',11,7,'2021-03-14 17:41:09','2021-03-14 17:41:09'),(208,'Camera-8','aliquet. Proin',11,8,'2021-03-14 17:41:09','2021-03-14 17:41:09'),(209,'Camera-9','dolor quam, elementum at, egestas a, scelerisque sed, sapien.',11,9,'2021-03-14 17:41:09','2021-03-14 17:41:09'),(210,'Camera-10','enim commodo hendrerit. Donec porttitor tellus non magna. Nam ligula',11,10,'2021-03-14 17:41:09','2021-03-14 17:41:09'),(211,'Camera-11','aliquet lobortis,',11,11,'2021-03-14 17:41:09','2021-03-14 17:41:09'),(212,'Camera-12','molestie in, tempus',11,12,'2021-03-14 17:41:09','2021-03-14 17:41:09'),(213,'Camera-13','Duis',11,13,'2021-03-14 17:41:09','2021-03-14 17:41:09'),(214,'Camera-14','Ut tincidunt vehicula risus.',11,14,'2021-03-14 17:41:09','2021-03-14 17:41:09'),(215,'Camera-15','In condimentum. Donec at arcu. Vestibulum ante',11,15,'2021-03-14 17:41:09','2021-03-14 17:41:09'),(216,'Camera-16','dictum cursus. Nunc',11,16,'2021-03-14 17:41:09','2021-03-14 17:41:09'),(217,'Camera-17','cursus a, enim. Suspendisse aliquet, sem ut cursus',11,17,'2021-03-14 17:41:09','2021-03-14 17:41:09'),(218,'Camera-18','diam vel arcu. Curabitur',11,18,'2021-03-14 17:41:09','2021-03-14 17:41:09'),(219,'Camera-19','fermentum risus, at fringilla purus',11,19,'2021-03-14 17:41:09','2021-03-14 17:41:09'),(220,'Camera-20','dictum augue malesuada malesuada. Integer',11,20,'2021-03-14 17:41:09','2021-03-14 17:41:09'),(221,'Camera-21','Sed',11,21,'2021-03-14 17:41:09','2021-03-14 17:41:09'),(222,'Camera-22','nulla. Integer urna. Vivamus molestie dapibus',11,22,'2021-03-14 17:41:09','2021-03-14 17:41:09'),(223,'Camera-23','vel, vulputate eu, odio. Phasellus at augue id ante',11,23,'2021-03-14 17:41:09','2021-03-14 17:41:09'),(224,'Camera-24','Nunc',11,24,'2021-03-14 17:41:09','2021-03-14 17:41:09'),(225,'Camera-25','justo sit amet',11,25,'2021-03-14 17:41:09','2021-03-14 17:41:09'),(226,'Camera-26','varius. Nam porttitor scelerisque neque.',11,26,'2021-03-14 17:41:09','2021-03-14 17:41:09'),(227,'Camera-27','luctus lobortis.',11,27,'2021-03-14 17:41:09','2021-03-14 17:41:09'),(228,'Camera-28','lectus quis massa. Mauris vestibulum, neque sed',11,28,'2021-03-14 17:41:09','2021-03-14 17:41:09'),(229,'Camera-29','malesuada augue ut lacus. Nulla',11,29,'2021-03-14 17:41:09','2021-03-14 17:41:09'),(230,'Camera-30','non',11,30,'2021-03-14 17:41:09','2021-03-14 17:41:09'),(231,'Camera-31','sem ut cursus luctus,',11,31,'2021-03-14 17:41:09','2021-03-14 17:41:09'),(232,'Camera-32','ullamcorper, nisl arcu iaculis enim,',11,32,'2021-03-14 17:41:09','2021-03-14 17:41:09'),(233,'Camera-33','arcu. Sed eu nibh vulputate mauris sagittis placerat. Cras',11,33,'2021-03-14 17:41:09','2021-03-14 17:41:09'),(234,'Camera-34','nunc ac mattis ornare, lectus ante dictum mi, ac mattis',11,34,'2021-03-14 17:41:09','2021-03-14 17:41:09'),(235,'Camera-35','risus. Duis a mi',11,35,'2021-03-14 17:41:09','2021-03-14 17:41:09'),(236,'Camera-36','tellus eu augue porttitor interdum. Sed',11,36,'2021-03-14 17:41:09','2021-03-14 17:41:09'),(237,'Camera-37','enim consequat purus. Maecenas libero est, congue a, aliquet',11,37,'2021-03-14 17:41:09','2021-03-14 17:41:09'),(238,'Camera-38','vestibulum,',11,38,'2021-03-14 17:41:09','2021-03-14 17:41:09'),(239,'Camera-39','erat neque non',11,39,'2021-03-14 17:41:09','2021-03-14 17:41:09'),(240,'Camera-40','arcu. Nunc mauris. Morbi non',11,40,'2021-03-14 17:41:09','2021-03-14 17:41:09'),(241,'Camera-41','natoque penatibus et magnis dis parturient montes,',11,41,'2021-03-14 17:41:09','2021-03-14 17:41:09'),(242,'Camera-42','ligula. Nullam feugiat placerat velit. Quisque varius. Nam porttitor',11,42,'2021-03-14 17:41:09','2021-03-14 17:41:09'),(243,'Camera-43','sed, facilisis vitae, orci. Phasellus dapibus quam',11,43,'2021-03-14 17:41:09','2021-03-14 17:41:09'),(244,'Camera-44','leo. Vivamus nibh dolor,',11,44,'2021-03-14 17:41:09','2021-03-14 17:41:09'),(245,'Camera-45','quis lectus. Nullam suscipit, est ac facilisis facilisis,',11,45,'2021-03-14 17:41:09','2021-03-14 17:41:09'),(246,'Camera-46','bibendum. Donec felis orci, adipiscing non, luctus sit',11,46,'2021-03-14 17:41:09','2021-03-14 17:41:09'),(247,'Camera-47','nec, diam. Duis',11,47,'2021-03-14 17:41:09','2021-03-14 17:41:09'),(248,'Camera-48','iaculis enim, sit amet ornare lectus justo eu arcu. Morbi',11,48,'2021-03-14 17:41:09','2021-03-14 17:41:09'),(249,'Camera-49','vel, mauris. Integer sem elit, pharetra ut, pharetra sed,',11,49,'2021-03-14 17:41:09','2021-03-14 17:41:09'),(250,'Camera-50','lorem, eget mollis lectus',11,50,'2021-03-14 17:41:09','2021-03-14 17:41:09'),(251,'Camera-51','malesuada fames ac turpis egestas. Aliquam fringilla cursus',11,51,'2021-03-14 17:41:09','2021-03-14 17:41:09'),(252,'Camera-52','diam. Sed diam lorem, auctor',11,52,'2021-03-14 17:41:09','2021-03-14 17:41:09'),(253,'Camera-53','lectus convallis est,',11,53,'2021-03-14 17:41:09','2021-03-14 17:41:09'),(254,'Camera-54','sociis natoque penatibus et magnis dis parturient montes, nascetur ridiculus',11,54,'2021-03-14 17:41:09','2021-03-14 17:41:09'),(255,'Camera-55','dapibus quam quis diam.',11,55,'2021-03-14 17:41:09','2021-03-14 17:41:09'),(256,'Camera-56','Curabitur consequat,',11,56,'2021-03-14 17:41:09','2021-03-14 17:41:09'),(257,'Camera-57','eget ipsum. Suspendisse sagittis.',11,57,'2021-03-14 17:41:09','2021-03-14 17:41:09'),(258,'Camera-58','Aliquam ultrices iaculis odio. Nam interdum enim non nisi.',11,58,'2021-03-14 17:41:09','2021-03-14 17:41:09'),(259,'Camera-59','senectus et netus et',11,59,'2021-03-14 17:41:09','2021-03-14 17:41:09'),(260,'Camera-60','et netus et malesuada fames ac',11,60,'2021-03-14 17:41:09','2021-03-14 17:41:09'),(261,'Camera-61','tempor bibendum.',11,61,'2021-03-14 17:41:09','2021-03-14 17:41:09'),(262,'Camera-62','Nullam lobortis quam a felis ullamcorper',11,62,'2021-03-14 17:41:09','2021-03-14 17:41:09'),(263,'Camera-63','velit justo nec ante.',11,63,'2021-03-14 17:41:09','2021-03-14 17:41:09'),(264,'Camera-64','eu tempor erat neque non quam. Pellentesque habitant morbi',11,64,'2021-03-14 17:41:09','2021-03-14 17:41:09'),(265,'Camera-65','Nunc ullamcorper, velit in aliquet lobortis, nisi nibh lacinia',11,65,'2021-03-14 17:41:09','2021-03-14 17:41:09'),(266,'Camera-66','id nunc',11,66,'2021-03-14 17:41:09','2021-03-14 17:41:09'),(267,'Camera-67','lacus. Nulla tincidunt, neque vitae semper egestas, urna',11,67,'2021-03-14 17:41:09','2021-03-14 17:41:09'),(268,'Camera-68','vestibulum, neque',11,68,'2021-03-14 17:41:09','2021-03-14 17:41:09'),(269,'Camera-69','nunc ac',11,69,'2021-03-14 17:41:09','2021-03-14 17:41:09'),(270,'Camera-70','justo sit amet',11,70,'2021-03-14 17:41:09','2021-03-14 17:41:09'),(271,'Camera-71','elit,',11,71,'2021-03-14 17:41:09','2021-03-14 17:41:09'),(272,'Camera-72','cursus. Integer mollis. Integer tincidunt aliquam arcu.',11,72,'2021-03-14 17:41:09','2021-03-14 17:41:09'),(273,'Camera-73','fringilla euismod enim. Etiam',11,73,'2021-03-14 17:41:09','2021-03-14 17:41:09'),(274,'Camera-74','montes, nascetur ridiculus mus. Proin vel arcu eu',11,74,'2021-03-14 17:41:09','2021-03-14 17:41:09'),(275,'Camera-75','neque.',11,75,'2021-03-14 17:41:09','2021-03-14 17:41:09'),(276,'Camera-76','quam quis diam. Pellentesque habitant morbi tristique senectus et',11,76,'2021-03-14 17:41:09','2021-03-14 17:41:09'),(277,'Camera-77','Phasellus dapibus quam quis diam. Pellentesque habitant morbi tristique',11,77,'2021-03-14 17:41:09','2021-03-14 17:41:09'),(278,'Camera-78','cursus. Nunc mauris elit, dictum eu,',11,78,'2021-03-14 17:41:09','2021-03-14 17:41:09'),(279,'Camera-79','erat. Vivamus nisi. Mauris nulla. Integer urna. Vivamus molestie',11,79,'2021-03-14 17:41:09','2021-03-14 17:41:09'),(280,'Camera-80','Morbi neque tellus, imperdiet non, vestibulum nec, euismod',11,80,'2021-03-14 17:41:09','2021-03-14 17:41:09'),(281,'Camera-81','malesuada fringilla est.',11,81,'2021-03-14 17:41:09','2021-03-14 17:41:09'),(282,'Camera-82','non nisi. Aenean eget metus.',11,82,'2021-03-14 17:41:09','2021-03-14 17:41:09'),(283,'Camera-83','Proin mi.',11,83,'2021-03-14 17:41:09','2021-03-14 17:41:09'),(284,'Camera-84','malesuada',11,84,'2021-03-14 17:41:09','2021-03-14 17:41:09'),(285,'Camera-85','Suspendisse aliquet molestie tellus. Aenean egestas',11,85,'2021-03-14 17:41:09','2021-03-14 17:41:09'),(286,'Camera-86','aliquet diam. Sed diam lorem, auctor quis, tristique ac,',11,86,'2021-03-14 17:41:09','2021-03-14 17:41:09'),(287,'Camera-87','dapibus quam quis diam. Pellentesque habitant morbi tristique senectus et',11,87,'2021-03-14 17:41:09','2021-03-14 17:41:09'),(288,'Camera-88','mus.',11,88,'2021-03-14 17:41:09','2021-03-14 17:41:09'),(289,'Camera-89','dignissim magna a',11,89,'2021-03-14 17:41:09','2021-03-14 17:41:09'),(290,'Camera-90','ante dictum mi, ac mattis',11,90,'2021-03-14 17:41:09','2021-03-14 17:41:09'),(291,'Camera-91','sed leo.',11,91,'2021-03-14 17:41:09','2021-03-14 17:41:09'),(292,'Camera-92','Praesent luctus. Curabitur egestas nunc sed libero. Proin',11,92,'2021-03-14 17:41:09','2021-03-14 17:41:09'),(293,'Camera-93','euismod enim. Etiam gravida molestie arcu. Sed eu',11,93,'2021-03-14 17:41:09','2021-03-14 17:41:09'),(294,'Camera-94','Etiam gravida molestie',11,94,'2021-03-14 17:41:09','2021-03-14 17:41:09'),(295,'Camera-95','fringilla. Donec feugiat metus sit',11,95,'2021-03-14 17:41:09','2021-03-14 17:41:09'),(296,'Camera-96','vulputate velit eu sem. Pellentesque ut ipsum',11,96,'2021-03-14 17:41:09','2021-03-14 17:41:09'),(297,'Camera-97','eu,',11,97,'2021-03-14 17:41:09','2021-03-14 17:41:09'),(298,'Camera-98','lectus justo eu',11,98,'2021-03-14 17:41:09','2021-03-14 17:41:09'),(299,'Camera-99','dictum mi, ac mattis velit justo nec ante.',11,99,'2021-03-14 17:41:09','2021-03-14 17:41:09'),(300,'Camera-100','rhoncus. Proin nisl sem, consequat nec, mollis vitae, posuere',11,100,'2021-03-14 17:41:09','2021-03-14 17:41:09'),(301,'ESC-1','elit, pretium et, rutrum non, hendrerit id,',3,1,'2021-03-14 17:41:09','2021-03-14 17:41:09'),(302,'ESC-2','Integer sem elit,',3,2,'2021-03-14 17:41:09','2021-03-14 17:41:09'),(303,'ESC-3','magnis dis parturient montes,',3,3,'2021-03-14 17:41:09','2021-03-14 17:41:09'),(304,'ESC-4','laoreet posuere, enim nisl elementum',3,4,'2021-03-14 17:41:09','2021-03-14 17:41:09'),(305,'ESC-5','risus. In mi pede, nonummy ut, molestie in, tempus',3,5,'2021-03-14 17:41:09','2021-03-14 17:41:09'),(306,'ESC-6','enim consequat purus. Maecenas',3,6,'2021-03-14 17:41:09','2021-03-14 17:41:09'),(307,'ESC-7','dui. Suspendisse ac metus vitae velit egestas lacinia. Sed',3,7,'2021-03-14 17:41:09','2021-03-14 17:41:09'),(308,'ESC-8','et malesuada fames ac turpis egestas. Fusce aliquet magna',3,8,'2021-03-14 17:41:09','2021-03-14 17:41:09'),(309,'ESC-9','eu metus. In lorem. Donec elementum, lorem ut',3,9,'2021-03-14 17:41:09','2021-03-14 17:41:09'),(310,'ESC-10','Donec',3,10,'2021-03-14 17:41:09','2021-03-14 17:41:09'),(311,'ESC-11','per inceptos hymenaeos. Mauris ut',3,11,'2021-03-14 17:41:09','2021-03-14 17:41:09'),(312,'ESC-12','metus.',3,12,'2021-03-14 17:41:09','2021-03-14 17:41:09'),(313,'ESC-13','nunc nulla vulputate',3,13,'2021-03-14 17:41:09','2021-03-14 17:41:09'),(314,'ESC-14','aliquet libero. Integer in magna. Phasellus dolor elit, pellentesque',3,14,'2021-03-14 17:41:09','2021-03-14 17:41:09'),(315,'ESC-15','Pellentesque ultricies dignissim lacus. Aliquam rutrum lorem ac',3,15,'2021-03-14 17:41:09','2021-03-14 17:41:09'),(316,'ESC-16','Sed et libero. Proin',3,16,'2021-03-14 17:41:09','2021-03-14 17:41:09'),(317,'ESC-17','tellus lorem eu metus. In lorem. Donec',3,17,'2021-03-14 17:41:09','2021-03-14 17:41:09'),(318,'ESC-18','Curabitur sed tortor. Integer aliquam adipiscing lacus.',3,18,'2021-03-14 17:41:09','2021-03-14 17:41:09'),(319,'ESC-19','lorem',3,19,'2021-03-14 17:41:09','2021-03-14 17:41:09'),(320,'ESC-20','Quisque varius. Nam porttitor',3,20,'2021-03-14 17:41:09','2021-03-14 17:41:09'),(321,'ESC-21','et, rutrum non,',3,21,'2021-03-14 17:41:09','2021-03-14 17:41:09'),(322,'ESC-22','risus. Morbi metus. Vivamus euismod urna. Nullam lobortis quam',3,22,'2021-03-14 17:41:09','2021-03-14 17:41:09'),(323,'ESC-23','augue malesuada malesuada. Integer id magna et',3,23,'2021-03-14 17:41:09','2021-03-14 17:41:09'),(324,'ESC-24','fringilla euismod enim. Etiam gravida molestie arcu. Sed eu',3,24,'2021-03-14 17:41:09','2021-03-14 17:41:09'),(325,'ESC-25','mi felis, adipiscing fringilla,',3,25,'2021-03-14 17:41:09','2021-03-14 17:41:09'),(326,'ESC-26','libero mauris, aliquam eu, accumsan sed, facilisis',3,26,'2021-03-14 17:41:09','2021-03-14 17:41:09'),(327,'ESC-27','Integer',3,27,'2021-03-14 17:41:09','2021-03-14 17:41:09'),(328,'ESC-28','parturient montes, nascetur',3,28,'2021-03-14 17:41:09','2021-03-14 17:41:09'),(329,'ESC-29','In at pede. Cras',3,29,'2021-03-14 17:41:09','2021-03-14 17:41:09'),(330,'ESC-30','natoque penatibus et magnis',3,30,'2021-03-14 17:41:09','2021-03-14 17:41:09'),(331,'ESC-31','aliquet magna a neque.',3,31,'2021-03-14 17:41:09','2021-03-14 17:41:09'),(332,'ESC-32','et',3,32,'2021-03-14 17:41:09','2021-03-14 17:41:09'),(333,'ESC-33','venenatis vel, faucibus id, libero. Donec consectetuer mauris id sapien.',3,33,'2021-03-14 17:41:09','2021-03-14 17:41:09'),(334,'ESC-34','tortor nibh sit amet orci. Ut sagittis lobortis mauris. Suspendisse',3,34,'2021-03-14 17:41:09','2021-03-14 17:41:09'),(335,'ESC-35','velit',3,35,'2021-03-14 17:41:09','2021-03-14 17:41:09'),(336,'ESC-36','arcu. Vestibulum ante ipsum primis in faucibus orci',3,36,'2021-03-14 17:41:09','2021-03-14 17:41:09'),(337,'ESC-37','id enim. Curabitur massa. Vestibulum accumsan neque et',3,37,'2021-03-14 17:41:09','2021-03-14 17:41:09'),(338,'ESC-38','et netus et malesuada',3,38,'2021-03-14 17:41:09','2021-03-14 17:41:09'),(339,'ESC-39','ut, pharetra sed, hendrerit a, arcu. Sed et libero. Proin',3,39,'2021-03-14 17:41:09','2021-03-14 17:41:09'),(340,'ESC-40','fames ac turpis egestas. Aliquam fringilla cursus purus. Nullam scelerisque',3,40,'2021-03-14 17:41:09','2021-03-14 17:41:09'),(341,'ESC-41','imperdiet nec, leo. Morbi neque tellus, imperdiet non, vestibulum',3,41,'2021-03-14 17:41:09','2021-03-14 17:41:09'),(342,'ESC-42','montes, nascetur ridiculus mus. Donec dignissim magna a tortor. Nunc',3,42,'2021-03-14 17:41:09','2021-03-14 17:41:09'),(343,'ESC-43','at arcu. Vestibulum ante ipsum',3,43,'2021-03-14 17:41:09','2021-03-14 17:41:09'),(344,'ESC-44','mi fringilla mi lacinia mattis. Integer eu lacus. Quisque imperdiet,',3,44,'2021-03-14 17:41:09','2021-03-14 17:41:09'),(345,'ESC-45','in, dolor. Fusce',3,45,'2021-03-14 17:41:09','2021-03-14 17:41:09'),(346,'ESC-46','amet massa. Quisque porttitor eros nec tellus. Nunc lectus',3,46,'2021-03-14 17:41:09','2021-03-14 17:41:09'),(347,'ESC-47','erat nonummy',3,47,'2021-03-14 17:41:09','2021-03-14 17:41:09'),(348,'ESC-48','nec',3,48,'2021-03-14 17:41:09','2021-03-14 17:41:09'),(349,'ESC-49','enim, sit amet ornare lectus justo',3,49,'2021-03-14 17:41:09','2021-03-14 17:41:09'),(350,'ESC-50','rutrum.',3,50,'2021-03-14 17:41:09','2021-03-14 17:41:09'),(351,'ESC-51','pede. Cum sociis natoque penatibus et magnis',3,51,'2021-03-14 17:41:09','2021-03-14 17:41:09'),(352,'ESC-52','Praesent eu nulla at sem molestie sodales. Mauris blandit enim',3,52,'2021-03-14 17:41:09','2021-03-14 17:41:09'),(353,'ESC-53','lobortis quam a felis',3,53,'2021-03-14 17:41:09','2021-03-14 17:41:09'),(354,'ESC-54','augue ut',3,54,'2021-03-14 17:41:09','2021-03-14 17:41:09'),(355,'ESC-55','ut, pharetra',3,55,'2021-03-14 17:41:09','2021-03-14 17:41:09'),(356,'ESC-56','orci. Ut semper pretium',3,56,'2021-03-14 17:41:09','2021-03-14 17:41:09'),(357,'ESC-57','accumsan convallis, ante lectus convallis',3,57,'2021-03-14 17:41:09','2021-03-14 17:41:09'),(358,'ESC-58','neque. Morbi quis urna. Nunc quis arcu vel quam dignissim',3,58,'2021-03-14 17:41:09','2021-03-14 17:41:09'),(359,'ESC-59','amet luctus vulputate, nisi sem semper erat, in consectetuer',3,59,'2021-03-14 17:41:09','2021-03-14 17:41:09'),(360,'ESC-60','Suspendisse non leo.',3,60,'2021-03-14 17:41:09','2021-03-14 17:41:09'),(361,'ESC-61','ullamcorper viverra. Maecenas iaculis aliquet diam. Sed diam lorem,',3,61,'2021-03-14 17:41:09','2021-03-14 17:41:09'),(362,'ESC-62','Vivamus nibh dolor, nonummy ac, feugiat non, lobortis quis,',3,62,'2021-03-14 17:41:09','2021-03-14 17:41:09'),(363,'ESC-63','pede, ultrices a, auctor non, feugiat nec,',3,63,'2021-03-14 17:41:09','2021-03-14 17:41:09'),(364,'ESC-64','cursus vestibulum. Mauris magna. Duis dignissim tempor arcu. Vestibulum',3,64,'2021-03-14 17:41:09','2021-03-14 17:41:09'),(365,'ESC-65','non, hendrerit id, ante. Nunc mauris sapien, cursus in, hendrerit',3,65,'2021-03-14 17:41:09','2021-03-14 17:41:09'),(366,'ESC-66','a, aliquet vel,',3,66,'2021-03-14 17:41:09','2021-03-14 17:41:09'),(367,'ESC-67','sit',3,67,'2021-03-14 17:41:09','2021-03-14 17:41:09'),(368,'ESC-68','vehicula risus. Nulla eget metus eu',3,68,'2021-03-14 17:41:09','2021-03-14 17:41:09'),(369,'ESC-69','Phasellus fermentum convallis ligula. Donec luctus aliquet odio. Etiam ligula',3,69,'2021-03-14 17:41:09','2021-03-14 17:41:09'),(370,'ESC-70','non massa non ante bibendum ullamcorper. Duis cursus, diam at',3,70,'2021-03-14 17:41:09','2021-03-14 17:41:09'),(371,'ESC-71','enim consequat purus. Maecenas libero est, congue a, aliquet',3,71,'2021-03-14 17:41:09','2021-03-14 17:41:09'),(372,'ESC-72','ornare lectus',3,72,'2021-03-14 17:41:09','2021-03-14 17:41:09'),(373,'ESC-73','sit amet nulla. Donec non',3,73,'2021-03-14 17:41:09','2021-03-14 17:41:09'),(374,'ESC-74','eu turpis. Nulla aliquet. Proin velit. Sed malesuada augue ut',3,74,'2021-03-14 17:41:09','2021-03-14 17:41:09'),(375,'ESC-75','scelerisque neque sed sem egestas blandit. Nam nulla magna, malesuada',3,75,'2021-03-14 17:41:09','2021-03-14 17:41:09'),(376,'ESC-76','et netus et malesuada fames',3,76,'2021-03-14 17:41:09','2021-03-14 17:41:09'),(377,'ESC-77','sem elit,',3,77,'2021-03-14 17:41:09','2021-03-14 17:41:09'),(378,'ESC-78','ut ipsum',3,78,'2021-03-14 17:41:09','2021-03-14 17:41:09'),(379,'ESC-79','Suspendisse aliquet, sem ut cursus luctus, ipsum leo',3,79,'2021-03-14 17:41:09','2021-03-14 17:41:09'),(380,'ESC-80','erat',3,80,'2021-03-14 17:41:09','2021-03-14 17:41:09'),(381,'ESC-81','Aliquam ultrices iaculis',3,81,'2021-03-14 17:41:09','2021-03-14 17:41:09'),(382,'ESC-82','dolor. Quisque tincidunt pede ac urna. Ut',3,82,'2021-03-14 17:41:09','2021-03-14 17:41:09'),(383,'ESC-83','enim.',3,83,'2021-03-14 17:41:09','2021-03-14 17:41:09'),(384,'ESC-84','Quisque purus sapien, gravida non,',3,84,'2021-03-14 17:41:09','2021-03-14 17:41:09'),(385,'ESC-85','mattis. Cras eget nisi dictum augue malesuada',3,85,'2021-03-14 17:41:09','2021-03-14 17:41:09'),(386,'ESC-86','ipsum nunc',3,86,'2021-03-14 17:41:09','2021-03-14 17:41:09'),(387,'ESC-87','sociis natoque',3,87,'2021-03-14 17:41:09','2021-03-14 17:41:09'),(388,'ESC-88','sed, sapien. Nunc',3,88,'2021-03-14 17:41:09','2021-03-14 17:41:09'),(389,'ESC-89','Suspendisse',3,89,'2021-03-14 17:41:09','2021-03-14 17:41:09'),(390,'ESC-90','viverra. Donec tempus,',3,90,'2021-03-14 17:41:09','2021-03-14 17:41:09'),(391,'ESC-91','dictum.',3,91,'2021-03-14 17:41:09','2021-03-14 17:41:09'),(392,'ESC-92','parturient montes, nascetur ridiculus mus.',3,92,'2021-03-14 17:41:09','2021-03-14 17:41:09'),(393,'ESC-93','ac mattis velit justo nec ante. Maecenas',3,93,'2021-03-14 17:41:09','2021-03-14 17:41:09'),(394,'ESC-94','mi, ac mattis',3,94,'2021-03-14 17:41:09','2021-03-14 17:41:09'),(395,'ESC-95','magna. Cras convallis convallis dolor. Quisque tincidunt pede ac urna.',3,95,'2021-03-14 17:41:09','2021-03-14 17:41:09'),(396,'ESC-96','cursus non, egestas a, dui. Cras pellentesque.',3,96,'2021-03-14 17:41:09','2021-03-14 17:41:09'),(397,'ESC-97','enim, condimentum eget, volutpat ornare, facilisis',3,97,'2021-03-14 17:41:09','2021-03-14 17:41:09'),(398,'ESC-98','sem molestie sodales. Mauris',3,98,'2021-03-14 17:41:09','2021-03-14 17:41:09'),(399,'ESC-99','Pellentesque ut ipsum ac mi eleifend',3,99,'2021-03-14 17:41:09','2021-03-14 17:41:09'),(400,'ESC-100','risus a ultricies adipiscing, enim mi tempor lorem, eget mollis',3,100,'2021-03-14 17:41:09','2021-03-14 17:41:09'),(401,'ESC-1','elit, pretium et, rutrum non, hendrerit id,',3,1,'2021-03-14 17:41:09','2021-03-14 17:41:09'),(402,'ESC-2','Integer sem elit,',3,2,'2021-03-14 17:41:09','2021-03-14 17:41:09'),(403,'ESC-3','magnis dis parturient montes,',3,3,'2021-03-14 17:41:09','2021-03-14 17:41:09'),(404,'ESC-4','laoreet posuere, enim nisl elementum',3,4,'2021-03-14 17:41:09','2021-03-14 17:41:09'),(405,'ESC-5','risus. In mi pede, nonummy ut, molestie in, tempus',3,5,'2021-03-14 17:41:09','2021-03-14 17:41:09'),(406,'ESC-6','enim consequat purus. Maecenas',3,6,'2021-03-14 17:41:09','2021-03-14 17:41:09'),(407,'ESC-7','dui. Suspendisse ac metus vitae velit egestas lacinia. Sed',3,7,'2021-03-14 17:41:09','2021-03-14 17:41:09'),(408,'ESC-8','et malesuada fames ac turpis egestas. Fusce aliquet magna',3,8,'2021-03-14 17:41:09','2021-03-14 17:41:09'),(409,'ESC-9','eu metus. In lorem. Donec elementum, lorem ut',3,9,'2021-03-14 17:41:09','2021-03-14 17:41:09'),(410,'ESC-10','Donec',3,10,'2021-03-14 17:41:09','2021-03-14 17:41:09'),(411,'ESC-11','per inceptos hymenaeos. Mauris ut',3,11,'2021-03-14 17:41:09','2021-03-14 17:41:09'),(412,'ESC-12','metus.',3,12,'2021-03-14 17:41:09','2021-03-14 17:41:09'),(413,'ESC-13','nunc nulla vulputate',3,13,'2021-03-14 17:41:09','2021-03-14 17:41:09'),(414,'ESC-14','aliquet libero. Integer in magna. Phasellus dolor elit, pellentesque',3,14,'2021-03-14 17:41:09','2021-03-14 17:41:09'),(415,'ESC-15','Pellentesque ultricies dignissim lacus. Aliquam rutrum lorem ac',3,15,'2021-03-14 17:41:09','2021-03-14 17:41:09'),(416,'ESC-16','Sed et libero. Proin',3,16,'2021-03-14 17:41:09','2021-03-14 17:41:09'),(417,'ESC-17','tellus lorem eu metus. In lorem. Donec',3,17,'2021-03-14 17:41:09','2021-03-14 17:41:09'),(418,'ESC-18','Curabitur sed tortor. Integer aliquam adipiscing lacus.',3,18,'2021-03-14 17:41:09','2021-03-14 17:41:09'),(419,'ESC-19','lorem',3,19,'2021-03-14 17:41:09','2021-03-14 17:41:09'),(420,'ESC-20','Quisque varius. Nam porttitor',3,20,'2021-03-14 17:41:09','2021-03-14 17:41:09'),(421,'ESC-21','et, rutrum non,',3,21,'2021-03-14 17:41:09','2021-03-14 17:41:09'),(422,'ESC-22','risus. Morbi metus. Vivamus euismod urna. Nullam lobortis quam',3,22,'2021-03-14 17:41:09','2021-03-14 17:41:09'),(423,'ESC-23','augue malesuada malesuada. Integer id magna et',3,23,'2021-03-14 17:41:09','2021-03-14 17:41:09'),(424,'ESC-24','fringilla euismod enim. Etiam gravida molestie arcu. Sed eu',3,24,'2021-03-14 17:41:09','2021-03-14 17:41:09'),(425,'ESC-25','mi felis, adipiscing fringilla,',3,25,'2021-03-14 17:41:09','2021-03-14 17:41:09'),(426,'ESC-26','libero mauris, aliquam eu, accumsan sed, facilisis',3,26,'2021-03-14 17:41:09','2021-03-14 17:41:09'),(427,'ESC-27','Integer',3,27,'2021-03-14 17:41:09','2021-03-14 17:41:09'),(428,'ESC-28','parturient montes, nascetur',3,28,'2021-03-14 17:41:09','2021-03-14 17:41:09'),(429,'ESC-29','In at pede. Cras',3,29,'2021-03-14 17:41:09','2021-03-14 17:41:09'),(430,'ESC-30','natoque penatibus et magnis',3,30,'2021-03-14 17:41:09','2021-03-14 17:41:09'),(431,'ESC-31','aliquet magna a neque.',3,31,'2021-03-14 17:41:09','2021-03-14 17:41:09'),(432,'ESC-32','et',3,32,'2021-03-14 17:41:09','2021-03-14 17:41:09'),(433,'ESC-33','venenatis vel, faucibus id, libero. Donec consectetuer mauris id sapien.',3,33,'2021-03-14 17:41:09','2021-03-14 17:41:09'),(434,'ESC-34','tortor nibh sit amet orci. Ut sagittis lobortis mauris. Suspendisse',3,34,'2021-03-14 17:41:09','2021-03-14 17:41:09'),(435,'ESC-35','velit',3,35,'2021-03-14 17:41:09','2021-03-14 17:41:09'),(436,'ESC-36','arcu. Vestibulum ante ipsum primis in faucibus orci',3,36,'2021-03-14 17:41:09','2021-03-14 17:41:09'),(437,'ESC-37','id enim. Curabitur massa. Vestibulum accumsan neque et',3,37,'2021-03-14 17:41:09','2021-03-14 17:41:09'),(438,'ESC-38','et netus et malesuada',3,38,'2021-03-14 17:41:09','2021-03-14 17:41:09'),(439,'ESC-39','ut, pharetra sed, hendrerit a, arcu. Sed et libero. Proin',3,39,'2021-03-14 17:41:09','2021-03-14 17:41:09'),(440,'ESC-40','fames ac turpis egestas. Aliquam fringilla cursus purus. Nullam scelerisque',3,40,'2021-03-14 17:41:09','2021-03-14 17:41:09'),(441,'ESC-41','imperdiet nec, leo. Morbi neque tellus, imperdiet non, vestibulum',3,41,'2021-03-14 17:41:09','2021-03-14 17:41:09'),(442,'ESC-42','montes, nascetur ridiculus mus. Donec dignissim magna a tortor. Nunc',3,42,'2021-03-14 17:41:09','2021-03-14 17:41:09'),(443,'ESC-43','at arcu. Vestibulum ante ipsum',3,43,'2021-03-14 17:41:09','2021-03-14 17:41:09'),(444,'ESC-44','mi fringilla mi lacinia mattis. Integer eu lacus. Quisque imperdiet,',3,44,'2021-03-14 17:41:09','2021-03-14 17:41:09'),(445,'ESC-45','in, dolor. Fusce',3,45,'2021-03-14 17:41:09','2021-03-14 17:41:09'),(446,'ESC-46','amet massa. Quisque porttitor eros nec tellus. Nunc lectus',3,46,'2021-03-14 17:41:09','2021-03-14 17:41:09'),(447,'ESC-47','erat nonummy',3,47,'2021-03-14 17:41:09','2021-03-14 17:41:09'),(448,'ESC-48','nec',3,48,'2021-03-14 17:41:09','2021-03-14 17:41:09'),(449,'ESC-49','enim, sit amet ornare lectus justo',3,49,'2021-03-14 17:41:09','2021-03-14 17:41:09'),(450,'ESC-50','rutrum.',3,50,'2021-03-14 17:41:09','2021-03-14 17:41:09'),(451,'ESC-51','pede. Cum sociis natoque penatibus et magnis',3,51,'2021-03-14 17:41:09','2021-03-14 17:41:09'),(452,'ESC-52','Praesent eu nulla at sem molestie sodales. Mauris blandit enim',3,52,'2021-03-14 17:41:09','2021-03-14 17:41:09'),(453,'ESC-53','lobortis quam a felis',3,53,'2021-03-14 17:41:09','2021-03-14 17:41:09'),(454,'ESC-54','augue ut',3,54,'2021-03-14 17:41:09','2021-03-14 17:41:09'),(455,'ESC-55','ut, pharetra',3,55,'2021-03-14 17:41:09','2021-03-14 17:41:09'),(456,'ESC-56','orci. Ut semper pretium',3,56,'2021-03-14 17:41:09','2021-03-14 17:41:09'),(457,'ESC-57','accumsan convallis, ante lectus convallis',3,57,'2021-03-14 17:41:09','2021-03-14 17:41:09'),(458,'ESC-58','neque. Morbi quis urna. Nunc quis arcu vel quam dignissim',3,58,'2021-03-14 17:41:09','2021-03-14 17:41:09'),(459,'ESC-59','amet luctus vulputate, nisi sem semper erat, in consectetuer',3,59,'2021-03-14 17:41:09','2021-03-14 17:41:09'),(460,'ESC-60','Suspendisse non leo.',3,60,'2021-03-14 17:41:09','2021-03-14 17:41:09'),(461,'ESC-61','ullamcorper viverra. Maecenas iaculis aliquet diam. Sed diam lorem,',3,61,'2021-03-14 17:41:09','2021-03-14 17:41:09'),(462,'ESC-62','Vivamus nibh dolor, nonummy ac, feugiat non, lobortis quis,',3,62,'2021-03-14 17:41:09','2021-03-14 17:41:09'),(463,'ESC-63','pede, ultrices a, auctor non, feugiat nec,',3,63,'2021-03-14 17:41:09','2021-03-14 17:41:09'),(464,'ESC-64','cursus vestibulum. Mauris magna. Duis dignissim tempor arcu. Vestibulum',3,64,'2021-03-14 17:41:09','2021-03-14 17:41:09'),(465,'ESC-65','non, hendrerit id, ante. Nunc mauris sapien, cursus in, hendrerit',3,65,'2021-03-14 17:41:09','2021-03-14 17:41:09'),(466,'ESC-66','a, aliquet vel,',3,66,'2021-03-14 17:41:09','2021-03-14 17:41:09'),(467,'ESC-67','sit',3,67,'2021-03-14 17:41:09','2021-03-14 17:41:09'),(468,'ESC-68','vehicula risus. Nulla eget metus eu',3,68,'2021-03-14 17:41:09','2021-03-14 17:41:09'),(469,'ESC-69','Phasellus fermentum convallis ligula. Donec luctus aliquet odio. Etiam ligula',3,69,'2021-03-14 17:41:09','2021-03-14 17:41:09'),(470,'ESC-70','non massa non ante bibendum ullamcorper. Duis cursus, diam at',3,70,'2021-03-14 17:41:09','2021-03-14 17:41:09'),(471,'ESC-71','enim consequat purus. Maecenas libero est, congue a, aliquet',3,71,'2021-03-14 17:41:09','2021-03-14 17:41:09'),(472,'ESC-72','ornare lectus',3,72,'2021-03-14 17:41:09','2021-03-14 17:41:09'),(473,'ESC-73','sit amet nulla. Donec non',3,73,'2021-03-14 17:41:09','2021-03-14 17:41:09'),(474,'ESC-74','eu turpis. Nulla aliquet. Proin velit. Sed malesuada augue ut',3,74,'2021-03-14 17:41:09','2021-03-14 17:41:09'),(475,'ESC-75','scelerisque neque sed sem egestas blandit. Nam nulla magna, malesuada',3,75,'2021-03-14 17:41:09','2021-03-14 17:41:09'),(476,'ESC-76','et netus et malesuada fames',3,76,'2021-03-14 17:41:09','2021-03-14 17:41:09'),(477,'ESC-77','sem elit,',3,77,'2021-03-14 17:41:09','2021-03-14 17:41:09'),(478,'ESC-78','ut ipsum',3,78,'2021-03-14 17:41:09','2021-03-14 17:41:09'),(479,'ESC-79','Suspendisse aliquet, sem ut cursus luctus, ipsum leo',3,79,'2021-03-14 17:41:09','2021-03-14 17:41:09'),(480,'ESC-80','erat',3,80,'2021-03-14 17:41:09','2021-03-14 17:41:09'),(481,'ESC-81','Aliquam ultrices iaculis',3,81,'2021-03-14 17:41:09','2021-03-14 17:41:09'),(482,'ESC-82','dolor. Quisque tincidunt pede ac urna. Ut',3,82,'2021-03-14 17:41:09','2021-03-14 17:41:09'),(483,'ESC-83','enim.',3,83,'2021-03-14 17:41:09','2021-03-14 17:41:09'),(484,'ESC-84','Quisque purus sapien, gravida non,',3,84,'2021-03-14 17:41:09','2021-03-14 17:41:09'),(485,'ESC-85','mattis. Cras eget nisi dictum augue malesuada',3,85,'2021-03-14 17:41:09','2021-03-14 17:41:09'),(486,'ESC-86','ipsum nunc',3,86,'2021-03-14 17:41:09','2021-03-14 17:41:09'),(487,'ESC-87','sociis natoque',3,87,'2021-03-14 17:41:09','2021-03-14 17:41:09'),(488,'ESC-88','sed, sapien. Nunc',3,88,'2021-03-14 17:41:09','2021-03-14 17:41:09'),(489,'ESC-89','Suspendisse',3,89,'2021-03-14 17:41:09','2021-03-14 17:41:09'),(490,'ESC-90','viverra. Donec tempus,',3,90,'2021-03-14 17:41:09','2021-03-14 17:41:09'),(491,'ESC-91','dictum.',3,91,'2021-03-14 17:41:09','2021-03-14 17:41:09'),(492,'ESC-92','parturient montes, nascetur ridiculus mus.',3,92,'2021-03-14 17:41:09','2021-03-14 17:41:09'),(493,'ESC-93','ac mattis velit justo nec ante. Maecenas',3,93,'2021-03-14 17:41:09','2021-03-14 17:41:09'),(494,'ESC-94','mi, ac mattis',3,94,'2021-03-14 17:41:09','2021-03-14 17:41:09'),(495,'ESC-95','magna. Cras convallis convallis dolor. Quisque tincidunt pede ac urna.',3,95,'2021-03-14 17:41:09','2021-03-14 17:41:09'),(496,'ESC-96','cursus non, egestas a, dui. Cras pellentesque.',3,96,'2021-03-14 17:41:09','2021-03-14 17:41:09'),(497,'ESC-97','enim, condimentum eget, volutpat ornare, facilisis',3,97,'2021-03-14 17:41:09','2021-03-14 17:41:09'),(498,'ESC-98','sem molestie sodales. Mauris',3,98,'2021-03-14 17:41:09','2021-03-14 17:41:09'),(499,'ESC-99','Pellentesque ut ipsum ac mi eleifend',3,99,'2021-03-14 17:41:09','2021-03-14 17:41:09'),(500,'ESC-100','risus a ultricies adipiscing, enim mi tempor lorem, eget mollis',3,100,'2021-03-14 17:41:09','2021-03-14 17:41:09'),(501,'ESC-1','elit, pretium et, rutrum non, hendrerit id,',3,1,'2021-03-14 17:41:09','2021-03-14 17:41:09'),(502,'ESC-2','Integer sem elit,',3,2,'2021-03-14 17:41:09','2021-03-14 17:41:09'),(503,'ESC-3','magnis dis parturient montes,',3,3,'2021-03-14 17:41:09','2021-03-14 17:41:09'),(504,'ESC-4','laoreet posuere, enim nisl elementum',3,4,'2021-03-14 17:41:09','2021-03-14 17:41:09'),(505,'ESC-5','risus. In mi pede, nonummy ut, molestie in, tempus',3,5,'2021-03-14 17:41:09','2021-03-14 17:41:09'),(506,'ESC-6','enim consequat purus. Maecenas',3,6,'2021-03-14 17:41:09','2021-03-14 17:41:09'),(507,'ESC-7','dui. Suspendisse ac metus vitae velit egestas lacinia. Sed',3,7,'2021-03-14 17:41:09','2021-03-14 17:41:09'),(508,'ESC-8','et malesuada fames ac turpis egestas. Fusce aliquet magna',3,8,'2021-03-14 17:41:09','2021-03-14 17:41:09'),(509,'ESC-9','eu metus. In lorem. Donec elementum, lorem ut',3,9,'2021-03-14 17:41:09','2021-03-14 17:41:09'),(510,'ESC-10','Donec',3,10,'2021-03-14 17:41:09','2021-03-14 17:41:09'),(511,'ESC-11','per inceptos hymenaeos. Mauris ut',3,11,'2021-03-14 17:41:09','2021-03-14 17:41:09'),(512,'ESC-12','metus.',3,12,'2021-03-14 17:41:09','2021-03-14 17:41:09'),(513,'ESC-13','nunc nulla vulputate',3,13,'2021-03-14 17:41:09','2021-03-14 17:41:09'),(514,'ESC-14','aliquet libero. Integer in magna. Phasellus dolor elit, pellentesque',3,14,'2021-03-14 17:41:09','2021-03-14 17:41:09'),(515,'ESC-15','Pellentesque ultricies dignissim lacus. Aliquam rutrum lorem ac',3,15,'2021-03-14 17:41:09','2021-03-14 17:41:09'),(516,'ESC-16','Sed et libero. Proin',3,16,'2021-03-14 17:41:09','2021-03-14 17:41:09'),(517,'ESC-17','tellus lorem eu metus. In lorem. Donec',3,17,'2021-03-14 17:41:09','2021-03-14 17:41:09'),(518,'ESC-18','Curabitur sed tortor. Integer aliquam adipiscing lacus.',3,18,'2021-03-14 17:41:09','2021-03-14 17:41:09'),(519,'ESC-19','lorem',3,19,'2021-03-14 17:41:09','2021-03-14 17:41:09'),(520,'ESC-20','Quisque varius. Nam porttitor',3,20,'2021-03-14 17:41:09','2021-03-14 17:41:09'),(521,'ESC-21','et, rutrum non,',3,21,'2021-03-14 17:41:09','2021-03-14 17:41:09'),(522,'ESC-22','risus. Morbi metus. Vivamus euismod urna. Nullam lobortis quam',3,22,'2021-03-14 17:41:09','2021-03-14 17:41:09'),(523,'ESC-23','augue malesuada malesuada. Integer id magna et',3,23,'2021-03-14 17:41:09','2021-03-14 17:41:09'),(524,'ESC-24','fringilla euismod enim. Etiam gravida molestie arcu. Sed eu',3,24,'2021-03-14 17:41:09','2021-03-14 17:41:09'),(525,'ESC-25','mi felis, adipiscing fringilla,',3,25,'2021-03-14 17:41:09','2021-03-14 17:41:09'),(526,'ESC-26','libero mauris, aliquam eu, accumsan sed, facilisis',3,26,'2021-03-14 17:41:09','2021-03-14 17:41:09'),(527,'ESC-27','Integer',3,27,'2021-03-14 17:41:09','2021-03-14 17:41:09'),(528,'ESC-28','parturient montes, nascetur',3,28,'2021-03-14 17:41:09','2021-03-14 17:41:09'),(529,'ESC-29','In at pede. Cras',3,29,'2021-03-14 17:41:09','2021-03-14 17:41:09'),(530,'ESC-30','natoque penatibus et magnis',3,30,'2021-03-14 17:41:09','2021-03-14 17:41:09'),(531,'ESC-31','aliquet magna a neque.',3,31,'2021-03-14 17:41:09','2021-03-14 17:41:09'),(532,'ESC-32','et',3,32,'2021-03-14 17:41:09','2021-03-14 17:41:09'),(533,'ESC-33','venenatis vel, faucibus id, libero. Donec consectetuer mauris id sapien.',3,33,'2021-03-14 17:41:09','2021-03-14 17:41:09'),(534,'ESC-34','tortor nibh sit amet orci. Ut sagittis lobortis mauris. Suspendisse',3,34,'2021-03-14 17:41:09','2021-03-14 17:41:09'),(535,'ESC-35','velit',3,35,'2021-03-14 17:41:09','2021-03-14 17:41:09'),(536,'ESC-36','arcu. Vestibulum ante ipsum primis in faucibus orci',3,36,'2021-03-14 17:41:09','2021-03-14 17:41:09'),(537,'ESC-37','id enim. Curabitur massa. Vestibulum accumsan neque et',3,37,'2021-03-14 17:41:09','2021-03-14 17:41:09'),(538,'ESC-38','et netus et malesuada',3,38,'2021-03-14 17:41:09','2021-03-14 17:41:09'),(539,'ESC-39','ut, pharetra sed, hendrerit a, arcu. Sed et libero. Proin',3,39,'2021-03-14 17:41:09','2021-03-14 17:41:09'),(540,'ESC-40','fames ac turpis egestas. Aliquam fringilla cursus purus. Nullam scelerisque',3,40,'2021-03-14 17:41:09','2021-03-14 17:41:09'),(541,'ESC-41','imperdiet nec, leo. Morbi neque tellus, imperdiet non, vestibulum',3,41,'2021-03-14 17:41:09','2021-03-14 17:41:09'),(542,'ESC-42','montes, nascetur ridiculus mus. Donec dignissim magna a tortor. Nunc',3,42,'2021-03-14 17:41:09','2021-03-14 17:41:09'),(543,'ESC-43','at arcu. Vestibulum ante ipsum',3,43,'2021-03-14 17:41:09','2021-03-14 17:41:09'),(544,'ESC-44','mi fringilla mi lacinia mattis. Integer eu lacus. Quisque imperdiet,',3,44,'2021-03-14 17:41:09','2021-03-14 17:41:09'),(545,'ESC-45','in, dolor. Fusce',3,45,'2021-03-14 17:41:09','2021-03-14 17:41:09'),(546,'ESC-46','amet massa. Quisque porttitor eros nec tellus. Nunc lectus',3,46,'2021-03-14 17:41:09','2021-03-14 17:41:09'),(547,'ESC-47','erat nonummy',3,47,'2021-03-14 17:41:09','2021-03-14 17:41:09'),(548,'ESC-48','nec',3,48,'2021-03-14 17:41:09','2021-03-14 17:41:09'),(549,'ESC-49','enim, sit amet ornare lectus justo',3,49,'2021-03-14 17:41:09','2021-03-14 17:41:09'),(550,'ESC-50','rutrum.',3,50,'2021-03-14 17:41:09','2021-03-14 17:41:09'),(551,'ESC-51','pede. Cum sociis natoque penatibus et magnis',3,51,'2021-03-14 17:41:09','2021-03-14 17:41:09'),(552,'ESC-52','Praesent eu nulla at sem molestie sodales. Mauris blandit enim',3,52,'2021-03-14 17:41:09','2021-03-14 17:41:09'),(553,'ESC-53','lobortis quam a felis',3,53,'2021-03-14 17:41:09','2021-03-14 17:41:09'),(554,'ESC-54','augue ut',3,54,'2021-03-14 17:41:09','2021-03-14 17:41:09'),(555,'ESC-55','ut, pharetra',3,55,'2021-03-14 17:41:09','2021-03-14 17:41:09'),(556,'ESC-56','orci. Ut semper pretium',3,56,'2021-03-14 17:41:09','2021-03-14 17:41:09'),(557,'ESC-57','accumsan convallis, ante lectus convallis',3,57,'2021-03-14 17:41:09','2021-03-14 17:41:09'),(558,'ESC-58','neque. Morbi quis urna. Nunc quis arcu vel quam dignissim',3,58,'2021-03-14 17:41:09','2021-03-14 17:41:09'),(559,'ESC-59','amet luctus vulputate, nisi sem semper erat, in consectetuer',3,59,'2021-03-14 17:41:09','2021-03-14 17:41:09'),(560,'ESC-60','Suspendisse non leo.',3,60,'2021-03-14 17:41:09','2021-03-14 17:41:09'),(561,'ESC-61','ullamcorper viverra. Maecenas iaculis aliquet diam. Sed diam lorem,',3,61,'2021-03-14 17:41:09','2021-03-14 17:41:09'),(562,'ESC-62','Vivamus nibh dolor, nonummy ac, feugiat non, lobortis quis,',3,62,'2021-03-14 17:41:09','2021-03-14 17:41:09'),(563,'ESC-63','pede, ultrices a, auctor non, feugiat nec,',3,63,'2021-03-14 17:41:09','2021-03-14 17:41:09'),(564,'ESC-64','cursus vestibulum. Mauris magna. Duis dignissim tempor arcu. Vestibulum',3,64,'2021-03-14 17:41:09','2021-03-14 17:41:09'),(565,'ESC-65','non, hendrerit id, ante. Nunc mauris sapien, cursus in, hendrerit',3,65,'2021-03-14 17:41:09','2021-03-14 17:41:09'),(566,'ESC-66','a, aliquet vel,',3,66,'2021-03-14 17:41:09','2021-03-14 17:41:09'),(567,'ESC-67','sit',3,67,'2021-03-14 17:41:09','2021-03-14 17:41:09'),(568,'ESC-68','vehicula risus. Nulla eget metus eu',3,68,'2021-03-14 17:41:09','2021-03-14 17:41:09'),(569,'ESC-69','Phasellus fermentum convallis ligula. Donec luctus aliquet odio. Etiam ligula',3,69,'2021-03-14 17:41:09','2021-03-14 17:41:09'),(570,'ESC-70','non massa non ante bibendum ullamcorper. Duis cursus, diam at',3,70,'2021-03-14 17:41:09','2021-03-14 17:41:09'),(571,'ESC-71','enim consequat purus. Maecenas libero est, congue a, aliquet',3,71,'2021-03-14 17:41:09','2021-03-14 17:41:09'),(572,'ESC-72','ornare lectus',3,72,'2021-03-14 17:41:09','2021-03-14 17:41:09'),(573,'ESC-73','sit amet nulla. Donec non',3,73,'2021-03-14 17:41:09','2021-03-14 17:41:09'),(574,'ESC-74','eu turpis. Nulla aliquet. Proin velit. Sed malesuada augue ut',3,74,'2021-03-14 17:41:09','2021-03-14 17:41:09'),(575,'ESC-75','scelerisque neque sed sem egestas blandit. Nam nulla magna, malesuada',3,75,'2021-03-14 17:41:09','2021-03-14 17:41:09'),(576,'ESC-76','et netus et malesuada fames',3,76,'2021-03-14 17:41:09','2021-03-14 17:41:09'),(577,'ESC-77','sem elit,',3,77,'2021-03-14 17:41:09','2021-03-14 17:41:09'),(578,'ESC-78','ut ipsum',3,78,'2021-03-14 17:41:09','2021-03-14 17:41:09'),(579,'ESC-79','Suspendisse aliquet, sem ut cursus luctus, ipsum leo',3,79,'2021-03-14 17:41:09','2021-03-14 17:41:09'),(580,'ESC-80','erat',3,80,'2021-03-14 17:41:09','2021-03-14 17:41:09'),(581,'ESC-81','Aliquam ultrices iaculis',3,81,'2021-03-14 17:41:09','2021-03-14 17:41:09'),(582,'ESC-82','dolor. Quisque tincidunt pede ac urna. Ut',3,82,'2021-03-14 17:41:09','2021-03-14 17:41:09'),(583,'ESC-83','enim.',3,83,'2021-03-14 17:41:09','2021-03-14 17:41:09'),(584,'ESC-84','Quisque purus sapien, gravida non,',3,84,'2021-03-14 17:41:09','2021-03-14 17:41:09'),(585,'ESC-85','mattis. Cras eget nisi dictum augue malesuada',3,85,'2021-03-14 17:41:09','2021-03-14 17:41:09'),(586,'ESC-86','ipsum nunc',3,86,'2021-03-14 17:41:09','2021-03-14 17:41:09'),(587,'ESC-87','sociis natoque',3,87,'2021-03-14 17:41:09','2021-03-14 17:41:09'),(588,'ESC-88','sed, sapien. Nunc',3,88,'2021-03-14 17:41:09','2021-03-14 17:41:09'),(589,'ESC-89','Suspendisse',3,89,'2021-03-14 17:41:09','2021-03-14 17:41:09'),(590,'ESC-90','viverra. Donec tempus,',3,90,'2021-03-14 17:41:09','2021-03-14 17:41:09'),(591,'ESC-91','dictum.',3,91,'2021-03-14 17:41:09','2021-03-14 17:41:09'),(592,'ESC-92','parturient montes, nascetur ridiculus mus.',3,92,'2021-03-14 17:41:09','2021-03-14 17:41:09'),(593,'ESC-93','ac mattis velit justo nec ante. Maecenas',3,93,'2021-03-14 17:41:09','2021-03-14 17:41:09'),(594,'ESC-94','mi, ac mattis',3,94,'2021-03-14 17:41:09','2021-03-14 17:41:09'),(595,'ESC-95','magna. Cras convallis convallis dolor. Quisque tincidunt pede ac urna.',3,95,'2021-03-14 17:41:09','2021-03-14 17:41:09'),(596,'ESC-96','cursus non, egestas a, dui. Cras pellentesque.',3,96,'2021-03-14 17:41:09','2021-03-14 17:41:09'),(597,'ESC-97','enim, condimentum eget, volutpat ornare, facilisis',3,97,'2021-03-14 17:41:09','2021-03-14 17:41:09'),(598,'ESC-98','sem molestie sodales. Mauris',3,98,'2021-03-14 17:41:09','2021-03-14 17:41:09'),(599,'ESC-99','Pellentesque ut ipsum ac mi eleifend',3,99,'2021-03-14 17:41:09','2021-03-14 17:41:09'),(600,'ESC-100','risus a ultricies adipiscing, enim mi tempor lorem, eget mollis',3,100,'2021-03-14 17:41:09','2021-03-14 17:41:09'),(601,'ESC-1','elit, pretium et, rutrum non, hendrerit id,',3,1,'2021-03-14 17:41:09','2021-03-14 17:41:09'),(602,'ESC-2','Integer sem elit,',3,2,'2021-03-14 17:41:09','2021-03-14 17:41:09'),(603,'ESC-3','magnis dis parturient montes,',3,3,'2021-03-14 17:41:09','2021-03-14 17:41:09'),(604,'ESC-4','laoreet posuere, enim nisl elementum',3,4,'2021-03-14 17:41:09','2021-03-14 17:41:09'),(605,'ESC-5','risus. In mi pede, nonummy ut, molestie in, tempus',3,5,'2021-03-14 17:41:09','2021-03-14 17:41:09'),(606,'ESC-6','enim consequat purus. Maecenas',3,6,'2021-03-14 17:41:09','2021-03-14 17:41:09'),(607,'ESC-7','dui. Suspendisse ac metus vitae velit egestas lacinia. Sed',3,7,'2021-03-14 17:41:09','2021-03-14 17:41:09'),(608,'ESC-8','et malesuada fames ac turpis egestas. Fusce aliquet magna',3,8,'2021-03-14 17:41:09','2021-03-14 17:41:09'),(609,'ESC-9','eu metus. In lorem. Donec elementum, lorem ut',3,9,'2021-03-14 17:41:09','2021-03-14 17:41:09'),(610,'ESC-10','Donec',3,10,'2021-03-14 17:41:09','2021-03-14 17:41:09'),(611,'ESC-11','per inceptos hymenaeos. Mauris ut',3,11,'2021-03-14 17:41:09','2021-03-14 17:41:09'),(612,'ESC-12','metus.',3,12,'2021-03-14 17:41:09','2021-03-14 17:41:09'),(613,'ESC-13','nunc nulla vulputate',3,13,'2021-03-14 17:41:09','2021-03-14 17:41:09'),(614,'ESC-14','aliquet libero. Integer in magna. Phasellus dolor elit, pellentesque',3,14,'2021-03-14 17:41:09','2021-03-14 17:41:09'),(615,'ESC-15','Pellentesque ultricies dignissim lacus. Aliquam rutrum lorem ac',3,15,'2021-03-14 17:41:09','2021-03-14 17:41:09'),(616,'ESC-16','Sed et libero. Proin',3,16,'2021-03-14 17:41:09','2021-03-14 17:41:09'),(617,'ESC-17','tellus lorem eu metus. In lorem. Donec',3,17,'2021-03-14 17:41:09','2021-03-14 17:41:09'),(618,'ESC-18','Curabitur sed tortor. Integer aliquam adipiscing lacus.',3,18,'2021-03-14 17:41:09','2021-03-14 17:41:09'),(619,'ESC-19','lorem',3,19,'2021-03-14 17:41:09','2021-03-14 17:41:09'),(620,'ESC-20','Quisque varius. Nam porttitor',3,20,'2021-03-14 17:41:09','2021-03-14 17:41:09'),(621,'ESC-21','et, rutrum non,',3,21,'2021-03-14 17:41:09','2021-03-14 17:41:09'),(622,'ESC-22','risus. Morbi metus. Vivamus euismod urna. Nullam lobortis quam',3,22,'2021-03-14 17:41:09','2021-03-14 17:41:09'),(623,'ESC-23','augue malesuada malesuada. Integer id magna et',3,23,'2021-03-14 17:41:09','2021-03-14 17:41:09'),(624,'ESC-24','fringilla euismod enim. Etiam gravida molestie arcu. Sed eu',3,24,'2021-03-14 17:41:09','2021-03-14 17:41:09'),(625,'ESC-25','mi felis, adipiscing fringilla,',3,25,'2021-03-14 17:41:09','2021-03-14 17:41:09'),(626,'ESC-26','libero mauris, aliquam eu, accumsan sed, facilisis',3,26,'2021-03-14 17:41:09','2021-03-14 17:41:09'),(627,'ESC-27','Integer',3,27,'2021-03-14 17:41:09','2021-03-14 17:41:09'),(628,'ESC-28','parturient montes, nascetur',3,28,'2021-03-14 17:41:09','2021-03-14 17:41:09'),(629,'ESC-29','In at pede. Cras',3,29,'2021-03-14 17:41:09','2021-03-14 17:41:09'),(630,'ESC-30','natoque penatibus et magnis',3,30,'2021-03-14 17:41:09','2021-03-14 17:41:09'),(631,'ESC-31','aliquet magna a neque.',3,31,'2021-03-14 17:41:09','2021-03-14 17:41:09'),(632,'ESC-32','et',3,32,'2021-03-14 17:41:09','2021-03-14 17:41:09'),(633,'ESC-33','venenatis vel, faucibus id, libero. Donec consectetuer mauris id sapien.',3,33,'2021-03-14 17:41:09','2021-03-14 17:41:09'),(634,'ESC-34','tortor nibh sit amet orci. Ut sagittis lobortis mauris. Suspendisse',3,34,'2021-03-14 17:41:09','2021-03-14 17:41:09'),(635,'ESC-35','velit',3,35,'2021-03-14 17:41:09','2021-03-14 17:41:09'),(636,'ESC-36','arcu. Vestibulum ante ipsum primis in faucibus orci',3,36,'2021-03-14 17:41:09','2021-03-14 17:41:09'),(637,'ESC-37','id enim. Curabitur massa. Vestibulum accumsan neque et',3,37,'2021-03-14 17:41:09','2021-03-14 17:41:09'),(638,'ESC-38','et netus et malesuada',3,38,'2021-03-14 17:41:09','2021-03-14 17:41:09'),(639,'ESC-39','ut, pharetra sed, hendrerit a, arcu. Sed et libero. Proin',3,39,'2021-03-14 17:41:09','2021-03-14 17:41:09'),(640,'ESC-40','fames ac turpis egestas. Aliquam fringilla cursus purus. Nullam scelerisque',3,40,'2021-03-14 17:41:09','2021-03-14 17:41:09'),(641,'ESC-41','imperdiet nec, leo. Morbi neque tellus, imperdiet non, vestibulum',3,41,'2021-03-14 17:41:09','2021-03-14 17:41:09'),(642,'ESC-42','montes, nascetur ridiculus mus. Donec dignissim magna a tortor. Nunc',3,42,'2021-03-14 17:41:09','2021-03-14 17:41:09'),(643,'ESC-43','at arcu. Vestibulum ante ipsum',3,43,'2021-03-14 17:41:09','2021-03-14 17:41:09'),(644,'ESC-44','mi fringilla mi lacinia mattis. Integer eu lacus. Quisque imperdiet,',3,44,'2021-03-14 17:41:09','2021-03-14 17:41:09'),(645,'ESC-45','in, dolor. Fusce',3,45,'2021-03-14 17:41:09','2021-03-14 17:41:09'),(646,'ESC-46','amet massa. Quisque porttitor eros nec tellus. Nunc lectus',3,46,'2021-03-14 17:41:09','2021-03-14 17:41:09'),(647,'ESC-47','erat nonummy',3,47,'2021-03-14 17:41:09','2021-03-14 17:41:09'),(648,'ESC-48','nec',3,48,'2021-03-14 17:41:09','2021-03-14 17:41:09'),(649,'ESC-49','enim, sit amet ornare lectus justo',3,49,'2021-03-14 17:41:09','2021-03-14 17:41:09'),(650,'ESC-50','rutrum.',3,50,'2021-03-14 17:41:09','2021-03-14 17:41:09'),(651,'ESC-51','pede. Cum sociis natoque penatibus et magnis',3,51,'2021-03-14 17:41:09','2021-03-14 17:41:09'),(652,'ESC-52','Praesent eu nulla at sem molestie sodales. Mauris blandit enim',3,52,'2021-03-14 17:41:09','2021-03-14 17:41:09'),(653,'ESC-53','lobortis quam a felis',3,53,'2021-03-14 17:41:09','2021-03-14 17:41:09'),(654,'ESC-54','augue ut',3,54,'2021-03-14 17:41:09','2021-03-14 17:41:09'),(655,'ESC-55','ut, pharetra',3,55,'2021-03-14 17:41:09','2021-03-14 17:41:09'),(656,'ESC-56','orci. Ut semper pretium',3,56,'2021-03-14 17:41:09','2021-03-14 17:41:09'),(657,'ESC-57','accumsan convallis, ante lectus convallis',3,57,'2021-03-14 17:41:09','2021-03-14 17:41:09'),(658,'ESC-58','neque. Morbi quis urna. Nunc quis arcu vel quam dignissim',3,58,'2021-03-14 17:41:09','2021-03-14 17:41:09'),(659,'ESC-59','amet luctus vulputate, nisi sem semper erat, in consectetuer',3,59,'2021-03-14 17:41:09','2021-03-14 17:41:09'),(660,'ESC-60','Suspendisse non leo.',3,60,'2021-03-14 17:41:09','2021-03-14 17:41:09'),(661,'ESC-61','ullamcorper viverra. Maecenas iaculis aliquet diam. Sed diam lorem,',3,61,'2021-03-14 17:41:09','2021-03-14 17:41:09'),(662,'ESC-62','Vivamus nibh dolor, nonummy ac, feugiat non, lobortis quis,',3,62,'2021-03-14 17:41:09','2021-03-14 17:41:09'),(663,'ESC-63','pede, ultrices a, auctor non, feugiat nec,',3,63,'2021-03-14 17:41:09','2021-03-14 17:41:09'),(664,'ESC-64','cursus vestibulum. Mauris magna. Duis dignissim tempor arcu. Vestibulum',3,64,'2021-03-14 17:41:09','2021-03-14 17:41:09'),(665,'ESC-65','non, hendrerit id, ante. Nunc mauris sapien, cursus in, hendrerit',3,65,'2021-03-14 17:41:09','2021-03-14 17:41:09'),(666,'ESC-66','a, aliquet vel,',3,66,'2021-03-14 17:41:09','2021-03-14 17:41:09'),(667,'ESC-67','sit',3,67,'2021-03-14 17:41:09','2021-03-14 17:41:09'),(668,'ESC-68','vehicula risus. Nulla eget metus eu',3,68,'2021-03-14 17:41:09','2021-03-14 17:41:09'),(669,'ESC-69','Phasellus fermentum convallis ligula. Donec luctus aliquet odio. Etiam ligula',3,69,'2021-03-14 17:41:09','2021-03-14 17:41:09'),(670,'ESC-70','non massa non ante bibendum ullamcorper. Duis cursus, diam at',3,70,'2021-03-14 17:41:09','2021-03-14 17:41:09'),(671,'ESC-71','enim consequat purus. Maecenas libero est, congue a, aliquet',3,71,'2021-03-14 17:41:09','2021-03-14 17:41:09'),(672,'ESC-72','ornare lectus',3,72,'2021-03-14 17:41:09','2021-03-14 17:41:09'),(673,'ESC-73','sit amet nulla. Donec non',3,73,'2021-03-14 17:41:09','2021-03-14 17:41:09'),(674,'ESC-74','eu turpis. Nulla aliquet. Proin velit. Sed malesuada augue ut',3,74,'2021-03-14 17:41:09','2021-03-14 17:41:09'),(675,'ESC-75','scelerisque neque sed sem egestas blandit. Nam nulla magna, malesuada',3,75,'2021-03-14 17:41:09','2021-03-14 17:41:09'),(676,'ESC-76','et netus et malesuada fames',3,76,'2021-03-14 17:41:09','2021-03-14 17:41:09'),(677,'ESC-77','sem elit,',3,77,'2021-03-14 17:41:09','2021-03-14 17:41:09'),(678,'ESC-78','ut ipsum',3,78,'2021-03-14 17:41:09','2021-03-14 17:41:09'),(679,'ESC-79','Suspendisse aliquet, sem ut cursus luctus, ipsum leo',3,79,'2021-03-14 17:41:09','2021-03-14 17:41:09'),(680,'ESC-80','erat',3,80,'2021-03-14 17:41:09','2021-03-14 17:41:09'),(681,'ESC-81','Aliquam ultrices iaculis',3,81,'2021-03-14 17:41:09','2021-03-14 17:41:09'),(682,'ESC-82','dolor. Quisque tincidunt pede ac urna. Ut',3,82,'2021-03-14 17:41:09','2021-03-14 17:41:09'),(683,'ESC-83','enim.',3,83,'2021-03-14 17:41:09','2021-03-14 17:41:09'),(684,'ESC-84','Quisque purus sapien, gravida non,',3,84,'2021-03-14 17:41:09','2021-03-14 17:41:09'),(685,'ESC-85','mattis. Cras eget nisi dictum augue malesuada',3,85,'2021-03-14 17:41:09','2021-03-14 17:41:09'),(686,'ESC-86','ipsum nunc',3,86,'2021-03-14 17:41:09','2021-03-14 17:41:09'),(687,'ESC-87','sociis natoque',3,87,'2021-03-14 17:41:09','2021-03-14 17:41:09'),(688,'ESC-88','sed, sapien. Nunc',3,88,'2021-03-14 17:41:09','2021-03-14 17:41:09'),(689,'ESC-89','Suspendisse',3,89,'2021-03-14 17:41:09','2021-03-14 17:41:09'),(690,'ESC-90','viverra. Donec tempus,',3,90,'2021-03-14 17:41:09','2021-03-14 17:41:09'),(691,'ESC-91','dictum.',3,91,'2021-03-14 17:41:09','2021-03-14 17:41:09'),(692,'ESC-92','parturient montes, nascetur ridiculus mus.',3,92,'2021-03-14 17:41:09','2021-03-14 17:41:09'),(693,'ESC-93','ac mattis velit justo nec ante. Maecenas',3,93,'2021-03-14 17:41:09','2021-03-14 17:41:09'),(694,'ESC-94','mi, ac mattis',3,94,'2021-03-14 17:41:09','2021-03-14 17:41:09'),(695,'ESC-95','magna. Cras convallis convallis dolor. Quisque tincidunt pede ac urna.',3,95,'2021-03-14 17:41:09','2021-03-14 17:41:09'),(696,'ESC-96','cursus non, egestas a, dui. Cras pellentesque.',3,96,'2021-03-14 17:41:09','2021-03-14 17:41:09'),(697,'ESC-97','enim, condimentum eget, volutpat ornare, facilisis',3,97,'2021-03-14 17:41:09','2021-03-14 17:41:09'),(698,'ESC-98','sem molestie sodales. Mauris',3,98,'2021-03-14 17:41:09','2021-03-14 17:41:09'),(699,'ESC-99','Pellentesque ut ipsum ac mi eleifend',3,99,'2021-03-14 17:41:09','2021-03-14 17:41:09'),(700,'ESC-100','risus a ultricies adipiscing, enim mi tempor lorem, eget mollis',3,100,'2021-03-14 17:41:09','2021-03-14 17:41:09'),(701,'AIO Flight Controller-1','metus. Vivamus euismod urna. Nullam',5,1,'2021-03-14 17:41:09','2021-03-14 17:41:09'),(702,'AIO Flight Controller-2','nulla',5,2,'2021-03-14 17:41:09','2021-03-14 17:41:09'),(703,'AIO Flight Controller-3','faucibus leo, in lobortis tellus justo',5,3,'2021-03-14 17:41:09','2021-03-14 17:41:09'),(704,'AIO Flight Controller-4','ultrices',5,4,'2021-03-14 17:41:09','2021-03-14 17:41:09'),(705,'AIO Flight Controller-5','scelerisque sed, sapien. Nunc pulvinar arcu et pede. Nunc',5,5,'2021-03-14 17:41:09','2021-03-14 17:41:09'),(706,'AIO Flight Controller-6','quis arcu vel quam dignissim pharetra. Nam ac nulla. In',5,6,'2021-03-14 17:41:09','2021-03-14 17:41:09'),(707,'AIO Flight Controller-7','Duis dignissim tempor arcu. Vestibulum ut eros',5,7,'2021-03-14 17:41:09','2021-03-14 17:41:09'),(708,'AIO Flight Controller-8','at, velit. Cras lorem lorem, luctus ut,',5,8,'2021-03-14 17:41:09','2021-03-14 17:41:09'),(709,'AIO Flight Controller-9','amet',5,9,'2021-03-14 17:41:09','2021-03-14 17:41:09'),(710,'AIO Flight Controller-10','Nulla',5,10,'2021-03-14 17:41:09','2021-03-14 17:41:09'),(711,'AIO Flight Controller-11','Aenean eget magna. Suspendisse tristique neque venenatis lacus. Etiam bibendum',5,11,'2021-03-14 17:41:09','2021-03-14 17:41:09'),(712,'AIO Flight Controller-12','montes, nascetur ridiculus mus. Aenean eget magna. Suspendisse tristique neque',5,12,'2021-03-14 17:41:09','2021-03-14 17:41:09'),(713,'AIO Flight Controller-13','non, bibendum sed, est. Nunc laoreet lectus quis massa.',5,13,'2021-03-14 17:41:09','2021-03-14 17:41:09'),(714,'AIO Flight Controller-14','arcu. Aliquam ultrices iaculis',5,14,'2021-03-14 17:41:09','2021-03-14 17:41:09'),(715,'AIO Flight Controller-15','Aliquam nisl. Nulla eu',5,15,'2021-03-14 17:41:09','2021-03-14 17:41:09'),(716,'AIO Flight Controller-16','senectus et netus et malesuada fames ac turpis',5,16,'2021-03-14 17:41:09','2021-03-14 17:41:09'),(717,'AIO Flight Controller-17','fringilla, porttitor vulputate, posuere',5,17,'2021-03-14 17:41:09','2021-03-14 17:41:09'),(718,'AIO Flight Controller-18','ac, eleifend',5,18,'2021-03-14 17:41:09','2021-03-14 17:41:09'),(719,'AIO Flight Controller-19','neque non quam. Pellentesque habitant morbi tristique senectus et netus',5,19,'2021-03-14 17:41:09','2021-03-14 17:41:09'),(720,'AIO Flight Controller-20','elit, dictum eu, eleifend nec, malesuada',5,20,'2021-03-14 17:41:09','2021-03-14 17:41:09'),(721,'AIO Flight Controller-21','habitant morbi tristique',5,21,'2021-03-14 17:41:09','2021-03-14 17:41:09'),(722,'AIO Flight Controller-22','orci luctus et ultrices posuere cubilia Curae;',5,22,'2021-03-14 17:41:09','2021-03-14 17:41:09'),(723,'AIO Flight Controller-23','Aliquam adipiscing',5,23,'2021-03-14 17:41:09','2021-03-14 17:41:09'),(724,'AIO Flight Controller-24','Integer in magna. Phasellus dolor elit, pellentesque a, facilisis non,',5,24,'2021-03-14 17:41:09','2021-03-14 17:41:09'),(725,'AIO Flight Controller-25','bibendum',5,25,'2021-03-14 17:41:09','2021-03-14 17:41:09'),(726,'AIO Flight Controller-26','et, rutrum eu, ultrices sit amet, risus. Donec nibh',5,26,'2021-03-14 17:41:09','2021-03-14 17:41:09'),(727,'AIO Flight Controller-27','et malesuada fames ac turpis',5,27,'2021-03-14 17:41:09','2021-03-14 17:41:09'),(728,'AIO Flight Controller-28','Duis elementum, dui quis accumsan convallis, ante',5,28,'2021-03-14 17:41:09','2021-03-14 17:41:09'),(729,'AIO Flight Controller-29','et ipsum cursus vestibulum. Mauris magna. Duis',5,29,'2021-03-14 17:41:09','2021-03-14 17:41:09'),(730,'AIO Flight Controller-30','ipsum. Suspendisse non leo. Vivamus nibh dolor, nonummy',5,30,'2021-03-14 17:41:09','2021-03-14 17:41:09'),(731,'AIO Flight Controller-31','nonummy ipsum non arcu. Vivamus',5,31,'2021-03-14 17:41:09','2021-03-14 17:41:09'),(732,'AIO Flight Controller-32','nec ante. Maecenas mi felis,',5,32,'2021-03-14 17:41:09','2021-03-14 17:41:09'),(733,'AIO Flight Controller-33','nascetur ridiculus mus. Aenean eget magna. Suspendisse tristique neque',5,33,'2021-03-14 17:41:09','2021-03-14 17:41:09'),(734,'AIO Flight Controller-34','Proin non',5,34,'2021-03-14 17:41:09','2021-03-14 17:41:09'),(735,'AIO Flight Controller-35','natoque penatibus et magnis dis parturient',5,35,'2021-03-14 17:41:09','2021-03-14 17:41:09'),(736,'AIO Flight Controller-36','nunc sit amet',5,36,'2021-03-14 17:41:09','2021-03-14 17:41:09'),(737,'AIO Flight Controller-37','Quisque nonummy ipsum non arcu. Vivamus sit amet risus. Donec',5,37,'2021-03-14 17:41:09','2021-03-14 17:41:09'),(738,'AIO Flight Controller-38','erat. Vivamus nisi. Mauris nulla. Integer',5,38,'2021-03-14 17:41:09','2021-03-14 17:41:09'),(739,'AIO Flight Controller-39','diam vel arcu. Curabitur ut odio',5,39,'2021-03-14 17:41:09','2021-03-14 17:41:09'),(740,'AIO Flight Controller-40','elit. Etiam laoreet, libero et tristique pellentesque, tellus sem',5,40,'2021-03-14 17:41:09','2021-03-14 17:41:09'),(741,'AIO Flight Controller-41','et',5,41,'2021-03-14 17:41:09','2021-03-14 17:41:09'),(742,'AIO Flight Controller-42','nec orci. Donec nibh. Quisque',5,42,'2021-03-14 17:41:09','2021-03-14 17:41:09'),(743,'AIO Flight Controller-43','tincidunt nibh. Phasellus nulla. Integer vulputate, risus a',5,43,'2021-03-14 17:41:09','2021-03-14 17:41:09'),(744,'AIO Flight Controller-44','est mauris,',5,44,'2021-03-14 17:41:09','2021-03-14 17:41:09'),(745,'AIO Flight Controller-45','Pellentesque',5,45,'2021-03-14 17:41:09','2021-03-14 17:41:09'),(746,'AIO Flight Controller-46','nonummy ipsum',5,46,'2021-03-14 17:41:09','2021-03-14 17:41:09'),(747,'AIO Flight Controller-47','blandit mattis. Cras',5,47,'2021-03-14 17:41:09','2021-03-14 17:41:09'),(748,'AIO Flight Controller-48','ultrices iaculis odio. Nam',5,48,'2021-03-14 17:41:09','2021-03-14 17:41:09'),(749,'AIO Flight Controller-49','vestibulum. Mauris magna. Duis dignissim tempor arcu. Vestibulum ut',5,49,'2021-03-14 17:41:09','2021-03-14 17:41:09'),(750,'AIO Flight Controller-50','laoreet, libero et tristique pellentesque, tellus sem',5,50,'2021-03-14 17:41:09','2021-03-14 17:41:09'),(751,'AIO Flight Controller-51','Curabitur',5,51,'2021-03-14 17:41:09','2021-03-14 17:41:09'),(752,'AIO Flight Controller-52','egestas',5,52,'2021-03-14 17:41:09','2021-03-14 17:41:09'),(753,'AIO Flight Controller-53','elementum,',5,53,'2021-03-14 17:41:09','2021-03-14 17:41:09'),(754,'AIO Flight Controller-54','et, magna. Praesent interdum ligula eu enim. Etiam imperdiet dictum',5,54,'2021-03-14 17:41:09','2021-03-14 17:41:09'),(755,'AIO Flight Controller-55','enim, condimentum eget, volutpat ornare, facilisis eget, ipsum. Donec',5,55,'2021-03-14 17:41:09','2021-03-14 17:41:09'),(756,'AIO Flight Controller-56','dolor',5,56,'2021-03-14 17:41:09','2021-03-14 17:41:09'),(757,'AIO Flight Controller-57','Duis elementum, dui quis accumsan convallis, ante lectus convallis est,',5,57,'2021-03-14 17:41:09','2021-03-14 17:41:09'),(758,'AIO Flight Controller-58','arcu. Sed et libero. Proin mi. Aliquam',5,58,'2021-03-14 17:41:09','2021-03-14 17:41:09'),(759,'AIO Flight Controller-59','per conubia nostra, per inceptos hymenaeos. Mauris ut',5,59,'2021-03-14 17:41:09','2021-03-14 17:41:09'),(760,'AIO Flight Controller-60','odio. Nam interdum enim',5,60,'2021-03-14 17:41:09','2021-03-14 17:41:09'),(761,'AIO Flight Controller-61','dictum eu, eleifend nec, malesuada ut, sem. Nulla',5,61,'2021-03-14 17:41:09','2021-03-14 17:41:09'),(762,'AIO Flight Controller-62','ut eros non enim commodo hendrerit. Donec porttitor tellus non',5,62,'2021-03-14 17:41:09','2021-03-14 17:41:09'),(763,'AIO Flight Controller-63','Aliquam gravida mauris',5,63,'2021-03-14 17:41:09','2021-03-14 17:41:09'),(764,'AIO Flight Controller-64','Fusce mollis. Duis sit amet diam',5,64,'2021-03-14 17:41:09','2021-03-14 17:41:09'),(765,'AIO Flight Controller-65','fermentum metus.',5,65,'2021-03-14 17:41:09','2021-03-14 17:41:09'),(766,'AIO Flight Controller-66','velit in aliquet lobortis, nisi nibh lacinia',5,66,'2021-03-14 17:41:09','2021-03-14 17:41:09'),(767,'AIO Flight Controller-67','tempus mauris erat eget ipsum.',5,67,'2021-03-14 17:41:09','2021-03-14 17:41:09'),(768,'AIO Flight Controller-68','aliquam iaculis, lacus pede sagittis augue, eu tempor erat',5,68,'2021-03-14 17:41:09','2021-03-14 17:41:09'),(769,'AIO Flight Controller-69','magna',5,69,'2021-03-14 17:41:09','2021-03-14 17:41:09'),(770,'AIO Flight Controller-70','Nunc sollicitudin commodo',5,70,'2021-03-14 17:41:09','2021-03-14 17:41:09'),(771,'AIO Flight Controller-71','lobortis tellus justo sit amet nulla. Donec',5,71,'2021-03-14 17:41:09','2021-03-14 17:41:09'),(772,'AIO Flight Controller-72','erat.',5,72,'2021-03-14 17:41:09','2021-03-14 17:41:09'),(773,'AIO Flight Controller-73','iaculis nec, eleifend non, dapibus rutrum, justo. Praesent luctus. Curabitur',5,73,'2021-03-14 17:41:09','2021-03-14 17:41:09'),(774,'AIO Flight Controller-74','est mauris, rhoncus id, mollis nec,',5,74,'2021-03-14 17:41:09','2021-03-14 17:41:09'),(775,'AIO Flight Controller-75','Curabitur egestas nunc sed libero.',5,75,'2021-03-14 17:41:09','2021-03-14 17:41:09'),(776,'AIO Flight Controller-76','sed,',5,76,'2021-03-14 17:41:09','2021-03-14 17:41:09'),(777,'AIO Flight Controller-77','magna sed dui. Fusce aliquam, enim nec tempus scelerisque, lorem',5,77,'2021-03-14 17:41:09','2021-03-14 17:41:09'),(778,'AIO Flight Controller-78','Nullam velit dui, semper et, lacinia vitae,',5,78,'2021-03-14 17:41:09','2021-03-14 17:41:09'),(779,'AIO Flight Controller-79','per inceptos hymenaeos. Mauris ut quam vel sapien imperdiet ornare.',5,79,'2021-03-14 17:41:09','2021-03-14 17:41:09'),(780,'AIO Flight Controller-80','luctus. Curabitur egestas nunc sed libero. Proin sed turpis',5,80,'2021-03-14 17:41:09','2021-03-14 17:41:09'),(781,'AIO Flight Controller-81','Donec fringilla. Donec feugiat metus sit amet ante.',5,81,'2021-03-14 17:41:09','2021-03-14 17:41:09'),(782,'AIO Flight Controller-82','est. Nunc laoreet lectus',5,82,'2021-03-14 17:41:09','2021-03-14 17:41:09'),(783,'AIO Flight Controller-83','felis purus ac tellus. Suspendisse sed dolor. Fusce mi lorem,',5,83,'2021-03-14 17:41:09','2021-03-14 17:41:09'),(784,'AIO Flight Controller-84','pharetra. Quisque ac libero nec',5,84,'2021-03-14 17:41:09','2021-03-14 17:41:09'),(785,'AIO Flight Controller-85','nec tempus',5,85,'2021-03-14 17:41:09','2021-03-14 17:41:09'),(786,'AIO Flight Controller-86','Morbi accumsan',5,86,'2021-03-14 17:41:09','2021-03-14 17:41:09'),(787,'AIO Flight Controller-87','Fusce diam nunc, ullamcorper eu, euismod',5,87,'2021-03-14 17:41:09','2021-03-14 17:41:09'),(788,'AIO Flight Controller-88','Vivamus molestie dapibus ligula. Aliquam erat volutpat. Nulla dignissim.',5,88,'2021-03-14 17:41:09','2021-03-14 17:41:09'),(789,'AIO Flight Controller-89','vitae, aliquet nec, imperdiet',5,89,'2021-03-14 17:41:09','2021-03-14 17:41:09'),(790,'AIO Flight Controller-90','sit amet luctus',5,90,'2021-03-14 17:41:09','2021-03-14 17:41:09'),(791,'AIO Flight Controller-91','taciti sociosqu ad litora torquent per conubia nostra,',5,91,'2021-03-14 17:41:09','2021-03-14 17:41:09'),(792,'AIO Flight Controller-92','orci luctus et ultrices posuere cubilia Curae;',5,92,'2021-03-14 17:41:09','2021-03-14 17:41:09'),(793,'AIO Flight Controller-93','Ut',5,93,'2021-03-14 17:41:09','2021-03-14 17:41:09'),(794,'AIO Flight Controller-94','ac turpis egestas. Aliquam fringilla cursus',5,94,'2021-03-14 17:41:09','2021-03-14 17:41:09'),(795,'AIO Flight Controller-95','elementum at, egestas a, scelerisque sed, sapien.',5,95,'2021-03-14 17:41:09','2021-03-14 17:41:09'),(796,'AIO Flight Controller-96','turpis nec mauris blandit mattis. Cras eget',5,96,'2021-03-14 17:41:09','2021-03-14 17:41:09'),(797,'AIO Flight Controller-97','ornare, libero at auctor ullamcorper, nisl arcu iaculis enim,',5,97,'2021-03-14 17:41:09','2021-03-14 17:41:09'),(798,'AIO Flight Controller-98','feugiat nec, diam. Duis mi enim,',5,98,'2021-03-14 17:41:09','2021-03-14 17:41:09'),(799,'AIO Flight Controller-99','penatibus et magnis dis',5,99,'2021-03-14 17:41:09','2021-03-14 17:41:09'),(800,'AIO Flight Controller-100','lorem,',5,100,'2021-03-14 17:41:09','2021-03-14 17:41:09'),(801,'Frame-1','quis massa. Mauris',1,1,'2021-03-14 17:41:09','2021-03-14 17:41:09'),(802,'Frame-2','sagittis felis. Donec',1,2,'2021-03-14 17:41:09','2021-03-14 17:41:09'),(803,'Frame-3','semper auctor. Mauris vel turpis. Aliquam adipiscing lobortis',1,3,'2021-03-14 17:41:09','2021-03-14 17:41:09'),(804,'Frame-4','dapibus rutrum, justo. Praesent luctus. Curabitur egestas nunc sed libero.',1,4,'2021-03-14 17:41:09','2021-03-14 17:41:09'),(805,'Frame-5','lobortis quis, pede. Suspendisse dui. Fusce',1,5,'2021-03-14 17:41:09','2021-03-14 17:41:09'),(806,'Frame-6','Nullam feugiat placerat velit. Quisque varius. Nam porttitor scelerisque neque.',1,6,'2021-03-14 17:41:09','2021-03-14 17:41:09'),(807,'Frame-7','vel nisl. Quisque fringilla euismod enim. Etiam gravida',1,7,'2021-03-14 17:41:09','2021-03-14 17:41:09'),(808,'Frame-8','sagittis. Nullam vitae',1,8,'2021-03-14 17:41:09','2021-03-14 17:41:09'),(809,'Frame-9','dolor',1,9,'2021-03-14 17:41:09','2021-03-14 17:41:09'),(810,'Frame-10','porttitor interdum. Sed auctor odio a purus. Duis elementum,',1,10,'2021-03-14 17:41:09','2021-03-14 17:41:09'),(811,'Frame-11','montes, nascetur ridiculus',1,11,'2021-03-14 17:41:09','2021-03-14 17:41:09'),(812,'Frame-12','magna tellus faucibus leo,',1,12,'2021-03-14 17:41:09','2021-03-14 17:41:09'),(813,'Frame-13','odio, auctor vitae, aliquet nec, imperdiet nec, leo. Morbi neque',1,13,'2021-03-14 17:41:09','2021-03-14 17:41:09'),(814,'Frame-14','interdum libero dui nec',1,14,'2021-03-14 17:41:09','2021-03-14 17:41:09'),(815,'Frame-15','risus, at fringilla purus mauris a',1,15,'2021-03-14 17:41:09','2021-03-14 17:41:09'),(816,'Frame-16','tincidunt congue turpis. In condimentum. Donec at arcu.',1,16,'2021-03-14 17:41:09','2021-03-14 17:41:09'),(817,'Frame-17','porttitor scelerisque neque. Nullam nisl. Maecenas malesuada fringilla est.',1,17,'2021-03-14 17:41:09','2021-03-14 17:41:09'),(818,'Frame-18','rutrum eu, ultrices sit amet, risus. Donec nibh enim,',1,18,'2021-03-14 17:41:09','2021-03-14 17:41:09'),(819,'Frame-19','fames ac turpis egestas. Aliquam fringilla',1,19,'2021-03-14 17:41:09','2021-03-14 17:41:09'),(820,'Frame-20','ut, sem. Nulla interdum. Curabitur',1,20,'2021-03-14 17:41:09','2021-03-14 17:41:09'),(821,'Frame-21','Morbi non sapien',1,21,'2021-03-14 17:41:09','2021-03-14 17:41:09'),(822,'Frame-22','nec, mollis vitae, posuere at,',1,22,'2021-03-14 17:41:09','2021-03-14 17:41:09'),(823,'Frame-23','posuere, enim nisl elementum',1,23,'2021-03-14 17:41:09','2021-03-14 17:41:09'),(824,'Frame-24','vulputate',1,24,'2021-03-14 17:41:09','2021-03-14 17:41:09'),(825,'Frame-25','arcu. Vestibulum ut eros',1,25,'2021-03-14 17:41:09','2021-03-14 17:41:09'),(826,'Frame-26','adipiscing lobortis risus. In mi',1,26,'2021-03-14 17:41:09','2021-03-14 17:41:09'),(827,'Frame-27','nec tempus mauris erat eget ipsum. Suspendisse',1,27,'2021-03-14 17:41:09','2021-03-14 17:41:09'),(828,'Frame-28','facilisis lorem tristique aliquet. Phasellus fermentum convallis',1,28,'2021-03-14 17:41:09','2021-03-14 17:41:09'),(829,'Frame-29','enim.',1,29,'2021-03-14 17:41:09','2021-03-14 17:41:09'),(830,'Frame-30','bibendum sed, est. Nunc laoreet lectus quis massa.',1,30,'2021-03-14 17:41:09','2021-03-14 17:41:09'),(831,'Frame-31','non arcu. Vivamus sit amet risus. Donec egestas.',1,31,'2021-03-14 17:41:09','2021-03-14 17:41:09'),(832,'Frame-32','imperdiet nec, leo. Morbi neque tellus, imperdiet non, vestibulum',1,32,'2021-03-14 17:41:09','2021-03-14 17:41:09'),(833,'Frame-33','erat',1,33,'2021-03-14 17:41:09','2021-03-14 17:41:09'),(834,'Frame-34','sem eget massa. Suspendisse eleifend.',1,34,'2021-03-14 17:41:09','2021-03-14 17:41:09'),(835,'Frame-35','pellentesque',1,35,'2021-03-14 17:41:09','2021-03-14 17:41:09'),(836,'Frame-36','vel quam dignissim',1,36,'2021-03-14 17:41:09','2021-03-14 17:41:09'),(837,'Frame-37','Nullam nisl. Maecenas malesuada fringilla',1,37,'2021-03-14 17:41:09','2021-03-14 17:41:09'),(838,'Frame-38','vitae',1,38,'2021-03-14 17:41:09','2021-03-14 17:41:09'),(839,'Frame-39','facilisis, magna tellus faucibus leo,',1,39,'2021-03-14 17:41:09','2021-03-14 17:41:09'),(840,'Frame-40','ipsum porta elit, a feugiat tellus lorem eu',1,40,'2021-03-14 17:41:09','2021-03-14 17:41:09'),(841,'Frame-41','Proin nisl sem, consequat nec,',1,41,'2021-03-14 17:41:09','2021-03-14 17:41:09'),(842,'Frame-42','ipsum',1,42,'2021-03-14 17:41:09','2021-03-14 17:41:09'),(843,'Frame-43','nunc. Quisque ornare tortor at',1,43,'2021-03-14 17:41:09','2021-03-14 17:41:09'),(844,'Frame-44','lectus. Cum sociis natoque penatibus et magnis',1,44,'2021-03-14 17:41:09','2021-03-14 17:41:09'),(845,'Frame-45','Pellentesque ut ipsum',1,45,'2021-03-14 17:41:09','2021-03-14 17:41:09'),(846,'Frame-46','Quisque',1,46,'2021-03-14 17:41:09','2021-03-14 17:41:09'),(847,'Frame-47','eros nec tellus. Nunc lectus pede, ultrices',1,47,'2021-03-14 17:41:09','2021-03-14 17:41:09'),(848,'Frame-48','neque non quam. Pellentesque',1,48,'2021-03-14 17:41:09','2021-03-14 17:41:09'),(849,'Frame-49','rhoncus. Nullam velit dui, semper',1,49,'2021-03-14 17:41:09','2021-03-14 17:41:09'),(850,'Frame-50','parturient montes, nascetur ridiculus mus. Aenean eget',1,50,'2021-03-14 17:41:09','2021-03-14 17:41:09'),(851,'Frame-51','elit. Aliquam auctor, velit eget',1,51,'2021-03-14 17:41:09','2021-03-14 17:41:09'),(852,'Frame-52','consequat dolor vitae dolor. Donec',1,52,'2021-03-14 17:41:09','2021-03-14 17:41:09'),(853,'Frame-53','non, dapibus rutrum, justo. Praesent luctus. Curabitur',1,53,'2021-03-14 17:41:09','2021-03-14 17:41:09'),(854,'Frame-54','vulputate, lacus. Cras interdum. Nunc',1,54,'2021-03-14 17:41:09','2021-03-14 17:41:09'),(855,'Frame-55','gravida molestie arcu. Sed',1,55,'2021-03-14 17:41:09','2021-03-14 17:41:09'),(856,'Frame-56','sollicitudin a,',1,56,'2021-03-14 17:41:09','2021-03-14 17:41:09'),(857,'Frame-57','augue eu tellus. Phasellus elit pede, malesuada vel,',1,57,'2021-03-14 17:41:09','2021-03-14 17:41:09'),(858,'Frame-58','Nunc ac',1,58,'2021-03-14 17:41:09','2021-03-14 17:41:09'),(859,'Frame-59','ac ipsum. Phasellus vitae mauris sit',1,59,'2021-03-14 17:41:09','2021-03-14 17:41:09'),(860,'Frame-60','orci. Donec nibh. Quisque nonummy ipsum',1,60,'2021-03-14 17:41:09','2021-03-14 17:41:09'),(861,'Frame-61','Integer vitae nibh. Donec est mauris,',1,61,'2021-03-14 17:41:09','2021-03-14 17:41:09'),(862,'Frame-62','vestibulum massa rutrum magna. Cras convallis',1,62,'2021-03-14 17:41:09','2021-03-14 17:41:09'),(863,'Frame-63','Quisque ac libero nec ligula consectetuer rhoncus. Nullam velit',1,63,'2021-03-14 17:41:09','2021-03-14 17:41:09'),(864,'Frame-64','quam. Pellentesque habitant morbi tristique senectus et',1,64,'2021-03-14 17:41:09','2021-03-14 17:41:09'),(865,'Frame-65','pellentesque a, facilisis non, bibendum sed, est. Nunc laoreet lectus',1,65,'2021-03-14 17:41:09','2021-03-14 17:41:09'),(866,'Frame-66','feugiat metus sit',1,66,'2021-03-14 17:41:09','2021-03-14 17:41:09'),(867,'Frame-67','odio sagittis semper. Nam tempor diam dictum sapien. Aenean massa.',1,67,'2021-03-14 17:41:09','2021-03-14 17:41:09'),(868,'Frame-68','venenatis',1,68,'2021-03-14 17:41:09','2021-03-14 17:41:09'),(869,'Frame-69','fringilla. Donec feugiat metus sit amet ante. Vivamus non lorem',1,69,'2021-03-14 17:41:09','2021-03-14 17:41:09'),(870,'Frame-70','eu elit.',1,70,'2021-03-14 17:41:09','2021-03-14 17:41:09'),(871,'Frame-71','euismod et,',1,71,'2021-03-14 17:41:09','2021-03-14 17:41:09'),(872,'Frame-72','eu',1,72,'2021-03-14 17:41:09','2021-03-14 17:41:09'),(873,'Frame-73','adipiscing',1,73,'2021-03-14 17:41:09','2021-03-14 17:41:09'),(874,'Frame-74','sit amet lorem semper',1,74,'2021-03-14 17:41:09','2021-03-14 17:41:09'),(875,'Frame-75','orci. Donec nibh. Quisque nonummy',1,75,'2021-03-14 17:41:09','2021-03-14 17:41:09'),(876,'Frame-76','adipiscing elit. Curabitur',1,76,'2021-03-14 17:41:09','2021-03-14 17:41:09'),(877,'Frame-77','Sed',1,77,'2021-03-14 17:41:09','2021-03-14 17:41:09'),(878,'Frame-78','dolor egestas rhoncus. Proin nisl sem, consequat',1,78,'2021-03-14 17:41:09','2021-03-14 17:41:09'),(879,'Frame-79','justo.',1,79,'2021-03-14 17:41:09','2021-03-14 17:41:09'),(880,'Frame-80','eget, venenatis a, magna. Lorem ipsum dolor sit amet,',1,80,'2021-03-14 17:41:09','2021-03-14 17:41:09'),(881,'Frame-81','faucibus orci luctus et ultrices posuere cubilia Curae;',1,81,'2021-03-14 17:41:09','2021-03-14 17:41:09'),(882,'Frame-82','id, mollis nec, cursus a, enim. Suspendisse aliquet, sem',1,82,'2021-03-14 17:41:09','2021-03-14 17:41:09'),(883,'Frame-83','Pellentesque ultricies dignissim lacus. Aliquam rutrum',1,83,'2021-03-14 17:41:09','2021-03-14 17:41:09'),(884,'Frame-84','dapibus',1,84,'2021-03-14 17:41:09','2021-03-14 17:41:09'),(885,'Frame-85','Praesent eu dui. Cum sociis natoque penatibus',1,85,'2021-03-14 17:41:09','2021-03-14 17:41:09'),(886,'Frame-86','enim.',1,86,'2021-03-14 17:41:09','2021-03-14 17:41:09'),(887,'Frame-87','id,',1,87,'2021-03-14 17:41:09','2021-03-14 17:41:09'),(888,'Frame-88','erat neque non quam. Pellentesque habitant',1,88,'2021-03-14 17:41:09','2021-03-14 17:41:09'),(889,'Frame-89','elit, pellentesque',1,89,'2021-03-14 17:41:09','2021-03-14 17:41:09'),(890,'Frame-90','nulla. Integer vulputate, risus a ultricies adipiscing, enim mi',1,90,'2021-03-14 17:41:09','2021-03-14 17:41:09'),(891,'Frame-91','amet nulla.',1,91,'2021-03-14 17:41:09','2021-03-14 17:41:09'),(892,'Frame-92','convallis',1,92,'2021-03-14 17:41:09','2021-03-14 17:41:09'),(893,'Frame-93','neque non quam.',1,93,'2021-03-14 17:41:09','2021-03-14 17:41:09'),(894,'Frame-94','Phasellus dolor elit, pellentesque',1,94,'2021-03-14 17:41:09','2021-03-14 17:41:09'),(895,'Frame-95','vulputate velit eu',1,95,'2021-03-14 17:41:09','2021-03-14 17:41:09'),(896,'Frame-96','lobortis quis,',1,96,'2021-03-14 17:41:09','2021-03-14 17:41:09'),(897,'Frame-97','Nulla',1,97,'2021-03-14 17:41:09','2021-03-14 17:41:09'),(898,'Frame-98','mauris blandit mattis. Cras eget nisi',1,98,'2021-03-14 17:41:09','2021-03-14 17:41:09'),(899,'Frame-99','tempor, est ac mattis semper, dui lectus rutrum urna,',1,99,'2021-03-14 17:41:09','2021-03-14 17:41:09'),(900,'Frame-100','lectus sit amet luctus vulputate, nisi sem',1,100,'2021-03-14 17:41:09','2021-03-14 17:41:09'),(901,'GPS-1','cursus, diam at pretium aliquet, metus urna convallis',7,1,'2021-03-14 17:41:09','2021-03-14 17:41:09'),(902,'GPS-2','at, libero. Morbi accumsan laoreet ipsum.',7,2,'2021-03-14 17:41:09','2021-03-14 17:41:09'),(903,'GPS-3','commodo',7,3,'2021-03-14 17:41:09','2021-03-14 17:41:09'),(904,'GPS-4','dolor quam, elementum at, egestas a,',7,4,'2021-03-14 17:41:09','2021-03-14 17:41:09'),(905,'GPS-5','est mauris, rhoncus id, mollis nec,',7,5,'2021-03-14 17:41:09','2021-03-14 17:41:09'),(906,'GPS-6','imperdiet non, vestibulum nec,',7,6,'2021-03-14 17:41:09','2021-03-14 17:41:09'),(907,'GPS-7','Morbi neque',7,7,'2021-03-14 17:41:09','2021-03-14 17:41:09'),(908,'GPS-8','eleifend, nunc risus varius orci, in consequat enim diam',7,8,'2021-03-14 17:41:09','2021-03-14 17:41:09'),(909,'GPS-9','volutpat. Nulla facilisis. Suspendisse commodo tincidunt nibh. Phasellus nulla. Integer',7,9,'2021-03-14 17:41:09','2021-03-14 17:41:09'),(910,'GPS-10','ut',7,10,'2021-03-14 17:41:09','2021-03-14 17:41:09'),(911,'GPS-11','In lorem. Donec elementum, lorem',7,11,'2021-03-14 17:41:09','2021-03-14 17:41:09'),(912,'GPS-12','vehicula et, rutrum eu,',7,12,'2021-03-14 17:41:09','2021-03-14 17:41:09'),(913,'GPS-13','a, scelerisque sed, sapien. Nunc pulvinar arcu et pede. Nunc',7,13,'2021-03-14 17:41:09','2021-03-14 17:41:09'),(914,'GPS-14','nisi',7,14,'2021-03-14 17:41:09','2021-03-14 17:41:09'),(915,'GPS-15','metus vitae velit egestas lacinia. Sed congue, elit sed',7,15,'2021-03-14 17:41:09','2021-03-14 17:41:09'),(916,'GPS-16','nunc. In at pede.',7,16,'2021-03-14 17:41:09','2021-03-14 17:41:09'),(917,'GPS-17','litora torquent per conubia nostra, per inceptos',7,17,'2021-03-14 17:41:09','2021-03-14 17:41:09'),(918,'GPS-18','semper pretium neque. Morbi quis urna.',7,18,'2021-03-14 17:41:09','2021-03-14 17:41:09'),(919,'GPS-19','congue turpis. In condimentum. Donec at arcu. Vestibulum ante',7,19,'2021-03-14 17:41:09','2021-03-14 17:41:09'),(920,'GPS-20','dignissim magna a tortor. Nunc commodo auctor velit. Aliquam nisl.',7,20,'2021-03-14 17:41:09','2021-03-14 17:41:09'),(921,'GPS-21','laoreet, libero et',7,21,'2021-03-14 17:41:09','2021-03-14 17:41:09'),(922,'GPS-22','Curabitur',7,22,'2021-03-14 17:41:09','2021-03-14 17:41:09'),(923,'GPS-23','molestie arcu. Sed eu nibh vulputate mauris sagittis placerat. Cras',7,23,'2021-03-14 17:41:09','2021-03-14 17:41:09'),(924,'GPS-24','pharetra nibh. Aliquam ornare, libero at auctor ullamcorper,',7,24,'2021-03-14 17:41:09','2021-03-14 17:41:09'),(925,'GPS-25','gravida sagittis. Duis gravida. Praesent',7,25,'2021-03-14 17:41:09','2021-03-14 17:41:09'),(926,'GPS-26','fringilla, porttitor vulputate, posuere vulputate, lacus. Cras interdum. Nunc sollicitudin',7,26,'2021-03-14 17:41:09','2021-03-14 17:41:09'),(927,'GPS-27','eu neque pellentesque massa',7,27,'2021-03-14 17:41:09','2021-03-14 17:41:09'),(928,'GPS-28','varius ultrices, mauris ipsum porta elit, a feugiat tellus lorem',7,28,'2021-03-14 17:41:09','2021-03-14 17:41:09'),(929,'GPS-29','Etiam imperdiet dictum magna. Ut',7,29,'2021-03-14 17:41:09','2021-03-14 17:41:09'),(930,'GPS-30','ac arcu.',7,30,'2021-03-14 17:41:09','2021-03-14 17:41:09'),(931,'GPS-31','Proin ultrices. Duis volutpat nunc sit',7,31,'2021-03-14 17:41:09','2021-03-14 17:41:09'),(932,'GPS-32','adipiscing lacus. Ut nec urna et arcu',7,32,'2021-03-14 17:41:09','2021-03-14 17:41:09'),(933,'GPS-33','imperdiet',7,33,'2021-03-14 17:41:09','2021-03-14 17:41:09'),(934,'GPS-34','in lobortis',7,34,'2021-03-14 17:41:09','2021-03-14 17:41:09'),(935,'GPS-35','Cum sociis natoque penatibus et magnis',7,35,'2021-03-14 17:41:09','2021-03-14 17:41:09'),(936,'GPS-36','ante. Nunc mauris sapien, cursus in, hendrerit consectetuer,',7,36,'2021-03-14 17:41:09','2021-03-14 17:41:09'),(937,'GPS-37','euismod',7,37,'2021-03-14 17:41:09','2021-03-14 17:41:09'),(938,'GPS-38','luctus,',7,38,'2021-03-14 17:41:09','2021-03-14 17:41:09'),(939,'GPS-39','cubilia Curae; Phasellus ornare. Fusce mollis. Duis sit amet',7,39,'2021-03-14 17:41:09','2021-03-14 17:41:09'),(940,'GPS-40','nulla ante, iaculis nec, eleifend non,',7,40,'2021-03-14 17:41:09','2021-03-14 17:41:09'),(941,'GPS-41','nec quam. Curabitur vel lectus. Cum sociis',7,41,'2021-03-14 17:41:09','2021-03-14 17:41:09'),(942,'GPS-42','libero. Proin sed turpis',7,42,'2021-03-14 17:41:09','2021-03-14 17:41:09'),(943,'GPS-43','ornare placerat, orci lacus vestibulum lorem, sit amet ultricies sem',7,43,'2021-03-14 17:41:09','2021-03-14 17:41:09'),(944,'GPS-44','adipiscing lacus. Ut nec urna et arcu imperdiet',7,44,'2021-03-14 17:41:09','2021-03-14 17:41:09'),(945,'GPS-45','dictum magna. Ut tincidunt orci quis lectus. Nullam',7,45,'2021-03-14 17:41:09','2021-03-14 17:41:09'),(946,'GPS-46','Proin nisl sem, consequat nec,',7,46,'2021-03-14 17:41:09','2021-03-14 17:41:09'),(947,'GPS-47','Vestibulum accumsan neque et nunc. Quisque ornare tortor at',7,47,'2021-03-14 17:41:09','2021-03-14 17:41:09'),(948,'GPS-48','lorem lorem, luctus ut, pellentesque eget, dictum placerat, augue.',7,48,'2021-03-14 17:41:09','2021-03-14 17:41:09'),(949,'GPS-49','egestas.',7,49,'2021-03-14 17:41:09','2021-03-14 17:41:09'),(950,'GPS-50','Proin',7,50,'2021-03-14 17:41:09','2021-03-14 17:41:09'),(951,'GPS-51','tempus, lorem',7,51,'2021-03-14 17:41:09','2021-03-14 17:41:09'),(952,'GPS-52','quis lectus. Nullam',7,52,'2021-03-14 17:41:09','2021-03-14 17:41:09'),(953,'GPS-53','non magna.',7,53,'2021-03-14 17:41:09','2021-03-14 17:41:09'),(954,'GPS-54','risus, at fringilla',7,54,'2021-03-14 17:41:09','2021-03-14 17:41:09'),(955,'GPS-55','ligula eu enim. Etiam imperdiet',7,55,'2021-03-14 17:41:09','2021-03-14 17:41:09'),(956,'GPS-56','elit, pretium et,',7,56,'2021-03-14 17:41:09','2021-03-14 17:41:09'),(957,'GPS-57','pharetra. Quisque ac libero nec',7,57,'2021-03-14 17:41:09','2021-03-14 17:41:09'),(958,'GPS-58','tellus, imperdiet non, vestibulum nec, euismod in,',7,58,'2021-03-14 17:41:09','2021-03-14 17:41:09'),(959,'GPS-59','justo sit amet nulla. Donec',7,59,'2021-03-14 17:41:09','2021-03-14 17:41:09'),(960,'GPS-60','Quisque libero lacus,',7,60,'2021-03-14 17:41:09','2021-03-14 17:41:09'),(961,'GPS-61','commodo hendrerit.',7,61,'2021-03-14 17:41:09','2021-03-14 17:41:09'),(962,'GPS-62','dui lectus',7,62,'2021-03-14 17:41:09','2021-03-14 17:41:09'),(963,'GPS-63','pretium aliquet, metus urna convallis erat, eget tincidunt dui augue',7,63,'2021-03-14 17:41:09','2021-03-14 17:41:09'),(964,'GPS-64','vitae velit egestas lacinia. Sed congue, elit sed consequat auctor,',7,64,'2021-03-14 17:41:09','2021-03-14 17:41:09'),(965,'GPS-65','sem semper erat, in consectetuer ipsum nunc',7,65,'2021-03-14 17:41:09','2021-03-14 17:41:09'),(966,'GPS-66','sem',7,66,'2021-03-14 17:41:09','2021-03-14 17:41:09'),(967,'GPS-67','eu erat semper rutrum. Fusce',7,67,'2021-03-14 17:41:09','2021-03-14 17:41:09'),(968,'GPS-68','tristique senectus et netus et malesuada fames ac',7,68,'2021-03-14 17:41:09','2021-03-14 17:41:09'),(969,'GPS-69','sapien, gravida non, sollicitudin a, malesuada id, erat. Etiam vestibulum',7,69,'2021-03-14 17:41:09','2021-03-14 17:41:09'),(970,'GPS-70','blandit. Nam nulla magna, malesuada vel, convallis in, cursus',7,70,'2021-03-14 17:41:09','2021-03-14 17:41:09'),(971,'GPS-71','mauris erat',7,71,'2021-03-14 17:41:09','2021-03-14 17:41:09'),(972,'GPS-72','nonummy',7,72,'2021-03-14 17:41:09','2021-03-14 17:41:09'),(973,'GPS-73','ante, iaculis nec,',7,73,'2021-03-14 17:41:09','2021-03-14 17:41:09'),(974,'GPS-74','id, ante. Nunc mauris sapien, cursus in,',7,74,'2021-03-14 17:41:09','2021-03-14 17:41:09'),(975,'GPS-75','augue ac ipsum. Phasellus',7,75,'2021-03-14 17:41:09','2021-03-14 17:41:09'),(976,'GPS-76','erat semper rutrum. Fusce',7,76,'2021-03-14 17:41:09','2021-03-14 17:41:09'),(977,'GPS-77','feugiat nec, diam. Duis mi enim, condimentum eget,',7,77,'2021-03-14 17:41:09','2021-03-14 17:41:09'),(978,'GPS-78','id enim. Curabitur',7,78,'2021-03-14 17:41:09','2021-03-14 17:41:09'),(979,'GPS-79','erat. Etiam vestibulum massa rutrum',7,79,'2021-03-14 17:41:09','2021-03-14 17:41:09'),(980,'GPS-80','senectus et netus et malesuada fames',7,80,'2021-03-14 17:41:09','2021-03-14 17:41:09'),(981,'GPS-81','pede. Cum sociis natoque penatibus et magnis dis parturient',7,81,'2021-03-14 17:41:09','2021-03-14 17:41:09'),(982,'GPS-82','Class aptent taciti sociosqu ad',7,82,'2021-03-14 17:41:09','2021-03-14 17:41:09'),(983,'GPS-83','id, libero.',7,83,'2021-03-14 17:41:09','2021-03-14 17:41:09'),(984,'GPS-84','arcu vel quam dignissim pharetra. Nam ac nulla.',7,84,'2021-03-14 17:41:09','2021-03-14 17:41:09'),(985,'GPS-85','in faucibus orci luctus et ultrices posuere cubilia Curae;',7,85,'2021-03-14 17:41:09','2021-03-14 17:41:09'),(986,'GPS-86','amet, consectetuer',7,86,'2021-03-14 17:41:09','2021-03-14 17:41:09'),(987,'GPS-87','dolor, nonummy ac, feugiat non, lobortis quis,',7,87,'2021-03-14 17:41:09','2021-03-14 17:41:09'),(988,'GPS-88','enim consequat purus. Maecenas libero est, congue',7,88,'2021-03-14 17:41:09','2021-03-14 17:41:09'),(989,'GPS-89','purus. Maecenas libero est, congue',7,89,'2021-03-14 17:41:09','2021-03-14 17:41:09'),(990,'GPS-90','aliquet. Phasellus fermentum convallis ligula. Donec luctus',7,90,'2021-03-14 17:41:09','2021-03-14 17:41:09'),(991,'GPS-91','Phasellus libero mauris, aliquam eu, accumsan sed, facilisis',7,91,'2021-03-14 17:41:09','2021-03-14 17:41:09'),(992,'GPS-92','semper rutrum. Fusce dolor quam, elementum at, egestas a, scelerisque',7,92,'2021-03-14 17:41:09','2021-03-14 17:41:09'),(993,'GPS-93','ac, feugiat non, lobortis quis, pede. Suspendisse dui. Fusce diam',7,93,'2021-03-14 17:41:09','2021-03-14 17:41:09'),(994,'GPS-94','malesuada id, erat. Etiam vestibulum massa rutrum magna. Cras convallis',7,94,'2021-03-14 17:41:09','2021-03-14 17:41:09'),(995,'GPS-95','Proin nisl sem, consequat nec, mollis vitae, posuere at, velit.',7,95,'2021-03-14 17:41:09','2021-03-14 17:41:09'),(996,'GPS-96','Sed et libero. Proin mi. Aliquam gravida',7,96,'2021-03-14 17:41:09','2021-03-14 17:41:09'),(997,'GPS-97','Praesent interdum ligula eu enim. Etiam imperdiet dictum magna.',7,97,'2021-03-14 17:41:09','2021-03-14 17:41:09'),(998,'GPS-98','at, libero. Morbi accumsan laoreet ipsum.',7,98,'2021-03-14 17:41:09','2021-03-14 17:41:09'),(999,'GPS-99','imperdiet, erat nonummy',7,99,'2021-03-14 17:41:09','2021-03-14 17:41:09'),(1000,'GPS-100','Sed',7,100,'2021-03-14 17:41:09','2021-03-14 17:41:09'),(1001,'Motor-1','eget metus eu erat',4,1,'2021-03-14 17:41:09','2021-03-14 17:41:09'),(1002,'Motor-2','convallis erat,',4,2,'2021-03-14 17:41:09','2021-03-14 17:41:09'),(1003,'Motor-3','Nam porttitor scelerisque neque. Nullam nisl. Maecenas malesuada fringilla est.',4,3,'2021-03-14 17:41:09','2021-03-14 17:41:09'),(1004,'Motor-4','metus eu erat semper rutrum. Fusce',4,4,'2021-03-14 17:41:09','2021-03-14 17:41:09'),(1005,'Motor-5','nec tempus scelerisque, lorem ipsum',4,5,'2021-03-14 17:41:09','2021-03-14 17:41:09'),(1006,'Motor-6','iaculis quis, pede. Praesent eu',4,6,'2021-03-14 17:41:09','2021-03-14 17:41:09'),(1007,'Motor-7','magna. Suspendisse',4,7,'2021-03-14 17:41:09','2021-03-14 17:41:09'),(1008,'Motor-8','molestie arcu. Sed eu nibh vulputate mauris sagittis',4,8,'2021-03-14 17:41:09','2021-03-14 17:41:09'),(1009,'Motor-9','sollicitudin',4,9,'2021-03-14 17:41:09','2021-03-14 17:41:09'),(1010,'Motor-10','Cum sociis natoque penatibus',4,10,'2021-03-14 17:41:09','2021-03-14 17:41:09'),(1011,'Motor-11','orci, consectetuer euismod est arcu ac',4,11,'2021-03-14 17:41:09','2021-03-14 17:41:09'),(1012,'Motor-12','eget tincidunt dui augue',4,12,'2021-03-14 17:41:09','2021-03-14 17:41:09'),(1013,'Motor-13','porttitor vulputate, posuere vulputate,',4,13,'2021-03-14 17:41:09','2021-03-14 17:41:09'),(1014,'Motor-14','consectetuer adipiscing elit. Curabitur sed',4,14,'2021-03-14 17:41:09','2021-03-14 17:41:09'),(1015,'Motor-15','condimentum eget, volutpat ornare, facilisis eget,',4,15,'2021-03-14 17:41:09','2021-03-14 17:41:09'),(1016,'Motor-16','tempus',4,16,'2021-03-14 17:41:09','2021-03-14 17:41:09'),(1017,'Motor-17','pretium neque.',4,17,'2021-03-14 17:41:09','2021-03-14 17:41:09'),(1018,'Motor-18','volutpat. Nulla dignissim. Maecenas ornare egestas ligula. Nullam feugiat placerat',4,18,'2021-03-14 17:41:09','2021-03-14 17:41:09'),(1019,'Motor-19','dolor. Fusce mi lorem, vehicula et, rutrum eu,',4,19,'2021-03-14 17:41:09','2021-03-14 17:41:09'),(1020,'Motor-20','In mi pede, nonummy ut, molestie in, tempus eu, ligula.',4,20,'2021-03-14 17:41:09','2021-03-14 17:41:09'),(1021,'Motor-21','orci. Ut sagittis',4,21,'2021-03-14 17:41:09','2021-03-14 17:41:09'),(1022,'Motor-22','ac arcu. Nunc mauris. Morbi non sapien molestie',4,22,'2021-03-14 17:41:09','2021-03-14 17:41:09'),(1023,'Motor-23','Mauris magna.',4,23,'2021-03-14 17:41:09','2021-03-14 17:41:09'),(1024,'Motor-24','et magnis',4,24,'2021-03-14 17:41:09','2021-03-14 17:41:09'),(1025,'Motor-25','risus, at fringilla purus mauris',4,25,'2021-03-14 17:41:09','2021-03-14 17:41:09'),(1026,'Motor-26','lorem semper auctor. Mauris',4,26,'2021-03-14 17:41:09','2021-03-14 17:41:09'),(1027,'Motor-27','lacus. Quisque imperdiet, erat nonummy ultricies ornare, elit',4,27,'2021-03-14 17:41:09','2021-03-14 17:41:09'),(1028,'Motor-28','lectus sit amet luctus vulputate, nisi sem semper erat, in',4,28,'2021-03-14 17:41:09','2021-03-14 17:41:09'),(1029,'Motor-29','arcu imperdiet ullamcorper. Duis at lacus. Quisque purus sapien,',4,29,'2021-03-14 17:41:09','2021-03-14 17:41:09'),(1030,'Motor-30','laoreet posuere, enim nisl elementum purus,',4,30,'2021-03-14 17:41:09','2021-03-14 17:41:09'),(1031,'Motor-31','odio, auctor vitae,',4,31,'2021-03-14 17:41:09','2021-03-14 17:41:09'),(1032,'Motor-32','feugiat. Lorem ipsum dolor sit amet,',4,32,'2021-03-14 17:41:09','2021-03-14 17:41:09'),(1033,'Motor-33','enim.',4,33,'2021-03-14 17:41:09','2021-03-14 17:41:09'),(1034,'Motor-34','lobortis tellus justo sit amet nulla. Donec non justo. Proin',4,34,'2021-03-14 17:41:09','2021-03-14 17:41:09'),(1035,'Motor-35','eu, euismod',4,35,'2021-03-14 17:41:09','2021-03-14 17:41:09'),(1036,'Motor-36','Donec vitae',4,36,'2021-03-14 17:41:09','2021-03-14 17:41:09'),(1037,'Motor-37','fringilla mi lacinia mattis. Integer eu lacus. Quisque imperdiet, erat',4,37,'2021-03-14 17:41:09','2021-03-14 17:41:09'),(1038,'Motor-38','ornare',4,38,'2021-03-14 17:41:09','2021-03-14 17:41:09'),(1039,'Motor-39','id sapien. Cras dolor dolor, tempus non,',4,39,'2021-03-14 17:41:09','2021-03-14 17:41:09'),(1040,'Motor-40','feugiat tellus lorem eu metus. In lorem.',4,40,'2021-03-14 17:41:09','2021-03-14 17:41:09'),(1041,'Motor-41','auctor ullamcorper, nisl arcu iaculis enim, sit amet ornare',4,41,'2021-03-14 17:41:09','2021-03-14 17:41:09'),(1042,'Motor-42','aliquet.',4,42,'2021-03-14 17:41:09','2021-03-14 17:41:09'),(1043,'Motor-43','adipiscing elit. Aliquam',4,43,'2021-03-14 17:41:09','2021-03-14 17:41:09'),(1044,'Motor-44','nisl sem, consequat nec, mollis vitae,',4,44,'2021-03-14 17:41:09','2021-03-14 17:41:09'),(1045,'Motor-45','vestibulum massa rutrum magna.',4,45,'2021-03-14 17:41:09','2021-03-14 17:41:09'),(1046,'Motor-46','ligula elit, pretium et, rutrum non,',4,46,'2021-03-14 17:41:09','2021-03-14 17:41:09'),(1047,'Motor-47','sed dolor.',4,47,'2021-03-14 17:41:09','2021-03-14 17:41:09'),(1048,'Motor-48','Mauris molestie pharetra nibh. Aliquam ornare, libero at',4,48,'2021-03-14 17:41:09','2021-03-14 17:41:09'),(1049,'Motor-49','felis orci, adipiscing non, luctus sit amet, faucibus',4,49,'2021-03-14 17:41:09','2021-03-14 17:41:09'),(1050,'Motor-50','magna. Lorem ipsum dolor sit amet, consectetuer adipiscing',4,50,'2021-03-14 17:41:09','2021-03-14 17:41:09'),(1051,'Motor-51','est. Nunc laoreet lectus quis massa. Mauris vestibulum,',4,51,'2021-03-14 17:41:09','2021-03-14 17:41:09'),(1052,'Motor-52','elit, pharetra',4,52,'2021-03-14 17:41:09','2021-03-14 17:41:09'),(1053,'Motor-53','odio vel est tempor bibendum. Donec',4,53,'2021-03-14 17:41:09','2021-03-14 17:41:09'),(1054,'Motor-54','eleifend,',4,54,'2021-03-14 17:41:09','2021-03-14 17:41:09'),(1055,'Motor-55','vel lectus. Cum sociis natoque penatibus et magnis dis parturient',4,55,'2021-03-14 17:41:09','2021-03-14 17:41:09'),(1056,'Motor-56','magnis dis parturient montes, nascetur ridiculus mus. Donec dignissim magna',4,56,'2021-03-14 17:41:09','2021-03-14 17:41:09'),(1057,'Motor-57','egestas',4,57,'2021-03-14 17:41:09','2021-03-14 17:41:09'),(1058,'Motor-58','ipsum leo elementum',4,58,'2021-03-14 17:41:09','2021-03-14 17:41:09'),(1059,'Motor-59','aliquet nec, imperdiet nec, leo. Morbi neque',4,59,'2021-03-14 17:41:09','2021-03-14 17:41:09'),(1060,'Motor-60','Aliquam auctor, velit eget laoreet posuere, enim nisl',4,60,'2021-03-14 17:41:09','2021-03-14 17:41:09'),(1061,'Motor-61','blandit at, nisi. Cum sociis natoque',4,61,'2021-03-14 17:41:09','2021-03-14 17:41:09'),(1062,'Motor-62','purus',4,62,'2021-03-14 17:41:09','2021-03-14 17:41:09'),(1063,'Motor-63','vestibulum lorem,',4,63,'2021-03-14 17:41:09','2021-03-14 17:41:09'),(1064,'Motor-64','sem ut cursus luctus, ipsum leo elementum sem, vitae aliquam',4,64,'2021-03-14 17:41:09','2021-03-14 17:41:09'),(1065,'Motor-65','tempus risus.',4,65,'2021-03-14 17:41:09','2021-03-14 17:41:09'),(1066,'Motor-66','Quisque ac libero nec ligula consectetuer rhoncus.',4,66,'2021-03-14 17:41:09','2021-03-14 17:41:09'),(1067,'Motor-67','luctus sit amet, faucibus ut, nulla. Cras eu tellus',4,67,'2021-03-14 17:41:09','2021-03-14 17:41:09'),(1068,'Motor-68','nibh enim, gravida sit amet, dapibus id, blandit',4,68,'2021-03-14 17:41:09','2021-03-14 17:41:09'),(1069,'Motor-69','erat volutpat. Nulla dignissim. Maecenas',4,69,'2021-03-14 17:41:09','2021-03-14 17:41:09'),(1070,'Motor-70','tellus',4,70,'2021-03-14 17:41:09','2021-03-14 17:41:09'),(1071,'Motor-71','diam at pretium aliquet, metus',4,71,'2021-03-14 17:41:09','2021-03-14 17:41:09'),(1072,'Motor-72','nascetur ridiculus mus. Proin vel arcu eu odio',4,72,'2021-03-14 17:41:09','2021-03-14 17:41:09'),(1073,'Motor-73','lorem semper auctor. Mauris vel turpis. Aliquam adipiscing lobortis risus.',4,73,'2021-03-14 17:41:09','2021-03-14 17:41:09'),(1074,'Motor-74','magna nec quam. Curabitur vel lectus. Cum sociis',4,74,'2021-03-14 17:41:09','2021-03-14 17:41:09'),(1075,'Motor-75','nisi magna sed dui. Fusce aliquam, enim nec',4,75,'2021-03-14 17:41:09','2021-03-14 17:41:09'),(1076,'Motor-76','adipiscing lacus. Ut nec urna et arcu imperdiet ullamcorper.',4,76,'2021-03-14 17:41:09','2021-03-14 17:41:09'),(1077,'Motor-77','amet ultricies sem magna nec quam. Curabitur vel lectus.',4,77,'2021-03-14 17:41:09','2021-03-14 17:41:09'),(1078,'Motor-78','pede blandit',4,78,'2021-03-14 17:41:09','2021-03-14 17:41:09'),(1079,'Motor-79','tortor, dictum eu, placerat eget, venenatis a, magna.',4,79,'2021-03-14 17:41:09','2021-03-14 17:41:09'),(1080,'Motor-80','Curabitur dictum. Phasellus',4,80,'2021-03-14 17:41:09','2021-03-14 17:41:09'),(1081,'Motor-81','Nullam',4,81,'2021-03-14 17:41:09','2021-03-14 17:41:09'),(1082,'Motor-82','et arcu imperdiet',4,82,'2021-03-14 17:41:09','2021-03-14 17:41:09'),(1083,'Motor-83','ut lacus. Nulla tincidunt, neque vitae semper egestas, urna',4,83,'2021-03-14 17:41:09','2021-03-14 17:41:09'),(1084,'Motor-84','enim',4,84,'2021-03-14 17:41:09','2021-03-14 17:41:09'),(1085,'Motor-85','tempus non,',4,85,'2021-03-14 17:41:09','2021-03-14 17:41:09'),(1086,'Motor-86','dui. Cum sociis natoque penatibus et',4,86,'2021-03-14 17:41:09','2021-03-14 17:41:09'),(1087,'Motor-87','lectus. Nullam suscipit, est ac facilisis facilisis, magna tellus',4,87,'2021-03-14 17:41:09','2021-03-14 17:41:09'),(1088,'Motor-88','Aliquam',4,88,'2021-03-14 17:41:09','2021-03-14 17:41:09'),(1089,'Motor-89','ac urna. Ut tincidunt vehicula',4,89,'2021-03-14 17:41:09','2021-03-14 17:41:09'),(1090,'Motor-90','convallis est, vitae sodales nisi magna sed dui. Fusce aliquam,',4,90,'2021-03-14 17:41:09','2021-03-14 17:41:09'),(1091,'Motor-91','amet diam eu dolor',4,91,'2021-03-14 17:41:09','2021-03-14 17:41:09'),(1092,'Motor-92','posuere vulputate, lacus. Cras interdum. Nunc',4,92,'2021-03-14 17:41:09','2021-03-14 17:41:09'),(1093,'Motor-93','orci. Ut',4,93,'2021-03-14 17:41:09','2021-03-14 17:41:09'),(1094,'Motor-94','dis parturient montes, nascetur ridiculus mus. Donec',4,94,'2021-03-14 17:41:09','2021-03-14 17:41:09'),(1095,'Motor-95','nec, imperdiet nec,',4,95,'2021-03-14 17:41:09','2021-03-14 17:41:09'),(1096,'Motor-96','auctor,',4,96,'2021-03-14 17:41:09','2021-03-14 17:41:09'),(1097,'Motor-97','Curabitur vel lectus. Cum sociis natoque penatibus et magnis dis',4,97,'2021-03-14 17:41:09','2021-03-14 17:41:09'),(1098,'Motor-98','Cras lorem lorem, luctus ut, pellentesque eget, dictum placerat,',4,98,'2021-03-14 17:41:09','2021-03-14 17:41:09'),(1099,'Motor-99','sed sem egestas blandit. Nam',4,99,'2021-03-14 17:41:09','2021-03-14 17:41:09'),(1100,'Motor-100','ipsum porta elit, a feugiat tellus lorem eu metus.',4,100,'2021-03-14 17:41:09','2021-03-14 17:41:09'),(1101,'Motor-1','eget metus eu erat',4,1,'2021-03-14 17:41:09','2021-03-14 17:41:09'),(1102,'Motor-2','convallis erat,',4,2,'2021-03-14 17:41:09','2021-03-14 17:41:09'),(1103,'Motor-3','Nam porttitor scelerisque neque. Nullam nisl. Maecenas malesuada fringilla est.',4,3,'2021-03-14 17:41:09','2021-03-14 17:41:09'),(1104,'Motor-4','metus eu erat semper rutrum. Fusce',4,4,'2021-03-14 17:41:09','2021-03-14 17:41:09'),(1105,'Motor-5','nec tempus scelerisque, lorem ipsum',4,5,'2021-03-14 17:41:09','2021-03-14 17:41:09'),(1106,'Motor-6','iaculis quis, pede. Praesent eu',4,6,'2021-03-14 17:41:09','2021-03-14 17:41:09'),(1107,'Motor-7','magna. Suspendisse',4,7,'2021-03-14 17:41:09','2021-03-14 17:41:09'),(1108,'Motor-8','molestie arcu. Sed eu nibh vulputate mauris sagittis',4,8,'2021-03-14 17:41:09','2021-03-14 17:41:09'),(1109,'Motor-9','sollicitudin',4,9,'2021-03-14 17:41:09','2021-03-14 17:41:09'),(1110,'Motor-10','Cum sociis natoque penatibus',4,10,'2021-03-14 17:41:09','2021-03-14 17:41:09'),(1111,'Motor-11','orci, consectetuer euismod est arcu ac',4,11,'2021-03-14 17:41:09','2021-03-14 17:41:09'),(1112,'Motor-12','eget tincidunt dui augue',4,12,'2021-03-14 17:41:09','2021-03-14 17:41:09'),(1113,'Motor-13','porttitor vulputate, posuere vulputate,',4,13,'2021-03-14 17:41:09','2021-03-14 17:41:09'),(1114,'Motor-14','consectetuer adipiscing elit. Curabitur sed',4,14,'2021-03-14 17:41:09','2021-03-14 17:41:09'),(1115,'Motor-15','condimentum eget, volutpat ornare, facilisis eget,',4,15,'2021-03-14 17:41:09','2021-03-14 17:41:09'),(1116,'Motor-16','tempus',4,16,'2021-03-14 17:41:09','2021-03-14 17:41:09'),(1117,'Motor-17','pretium neque.',4,17,'2021-03-14 17:41:09','2021-03-14 17:41:09'),(1118,'Motor-18','volutpat. Nulla dignissim. Maecenas ornare egestas ligula. Nullam feugiat placerat',4,18,'2021-03-14 17:41:09','2021-03-14 17:41:09'),(1119,'Motor-19','dolor. Fusce mi lorem, vehicula et, rutrum eu,',4,19,'2021-03-14 17:41:09','2021-03-14 17:41:09'),(1120,'Motor-20','In mi pede, nonummy ut, molestie in, tempus eu, ligula.',4,20,'2021-03-14 17:41:09','2021-03-14 17:41:09'),(1121,'Motor-21','orci. Ut sagittis',4,21,'2021-03-14 17:41:09','2021-03-14 17:41:09'),(1122,'Motor-22','ac arcu. Nunc mauris. Morbi non sapien molestie',4,22,'2021-03-14 17:41:09','2021-03-14 17:41:09'),(1123,'Motor-23','Mauris magna.',4,23,'2021-03-14 17:41:09','2021-03-14 17:41:09'),(1124,'Motor-24','et magnis',4,24,'2021-03-14 17:41:09','2021-03-14 17:41:09'),(1125,'Motor-25','risus, at fringilla purus mauris',4,25,'2021-03-14 17:41:09','2021-03-14 17:41:09'),(1126,'Motor-26','lorem semper auctor. Mauris',4,26,'2021-03-14 17:41:09','2021-03-14 17:41:09'),(1127,'Motor-27','lacus. Quisque imperdiet, erat nonummy ultricies ornare, elit',4,27,'2021-03-14 17:41:09','2021-03-14 17:41:09'),(1128,'Motor-28','lectus sit amet luctus vulputate, nisi sem semper erat, in',4,28,'2021-03-14 17:41:09','2021-03-14 17:41:09'),(1129,'Motor-29','arcu imperdiet ullamcorper. Duis at lacus. Quisque purus sapien,',4,29,'2021-03-14 17:41:09','2021-03-14 17:41:09'),(1130,'Motor-30','laoreet posuere, enim nisl elementum purus,',4,30,'2021-03-14 17:41:09','2021-03-14 17:41:09'),(1131,'Motor-31','odio, auctor vitae,',4,31,'2021-03-14 17:41:09','2021-03-14 17:41:09'),(1132,'Motor-32','feugiat. Lorem ipsum dolor sit amet,',4,32,'2021-03-14 17:41:09','2021-03-14 17:41:09'),(1133,'Motor-33','enim.',4,33,'2021-03-14 17:41:09','2021-03-14 17:41:09'),(1134,'Motor-34','lobortis tellus justo sit amet nulla. Donec non justo. Proin',4,34,'2021-03-14 17:41:09','2021-03-14 17:41:09'),(1135,'Motor-35','eu, euismod',4,35,'2021-03-14 17:41:09','2021-03-14 17:41:09'),(1136,'Motor-36','Donec vitae',4,36,'2021-03-14 17:41:09','2021-03-14 17:41:09'),(1137,'Motor-37','fringilla mi lacinia mattis. Integer eu lacus. Quisque imperdiet, erat',4,37,'2021-03-14 17:41:09','2021-03-14 17:41:09'),(1138,'Motor-38','ornare',4,38,'2021-03-14 17:41:09','2021-03-14 17:41:09'),(1139,'Motor-39','id sapien. Cras dolor dolor, tempus non,',4,39,'2021-03-14 17:41:09','2021-03-14 17:41:09'),(1140,'Motor-40','feugiat tellus lorem eu metus. In lorem.',4,40,'2021-03-14 17:41:09','2021-03-14 17:41:09'),(1141,'Motor-41','auctor ullamcorper, nisl arcu iaculis enim, sit amet ornare',4,41,'2021-03-14 17:41:09','2021-03-14 17:41:09'),(1142,'Motor-42','aliquet.',4,42,'2021-03-14 17:41:09','2021-03-14 17:41:09'),(1143,'Motor-43','adipiscing elit. Aliquam',4,43,'2021-03-14 17:41:09','2021-03-14 17:41:09'),(1144,'Motor-44','nisl sem, consequat nec, mollis vitae,',4,44,'2021-03-14 17:41:09','2021-03-14 17:41:09'),(1145,'Motor-45','vestibulum massa rutrum magna.',4,45,'2021-03-14 17:41:09','2021-03-14 17:41:09'),(1146,'Motor-46','ligula elit, pretium et, rutrum non,',4,46,'2021-03-14 17:41:09','2021-03-14 17:41:09'),(1147,'Motor-47','sed dolor.',4,47,'2021-03-14 17:41:09','2021-03-14 17:41:09'),(1148,'Motor-48','Mauris molestie pharetra nibh. Aliquam ornare, libero at',4,48,'2021-03-14 17:41:09','2021-03-14 17:41:09'),(1149,'Motor-49','felis orci, adipiscing non, luctus sit amet, faucibus',4,49,'2021-03-14 17:41:09','2021-03-14 17:41:09'),(1150,'Motor-50','magna. Lorem ipsum dolor sit amet, consectetuer adipiscing',4,50,'2021-03-14 17:41:09','2021-03-14 17:41:09'),(1151,'Motor-51','est. Nunc laoreet lectus quis massa. Mauris vestibulum,',4,51,'2021-03-14 17:41:09','2021-03-14 17:41:09'),(1152,'Motor-52','elit, pharetra',4,52,'2021-03-14 17:41:09','2021-03-14 17:41:09'),(1153,'Motor-53','odio vel est tempor bibendum. Donec',4,53,'2021-03-14 17:41:09','2021-03-14 17:41:09'),(1154,'Motor-54','eleifend,',4,54,'2021-03-14 17:41:09','2021-03-14 17:41:09'),(1155,'Motor-55','vel lectus. Cum sociis natoque penatibus et magnis dis parturient',4,55,'2021-03-14 17:41:09','2021-03-14 17:41:09'),(1156,'Motor-56','magnis dis parturient montes, nascetur ridiculus mus. Donec dignissim magna',4,56,'2021-03-14 17:41:09','2021-03-14 17:41:09'),(1157,'Motor-57','egestas',4,57,'2021-03-14 17:41:09','2021-03-14 17:41:09'),(1158,'Motor-58','ipsum leo elementum',4,58,'2021-03-14 17:41:09','2021-03-14 17:41:09'),(1159,'Motor-59','aliquet nec, imperdiet nec, leo. Morbi neque',4,59,'2021-03-14 17:41:09','2021-03-14 17:41:09'),(1160,'Motor-60','Aliquam auctor, velit eget laoreet posuere, enim nisl',4,60,'2021-03-14 17:41:09','2021-03-14 17:41:09'),(1161,'Motor-61','blandit at, nisi. Cum sociis natoque',4,61,'2021-03-14 17:41:09','2021-03-14 17:41:09'),(1162,'Motor-62','purus',4,62,'2021-03-14 17:41:09','2021-03-14 17:41:09'),(1163,'Motor-63','vestibulum lorem,',4,63,'2021-03-14 17:41:09','2021-03-14 17:41:09'),(1164,'Motor-64','sem ut cursus luctus, ipsum leo elementum sem, vitae aliquam',4,64,'2021-03-14 17:41:09','2021-03-14 17:41:09'),(1165,'Motor-65','tempus risus.',4,65,'2021-03-14 17:41:09','2021-03-14 17:41:09'),(1166,'Motor-66','Quisque ac libero nec ligula consectetuer rhoncus.',4,66,'2021-03-14 17:41:09','2021-03-14 17:41:09'),(1167,'Motor-67','luctus sit amet, faucibus ut, nulla. Cras eu tellus',4,67,'2021-03-14 17:41:09','2021-03-14 17:41:09'),(1168,'Motor-68','nibh enim, gravida sit amet, dapibus id, blandit',4,68,'2021-03-14 17:41:09','2021-03-14 17:41:09'),(1169,'Motor-69','erat volutpat. Nulla dignissim. Maecenas',4,69,'2021-03-14 17:41:09','2021-03-14 17:41:09'),(1170,'Motor-70','tellus',4,70,'2021-03-14 17:41:09','2021-03-14 17:41:09'),(1171,'Motor-71','diam at pretium aliquet, metus',4,71,'2021-03-14 17:41:09','2021-03-14 17:41:09'),(1172,'Motor-72','nascetur ridiculus mus. Proin vel arcu eu odio',4,72,'2021-03-14 17:41:09','2021-03-14 17:41:09'),(1173,'Motor-73','lorem semper auctor. Mauris vel turpis. Aliquam adipiscing lobortis risus.',4,73,'2021-03-14 17:41:09','2021-03-14 17:41:09'),(1174,'Motor-74','magna nec quam. Curabitur vel lectus. Cum sociis',4,74,'2021-03-14 17:41:09','2021-03-14 17:41:09'),(1175,'Motor-75','nisi magna sed dui. Fusce aliquam, enim nec',4,75,'2021-03-14 17:41:09','2021-03-14 17:41:09'),(1176,'Motor-76','adipiscing lacus. Ut nec urna et arcu imperdiet ullamcorper.',4,76,'2021-03-14 17:41:09','2021-03-14 17:41:09'),(1177,'Motor-77','amet ultricies sem magna nec quam. Curabitur vel lectus.',4,77,'2021-03-14 17:41:09','2021-03-14 17:41:09'),(1178,'Motor-78','pede blandit',4,78,'2021-03-14 17:41:09','2021-03-14 17:41:09'),(1179,'Motor-79','tortor, dictum eu, placerat eget, venenatis a, magna.',4,79,'2021-03-14 17:41:09','2021-03-14 17:41:09'),(1180,'Motor-80','Curabitur dictum. Phasellus',4,80,'2021-03-14 17:41:09','2021-03-14 17:41:09'),(1181,'Motor-81','Nullam',4,81,'2021-03-14 17:41:09','2021-03-14 17:41:09'),(1182,'Motor-82','et arcu imperdiet',4,82,'2021-03-14 17:41:09','2021-03-14 17:41:09'),(1183,'Motor-83','ut lacus. Nulla tincidunt, neque vitae semper egestas, urna',4,83,'2021-03-14 17:41:09','2021-03-14 17:41:09'),(1184,'Motor-84','enim',4,84,'2021-03-14 17:41:09','2021-03-14 17:41:09'),(1185,'Motor-85','tempus non,',4,85,'2021-03-14 17:41:09','2021-03-14 17:41:09'),(1186,'Motor-86','dui. Cum sociis natoque penatibus et',4,86,'2021-03-14 17:41:09','2021-03-14 17:41:09'),(1187,'Motor-87','lectus. Nullam suscipit, est ac facilisis facilisis, magna tellus',4,87,'2021-03-14 17:41:09','2021-03-14 17:41:09'),(1188,'Motor-88','Aliquam',4,88,'2021-03-14 17:41:09','2021-03-14 17:41:09'),(1189,'Motor-89','ac urna. Ut tincidunt vehicula',4,89,'2021-03-14 17:41:09','2021-03-14 17:41:09'),(1190,'Motor-90','convallis est, vitae sodales nisi magna sed dui. Fusce aliquam,',4,90,'2021-03-14 17:41:09','2021-03-14 17:41:09'),(1191,'Motor-91','amet diam eu dolor',4,91,'2021-03-14 17:41:09','2021-03-14 17:41:09'),(1192,'Motor-92','posuere vulputate, lacus. Cras interdum. Nunc',4,92,'2021-03-14 17:41:09','2021-03-14 17:41:09'),(1193,'Motor-93','orci. Ut',4,93,'2021-03-14 17:41:09','2021-03-14 17:41:09'),(1194,'Motor-94','dis parturient montes, nascetur ridiculus mus. Donec',4,94,'2021-03-14 17:41:09','2021-03-14 17:41:09'),(1195,'Motor-95','nec, imperdiet nec,',4,95,'2021-03-14 17:41:09','2021-03-14 17:41:09'),(1196,'Motor-96','auctor,',4,96,'2021-03-14 17:41:09','2021-03-14 17:41:09'),(1197,'Motor-97','Curabitur vel lectus. Cum sociis natoque penatibus et magnis dis',4,97,'2021-03-14 17:41:09','2021-03-14 17:41:09'),(1198,'Motor-98','Cras lorem lorem, luctus ut, pellentesque eget, dictum placerat,',4,98,'2021-03-14 17:41:09','2021-03-14 17:41:09'),(1199,'Motor-99','sed sem egestas blandit. Nam',4,99,'2021-03-14 17:41:09','2021-03-14 17:41:09'),(1200,'Motor-100','ipsum porta elit, a feugiat tellus lorem eu metus.',4,100,'2021-03-14 17:41:09','2021-03-14 17:41:09'),(1201,'Motor-1','eget metus eu erat',4,1,'2021-03-14 17:41:09','2021-03-14 17:41:09'),(1202,'Motor-2','convallis erat,',4,2,'2021-03-14 17:41:09','2021-03-14 17:41:09'),(1203,'Motor-3','Nam porttitor scelerisque neque. Nullam nisl. Maecenas malesuada fringilla est.',4,3,'2021-03-14 17:41:09','2021-03-14 17:41:09'),(1204,'Motor-4','metus eu erat semper rutrum. Fusce',4,4,'2021-03-14 17:41:09','2021-03-14 17:41:09'),(1205,'Motor-5','nec tempus scelerisque, lorem ipsum',4,5,'2021-03-14 17:41:09','2021-03-14 17:41:09'),(1206,'Motor-6','iaculis quis, pede. Praesent eu',4,6,'2021-03-14 17:41:09','2021-03-14 17:41:09'),(1207,'Motor-7','magna. Suspendisse',4,7,'2021-03-14 17:41:09','2021-03-14 17:41:09'),(1208,'Motor-8','molestie arcu. Sed eu nibh vulputate mauris sagittis',4,8,'2021-03-14 17:41:09','2021-03-14 17:41:09'),(1209,'Motor-9','sollicitudin',4,9,'2021-03-14 17:41:09','2021-03-14 17:41:09'),(1210,'Motor-10','Cum sociis natoque penatibus',4,10,'2021-03-14 17:41:09','2021-03-14 17:41:09'),(1211,'Motor-11','orci, consectetuer euismod est arcu ac',4,11,'2021-03-14 17:41:09','2021-03-14 17:41:09'),(1212,'Motor-12','eget tincidunt dui augue',4,12,'2021-03-14 17:41:09','2021-03-14 17:41:09'),(1213,'Motor-13','porttitor vulputate, posuere vulputate,',4,13,'2021-03-14 17:41:09','2021-03-14 17:41:09'),(1214,'Motor-14','consectetuer adipiscing elit. Curabitur sed',4,14,'2021-03-14 17:41:09','2021-03-14 17:41:09'),(1215,'Motor-15','condimentum eget, volutpat ornare, facilisis eget,',4,15,'2021-03-14 17:41:09','2021-03-14 17:41:09'),(1216,'Motor-16','tempus',4,16,'2021-03-14 17:41:09','2021-03-14 17:41:09'),(1217,'Motor-17','pretium neque.',4,17,'2021-03-14 17:41:09','2021-03-14 17:41:09'),(1218,'Motor-18','volutpat. Nulla dignissim. Maecenas ornare egestas ligula. Nullam feugiat placerat',4,18,'2021-03-14 17:41:09','2021-03-14 17:41:09'),(1219,'Motor-19','dolor. Fusce mi lorem, vehicula et, rutrum eu,',4,19,'2021-03-14 17:41:09','2021-03-14 17:41:09'),(1220,'Motor-20','In mi pede, nonummy ut, molestie in, tempus eu, ligula.',4,20,'2021-03-14 17:41:09','2021-03-14 17:41:09'),(1221,'Motor-21','orci. Ut sagittis',4,21,'2021-03-14 17:41:09','2021-03-14 17:41:09'),(1222,'Motor-22','ac arcu. Nunc mauris. Morbi non sapien molestie',4,22,'2021-03-14 17:41:09','2021-03-14 17:41:09'),(1223,'Motor-23','Mauris magna.',4,23,'2021-03-14 17:41:09','2021-03-14 17:41:09'),(1224,'Motor-24','et magnis',4,24,'2021-03-14 17:41:09','2021-03-14 17:41:09'),(1225,'Motor-25','risus, at fringilla purus mauris',4,25,'2021-03-14 17:41:09','2021-03-14 17:41:09'),(1226,'Motor-26','lorem semper auctor. Mauris',4,26,'2021-03-14 17:41:09','2021-03-14 17:41:09'),(1227,'Motor-27','lacus. Quisque imperdiet, erat nonummy ultricies ornare, elit',4,27,'2021-03-14 17:41:09','2021-03-14 17:41:09'),(1228,'Motor-28','lectus sit amet luctus vulputate, nisi sem semper erat, in',4,28,'2021-03-14 17:41:09','2021-03-14 17:41:09'),(1229,'Motor-29','arcu imperdiet ullamcorper. Duis at lacus. Quisque purus sapien,',4,29,'2021-03-14 17:41:09','2021-03-14 17:41:09'),(1230,'Motor-30','laoreet posuere, enim nisl elementum purus,',4,30,'2021-03-14 17:41:09','2021-03-14 17:41:09'),(1231,'Motor-31','odio, auctor vitae,',4,31,'2021-03-14 17:41:09','2021-03-14 17:41:09'),(1232,'Motor-32','feugiat. Lorem ipsum dolor sit amet,',4,32,'2021-03-14 17:41:09','2021-03-14 17:41:09'),(1233,'Motor-33','enim.',4,33,'2021-03-14 17:41:09','2021-03-14 17:41:09'),(1234,'Motor-34','lobortis tellus justo sit amet nulla. Donec non justo. Proin',4,34,'2021-03-14 17:41:09','2021-03-14 17:41:09'),(1235,'Motor-35','eu, euismod',4,35,'2021-03-14 17:41:09','2021-03-14 17:41:09'),(1236,'Motor-36','Donec vitae',4,36,'2021-03-14 17:41:09','2021-03-14 17:41:09'),(1237,'Motor-37','fringilla mi lacinia mattis. Integer eu lacus. Quisque imperdiet, erat',4,37,'2021-03-14 17:41:09','2021-03-14 17:41:09'),(1238,'Motor-38','ornare',4,38,'2021-03-14 17:41:09','2021-03-14 17:41:09'),(1239,'Motor-39','id sapien. Cras dolor dolor, tempus non,',4,39,'2021-03-14 17:41:09','2021-03-14 17:41:09'),(1240,'Motor-40','feugiat tellus lorem eu metus. In lorem.',4,40,'2021-03-14 17:41:09','2021-03-14 17:41:09'),(1241,'Motor-41','auctor ullamcorper, nisl arcu iaculis enim, sit amet ornare',4,41,'2021-03-14 17:41:09','2021-03-14 17:41:09'),(1242,'Motor-42','aliquet.',4,42,'2021-03-14 17:41:09','2021-03-14 17:41:09'),(1243,'Motor-43','adipiscing elit. Aliquam',4,43,'2021-03-14 17:41:09','2021-03-14 17:41:09'),(1244,'Motor-44','nisl sem, consequat nec, mollis vitae,',4,44,'2021-03-14 17:41:09','2021-03-14 17:41:09'),(1245,'Motor-45','vestibulum massa rutrum magna.',4,45,'2021-03-14 17:41:09','2021-03-14 17:41:09'),(1246,'Motor-46','ligula elit, pretium et, rutrum non,',4,46,'2021-03-14 17:41:09','2021-03-14 17:41:09'),(1247,'Motor-47','sed dolor.',4,47,'2021-03-14 17:41:09','2021-03-14 17:41:09'),(1248,'Motor-48','Mauris molestie pharetra nibh. Aliquam ornare, libero at',4,48,'2021-03-14 17:41:09','2021-03-14 17:41:09'),(1249,'Motor-49','felis orci, adipiscing non, luctus sit amet, faucibus',4,49,'2021-03-14 17:41:09','2021-03-14 17:41:09'),(1250,'Motor-50','magna. Lorem ipsum dolor sit amet, consectetuer adipiscing',4,50,'2021-03-14 17:41:09','2021-03-14 17:41:09'),(1251,'Motor-51','est. Nunc laoreet lectus quis massa. Mauris vestibulum,',4,51,'2021-03-14 17:41:09','2021-03-14 17:41:09'),(1252,'Motor-52','elit, pharetra',4,52,'2021-03-14 17:41:09','2021-03-14 17:41:09'),(1253,'Motor-53','odio vel est tempor bibendum. Donec',4,53,'2021-03-14 17:41:09','2021-03-14 17:41:09'),(1254,'Motor-54','eleifend,',4,54,'2021-03-14 17:41:09','2021-03-14 17:41:09'),(1255,'Motor-55','vel lectus. Cum sociis natoque penatibus et magnis dis parturient',4,55,'2021-03-14 17:41:09','2021-03-14 17:41:09'),(1256,'Motor-56','magnis dis parturient montes, nascetur ridiculus mus. Donec dignissim magna',4,56,'2021-03-14 17:41:09','2021-03-14 17:41:09'),(1257,'Motor-57','egestas',4,57,'2021-03-14 17:41:09','2021-03-14 17:41:09'),(1258,'Motor-58','ipsum leo elementum',4,58,'2021-03-14 17:41:09','2021-03-14 17:41:09'),(1259,'Motor-59','aliquet nec, imperdiet nec, leo. Morbi neque',4,59,'2021-03-14 17:41:09','2021-03-14 17:41:09'),(1260,'Motor-60','Aliquam auctor, velit eget laoreet posuere, enim nisl',4,60,'2021-03-14 17:41:09','2021-03-14 17:41:09'),(1261,'Motor-61','blandit at, nisi. Cum sociis natoque',4,61,'2021-03-14 17:41:09','2021-03-14 17:41:09'),(1262,'Motor-62','purus',4,62,'2021-03-14 17:41:09','2021-03-14 17:41:09'),(1263,'Motor-63','vestibulum lorem,',4,63,'2021-03-14 17:41:09','2021-03-14 17:41:09'),(1264,'Motor-64','sem ut cursus luctus, ipsum leo elementum sem, vitae aliquam',4,64,'2021-03-14 17:41:09','2021-03-14 17:41:09'),(1265,'Motor-65','tempus risus.',4,65,'2021-03-14 17:41:09','2021-03-14 17:41:09'),(1266,'Motor-66','Quisque ac libero nec ligula consectetuer rhoncus.',4,66,'2021-03-14 17:41:09','2021-03-14 17:41:09'),(1267,'Motor-67','luctus sit amet, faucibus ut, nulla. Cras eu tellus',4,67,'2021-03-14 17:41:09','2021-03-14 17:41:09'),(1268,'Motor-68','nibh enim, gravida sit amet, dapibus id, blandit',4,68,'2021-03-14 17:41:09','2021-03-14 17:41:09'),(1269,'Motor-69','erat volutpat. Nulla dignissim. Maecenas',4,69,'2021-03-14 17:41:09','2021-03-14 17:41:09'),(1270,'Motor-70','tellus',4,70,'2021-03-14 17:41:09','2021-03-14 17:41:09'),(1271,'Motor-71','diam at pretium aliquet, metus',4,71,'2021-03-14 17:41:09','2021-03-14 17:41:09'),(1272,'Motor-72','nascetur ridiculus mus. Proin vel arcu eu odio',4,72,'2021-03-14 17:41:09','2021-03-14 17:41:09'),(1273,'Motor-73','lorem semper auctor. Mauris vel turpis. Aliquam adipiscing lobortis risus.',4,73,'2021-03-14 17:41:09','2021-03-14 17:41:09'),(1274,'Motor-74','magna nec quam. Curabitur vel lectus. Cum sociis',4,74,'2021-03-14 17:41:09','2021-03-14 17:41:09'),(1275,'Motor-75','nisi magna sed dui. Fusce aliquam, enim nec',4,75,'2021-03-14 17:41:09','2021-03-14 17:41:09'),(1276,'Motor-76','adipiscing lacus. Ut nec urna et arcu imperdiet ullamcorper.',4,76,'2021-03-14 17:41:09','2021-03-14 17:41:09'),(1277,'Motor-77','amet ultricies sem magna nec quam. Curabitur vel lectus.',4,77,'2021-03-14 17:41:09','2021-03-14 17:41:09'),(1278,'Motor-78','pede blandit',4,78,'2021-03-14 17:41:09','2021-03-14 17:41:09'),(1279,'Motor-79','tortor, dictum eu, placerat eget, venenatis a, magna.',4,79,'2021-03-14 17:41:09','2021-03-14 17:41:09'),(1280,'Motor-80','Curabitur dictum. Phasellus',4,80,'2021-03-14 17:41:09','2021-03-14 17:41:09'),(1281,'Motor-81','Nullam',4,81,'2021-03-14 17:41:09','2021-03-14 17:41:09'),(1282,'Motor-82','et arcu imperdiet',4,82,'2021-03-14 17:41:09','2021-03-14 17:41:09'),(1283,'Motor-83','ut lacus. Nulla tincidunt, neque vitae semper egestas, urna',4,83,'2021-03-14 17:41:09','2021-03-14 17:41:09'),(1284,'Motor-84','enim',4,84,'2021-03-14 17:41:09','2021-03-14 17:41:09'),(1285,'Motor-85','tempus non,',4,85,'2021-03-14 17:41:09','2021-03-14 17:41:09'),(1286,'Motor-86','dui. Cum sociis natoque penatibus et',4,86,'2021-03-14 17:41:09','2021-03-14 17:41:09'),(1287,'Motor-87','lectus. Nullam suscipit, est ac facilisis facilisis, magna tellus',4,87,'2021-03-14 17:41:09','2021-03-14 17:41:09'),(1288,'Motor-88','Aliquam',4,88,'2021-03-14 17:41:09','2021-03-14 17:41:09'),(1289,'Motor-89','ac urna. Ut tincidunt vehicula',4,89,'2021-03-14 17:41:09','2021-03-14 17:41:09'),(1290,'Motor-90','convallis est, vitae sodales nisi magna sed dui. Fusce aliquam,',4,90,'2021-03-14 17:41:09','2021-03-14 17:41:09'),(1291,'Motor-91','amet diam eu dolor',4,91,'2021-03-14 17:41:09','2021-03-14 17:41:09'),(1292,'Motor-92','posuere vulputate, lacus. Cras interdum. Nunc',4,92,'2021-03-14 17:41:09','2021-03-14 17:41:09'),(1293,'Motor-93','orci. Ut',4,93,'2021-03-14 17:41:09','2021-03-14 17:41:09'),(1294,'Motor-94','dis parturient montes, nascetur ridiculus mus. Donec',4,94,'2021-03-14 17:41:09','2021-03-14 17:41:09'),(1295,'Motor-95','nec, imperdiet nec,',4,95,'2021-03-14 17:41:09','2021-03-14 17:41:09'),(1296,'Motor-96','auctor,',4,96,'2021-03-14 17:41:09','2021-03-14 17:41:09'),(1297,'Motor-97','Curabitur vel lectus. Cum sociis natoque penatibus et magnis dis',4,97,'2021-03-14 17:41:09','2021-03-14 17:41:09'),(1298,'Motor-98','Cras lorem lorem, luctus ut, pellentesque eget, dictum placerat,',4,98,'2021-03-14 17:41:09','2021-03-14 17:41:09'),(1299,'Motor-99','sed sem egestas blandit. Nam',4,99,'2021-03-14 17:41:09','2021-03-14 17:41:09'),(1300,'Motor-100','ipsum porta elit, a feugiat tellus lorem eu metus.',4,100,'2021-03-14 17:41:09','2021-03-14 17:41:09'),(1301,'Motor-1','eget metus eu erat',4,1,'2021-03-14 17:41:09','2021-03-14 17:41:09'),(1302,'Motor-2','convallis erat,',4,2,'2021-03-14 17:41:09','2021-03-14 17:41:09'),(1303,'Motor-3','Nam porttitor scelerisque neque. Nullam nisl. Maecenas malesuada fringilla est.',4,3,'2021-03-14 17:41:09','2021-03-14 17:41:09'),(1304,'Motor-4','metus eu erat semper rutrum. Fusce',4,4,'2021-03-14 17:41:09','2021-03-14 17:41:09'),(1305,'Motor-5','nec tempus scelerisque, lorem ipsum',4,5,'2021-03-14 17:41:09','2021-03-14 17:41:09'),(1306,'Motor-6','iaculis quis, pede. Praesent eu',4,6,'2021-03-14 17:41:09','2021-03-14 17:41:09'),(1307,'Motor-7','magna. Suspendisse',4,7,'2021-03-14 17:41:09','2021-03-14 17:41:09'),(1308,'Motor-8','molestie arcu. Sed eu nibh vulputate mauris sagittis',4,8,'2021-03-14 17:41:09','2021-03-14 17:41:09'),(1309,'Motor-9','sollicitudin',4,9,'2021-03-14 17:41:09','2021-03-14 17:41:09'),(1310,'Motor-10','Cum sociis natoque penatibus',4,10,'2021-03-14 17:41:09','2021-03-14 17:41:09'),(1311,'Motor-11','orci, consectetuer euismod est arcu ac',4,11,'2021-03-14 17:41:09','2021-03-14 17:41:09'),(1312,'Motor-12','eget tincidunt dui augue',4,12,'2021-03-14 17:41:09','2021-03-14 17:41:09'),(1313,'Motor-13','porttitor vulputate, posuere vulputate,',4,13,'2021-03-14 17:41:09','2021-03-14 17:41:09'),(1314,'Motor-14','consectetuer adipiscing elit. Curabitur sed',4,14,'2021-03-14 17:41:09','2021-03-14 17:41:09'),(1315,'Motor-15','condimentum eget, volutpat ornare, facilisis eget,',4,15,'2021-03-14 17:41:09','2021-03-14 17:41:09'),(1316,'Motor-16','tempus',4,16,'2021-03-14 17:41:09','2021-03-14 17:41:09'),(1317,'Motor-17','pretium neque.',4,17,'2021-03-14 17:41:09','2021-03-14 17:41:09'),(1318,'Motor-18','volutpat. Nulla dignissim. Maecenas ornare egestas ligula. Nullam feugiat placerat',4,18,'2021-03-14 17:41:09','2021-03-14 17:41:09'),(1319,'Motor-19','dolor. Fusce mi lorem, vehicula et, rutrum eu,',4,19,'2021-03-14 17:41:09','2021-03-14 17:41:09'),(1320,'Motor-20','In mi pede, nonummy ut, molestie in, tempus eu, ligula.',4,20,'2021-03-14 17:41:09','2021-03-14 17:41:09'),(1321,'Motor-21','orci. Ut sagittis',4,21,'2021-03-14 17:41:09','2021-03-14 17:41:09'),(1322,'Motor-22','ac arcu. Nunc mauris. Morbi non sapien molestie',4,22,'2021-03-14 17:41:09','2021-03-14 17:41:09'),(1323,'Motor-23','Mauris magna.',4,23,'2021-03-14 17:41:09','2021-03-14 17:41:09'),(1324,'Motor-24','et magnis',4,24,'2021-03-14 17:41:09','2021-03-14 17:41:09'),(1325,'Motor-25','risus, at fringilla purus mauris',4,25,'2021-03-14 17:41:09','2021-03-14 17:41:09'),(1326,'Motor-26','lorem semper auctor. Mauris',4,26,'2021-03-14 17:41:09','2021-03-14 17:41:09'),(1327,'Motor-27','lacus. Quisque imperdiet, erat nonummy ultricies ornare, elit',4,27,'2021-03-14 17:41:09','2021-03-14 17:41:09'),(1328,'Motor-28','lectus sit amet luctus vulputate, nisi sem semper erat, in',4,28,'2021-03-14 17:41:09','2021-03-14 17:41:09'),(1329,'Motor-29','arcu imperdiet ullamcorper. Duis at lacus. Quisque purus sapien,',4,29,'2021-03-14 17:41:09','2021-03-14 17:41:09'),(1330,'Motor-30','laoreet posuere, enim nisl elementum purus,',4,30,'2021-03-14 17:41:09','2021-03-14 17:41:09'),(1331,'Motor-31','odio, auctor vitae,',4,31,'2021-03-14 17:41:09','2021-03-14 17:41:09'),(1332,'Motor-32','feugiat. Lorem ipsum dolor sit amet,',4,32,'2021-03-14 17:41:09','2021-03-14 17:41:09'),(1333,'Motor-33','enim.',4,33,'2021-03-14 17:41:09','2021-03-14 17:41:09'),(1334,'Motor-34','lobortis tellus justo sit amet nulla. Donec non justo. Proin',4,34,'2021-03-14 17:41:09','2021-03-14 17:41:09'),(1335,'Motor-35','eu, euismod',4,35,'2021-03-14 17:41:09','2021-03-14 17:41:09'),(1336,'Motor-36','Donec vitae',4,36,'2021-03-14 17:41:09','2021-03-14 17:41:09'),(1337,'Motor-37','fringilla mi lacinia mattis. Integer eu lacus. Quisque imperdiet, erat',4,37,'2021-03-14 17:41:09','2021-03-14 17:41:09'),(1338,'Motor-38','ornare',4,38,'2021-03-14 17:41:09','2021-03-14 17:41:09'),(1339,'Motor-39','id sapien. Cras dolor dolor, tempus non,',4,39,'2021-03-14 17:41:09','2021-03-14 17:41:09'),(1340,'Motor-40','feugiat tellus lorem eu metus. In lorem.',4,40,'2021-03-14 17:41:09','2021-03-14 17:41:09'),(1341,'Motor-41','auctor ullamcorper, nisl arcu iaculis enim, sit amet ornare',4,41,'2021-03-14 17:41:09','2021-03-14 17:41:09'),(1342,'Motor-42','aliquet.',4,42,'2021-03-14 17:41:09','2021-03-14 17:41:09'),(1343,'Motor-43','adipiscing elit. Aliquam',4,43,'2021-03-14 17:41:09','2021-03-14 17:41:09'),(1344,'Motor-44','nisl sem, consequat nec, mollis vitae,',4,44,'2021-03-14 17:41:09','2021-03-14 17:41:09'),(1345,'Motor-45','vestibulum massa rutrum magna.',4,45,'2021-03-14 17:41:09','2021-03-14 17:41:09'),(1346,'Motor-46','ligula elit, pretium et, rutrum non,',4,46,'2021-03-14 17:41:09','2021-03-14 17:41:09'),(1347,'Motor-47','sed dolor.',4,47,'2021-03-14 17:41:09','2021-03-14 17:41:09'),(1348,'Motor-48','Mauris molestie pharetra nibh. Aliquam ornare, libero at',4,48,'2021-03-14 17:41:09','2021-03-14 17:41:09'),(1349,'Motor-49','felis orci, adipiscing non, luctus sit amet, faucibus',4,49,'2021-03-14 17:41:09','2021-03-14 17:41:09'),(1350,'Motor-50','magna. Lorem ipsum dolor sit amet, consectetuer adipiscing',4,50,'2021-03-14 17:41:09','2021-03-14 17:41:09'),(1351,'Motor-51','est. Nunc laoreet lectus quis massa. Mauris vestibulum,',4,51,'2021-03-14 17:41:09','2021-03-14 17:41:09'),(1352,'Motor-52','elit, pharetra',4,52,'2021-03-14 17:41:09','2021-03-14 17:41:09'),(1353,'Motor-53','odio vel est tempor bibendum. Donec',4,53,'2021-03-14 17:41:09','2021-03-14 17:41:09'),(1354,'Motor-54','eleifend,',4,54,'2021-03-14 17:41:09','2021-03-14 17:41:09'),(1355,'Motor-55','vel lectus. Cum sociis natoque penatibus et magnis dis parturient',4,55,'2021-03-14 17:41:09','2021-03-14 17:41:09'),(1356,'Motor-56','magnis dis parturient montes, nascetur ridiculus mus. Donec dignissim magna',4,56,'2021-03-14 17:41:09','2021-03-14 17:41:09'),(1357,'Motor-57','egestas',4,57,'2021-03-14 17:41:09','2021-03-14 17:41:09'),(1358,'Motor-58','ipsum leo elementum',4,58,'2021-03-14 17:41:09','2021-03-14 17:41:09'),(1359,'Motor-59','aliquet nec, imperdiet nec, leo. Morbi neque',4,59,'2021-03-14 17:41:09','2021-03-14 17:41:09'),(1360,'Motor-60','Aliquam auctor, velit eget laoreet posuere, enim nisl',4,60,'2021-03-14 17:41:09','2021-03-14 17:41:09'),(1361,'Motor-61','blandit at, nisi. Cum sociis natoque',4,61,'2021-03-14 17:41:09','2021-03-14 17:41:09'),(1362,'Motor-62','purus',4,62,'2021-03-14 17:41:09','2021-03-14 17:41:09'),(1363,'Motor-63','vestibulum lorem,',4,63,'2021-03-14 17:41:09','2021-03-14 17:41:09'),(1364,'Motor-64','sem ut cursus luctus, ipsum leo elementum sem, vitae aliquam',4,64,'2021-03-14 17:41:09','2021-03-14 17:41:09'),(1365,'Motor-65','tempus risus.',4,65,'2021-03-14 17:41:09','2021-03-14 17:41:09'),(1366,'Motor-66','Quisque ac libero nec ligula consectetuer rhoncus.',4,66,'2021-03-14 17:41:09','2021-03-14 17:41:09'),(1367,'Motor-67','luctus sit amet, faucibus ut, nulla. Cras eu tellus',4,67,'2021-03-14 17:41:09','2021-03-14 17:41:09'),(1368,'Motor-68','nibh enim, gravida sit amet, dapibus id, blandit',4,68,'2021-03-14 17:41:09','2021-03-14 17:41:09'),(1369,'Motor-69','erat volutpat. Nulla dignissim. Maecenas',4,69,'2021-03-14 17:41:09','2021-03-14 17:41:09'),(1370,'Motor-70','tellus',4,70,'2021-03-14 17:41:09','2021-03-14 17:41:09'),(1371,'Motor-71','diam at pretium aliquet, metus',4,71,'2021-03-14 17:41:09','2021-03-14 17:41:09'),(1372,'Motor-72','nascetur ridiculus mus. Proin vel arcu eu odio',4,72,'2021-03-14 17:41:09','2021-03-14 17:41:09'),(1373,'Motor-73','lorem semper auctor. Mauris vel turpis. Aliquam adipiscing lobortis risus.',4,73,'2021-03-14 17:41:09','2021-03-14 17:41:09'),(1374,'Motor-74','magna nec quam. Curabitur vel lectus. Cum sociis',4,74,'2021-03-14 17:41:09','2021-03-14 17:41:09'),(1375,'Motor-75','nisi magna sed dui. Fusce aliquam, enim nec',4,75,'2021-03-14 17:41:09','2021-03-14 17:41:09'),(1376,'Motor-76','adipiscing lacus. Ut nec urna et arcu imperdiet ullamcorper.',4,76,'2021-03-14 17:41:09','2021-03-14 17:41:09'),(1377,'Motor-77','amet ultricies sem magna nec quam. Curabitur vel lectus.',4,77,'2021-03-14 17:41:09','2021-03-14 17:41:09'),(1378,'Motor-78','pede blandit',4,78,'2021-03-14 17:41:09','2021-03-14 17:41:09'),(1379,'Motor-79','tortor, dictum eu, placerat eget, venenatis a, magna.',4,79,'2021-03-14 17:41:09','2021-03-14 17:41:09'),(1380,'Motor-80','Curabitur dictum. Phasellus',4,80,'2021-03-14 17:41:09','2021-03-14 17:41:09'),(1381,'Motor-81','Nullam',4,81,'2021-03-14 17:41:09','2021-03-14 17:41:09'),(1382,'Motor-82','et arcu imperdiet',4,82,'2021-03-14 17:41:09','2021-03-14 17:41:09'),(1383,'Motor-83','ut lacus. Nulla tincidunt, neque vitae semper egestas, urna',4,83,'2021-03-14 17:41:09','2021-03-14 17:41:09'),(1384,'Motor-84','enim',4,84,'2021-03-14 17:41:09','2021-03-14 17:41:09'),(1385,'Motor-85','tempus non,',4,85,'2021-03-14 17:41:09','2021-03-14 17:41:09'),(1386,'Motor-86','dui. Cum sociis natoque penatibus et',4,86,'2021-03-14 17:41:09','2021-03-14 17:41:09'),(1387,'Motor-87','lectus. Nullam suscipit, est ac facilisis facilisis, magna tellus',4,87,'2021-03-14 17:41:09','2021-03-14 17:41:09'),(1388,'Motor-88','Aliquam',4,88,'2021-03-14 17:41:09','2021-03-14 17:41:09'),(1389,'Motor-89','ac urna. Ut tincidunt vehicula',4,89,'2021-03-14 17:41:09','2021-03-14 17:41:09'),(1390,'Motor-90','convallis est, vitae sodales nisi magna sed dui. Fusce aliquam,',4,90,'2021-03-14 17:41:09','2021-03-14 17:41:09'),(1391,'Motor-91','amet diam eu dolor',4,91,'2021-03-14 17:41:09','2021-03-14 17:41:09'),(1392,'Motor-92','posuere vulputate, lacus. Cras interdum. Nunc',4,92,'2021-03-14 17:41:09','2021-03-14 17:41:09'),(1393,'Motor-93','orci. Ut',4,93,'2021-03-14 17:41:09','2021-03-14 17:41:09'),(1394,'Motor-94','dis parturient montes, nascetur ridiculus mus. Donec',4,94,'2021-03-14 17:41:09','2021-03-14 17:41:09'),(1395,'Motor-95','nec, imperdiet nec,',4,95,'2021-03-14 17:41:09','2021-03-14 17:41:09'),(1396,'Motor-96','auctor,',4,96,'2021-03-14 17:41:09','2021-03-14 17:41:09'),(1397,'Motor-97','Curabitur vel lectus. Cum sociis natoque penatibus et magnis dis',4,97,'2021-03-14 17:41:09','2021-03-14 17:41:09'),(1398,'Motor-98','Cras lorem lorem, luctus ut, pellentesque eget, dictum placerat,',4,98,'2021-03-14 17:41:09','2021-03-14 17:41:09'),(1399,'Motor-99','sed sem egestas blandit. Nam',4,99,'2021-03-14 17:41:09','2021-03-14 17:41:09'),(1400,'Motor-100','ipsum porta elit, a feugiat tellus lorem eu metus.',4,100,'2021-03-14 17:41:09','2021-03-14 17:41:09'),(1401,'PDB-1','eu, ultrices sit amet, risus. Donec nibh enim, gravida sit',8,1,'2021-03-14 17:41:09','2021-03-14 17:41:09'),(1402,'PDB-2','Aliquam tincidunt, nunc ac mattis',8,2,'2021-03-14 17:41:09','2021-03-14 17:41:09'),(1403,'PDB-3','elit.',8,3,'2021-03-14 17:41:09','2021-03-14 17:41:09'),(1404,'PDB-4','Duis gravida. Praesent eu nulla at sem molestie sodales. Mauris',8,4,'2021-03-14 17:41:09','2021-03-14 17:41:09'),(1405,'PDB-5','lorem fringilla ornare',8,5,'2021-03-14 17:41:09','2021-03-14 17:41:09'),(1406,'PDB-6','sodales nisi magna sed',8,6,'2021-03-14 17:41:09','2021-03-14 17:41:09'),(1407,'PDB-7','ante, iaculis nec, eleifend non, dapibus rutrum, justo. Praesent luctus.',8,7,'2021-03-14 17:41:09','2021-03-14 17:41:09'),(1408,'PDB-8','Nam ac',8,8,'2021-03-14 17:41:09','2021-03-14 17:41:09'),(1409,'PDB-9','luctus lobortis. Class aptent taciti sociosqu ad litora torquent per',8,9,'2021-03-14 17:41:09','2021-03-14 17:41:09'),(1410,'PDB-10','Vivamus rhoncus. Donec est. Nunc ullamcorper, velit in aliquet lobortis,',8,10,'2021-03-14 17:41:09','2021-03-14 17:41:09'),(1411,'PDB-11','nunc ac mattis ornare, lectus',8,11,'2021-03-14 17:41:09','2021-03-14 17:41:09'),(1412,'PDB-12','Cras lorem lorem, luctus',8,12,'2021-03-14 17:41:09','2021-03-14 17:41:09'),(1413,'PDB-13','a, arcu. Sed et libero. Proin mi. Aliquam',8,13,'2021-03-14 17:41:09','2021-03-14 17:41:09'),(1414,'PDB-14','luctus ut, pellentesque eget,',8,14,'2021-03-14 17:41:09','2021-03-14 17:41:09'),(1415,'PDB-15','justo eu arcu. Morbi sit amet',8,15,'2021-03-14 17:41:09','2021-03-14 17:41:09'),(1416,'PDB-16','In nec orci. Donec nibh. Quisque nonummy ipsum',8,16,'2021-03-14 17:41:09','2021-03-14 17:41:09'),(1417,'PDB-17','elit, a feugiat tellus lorem eu metus. In',8,17,'2021-03-14 17:41:09','2021-03-14 17:41:09'),(1418,'PDB-18','scelerisque',8,18,'2021-03-14 17:41:09','2021-03-14 17:41:09'),(1419,'PDB-19','elit. Nulla facilisi. Sed neque. Sed eget lacus. Mauris non',8,19,'2021-03-14 17:41:09','2021-03-14 17:41:09'),(1420,'PDB-20','malesuada',8,20,'2021-03-14 17:41:09','2021-03-14 17:41:09'),(1421,'PDB-21','hendrerit a, arcu. Sed et libero.',8,21,'2021-03-14 17:41:09','2021-03-14 17:41:09'),(1422,'PDB-22','Praesent eu dui. Cum',8,22,'2021-03-14 17:41:09','2021-03-14 17:41:09'),(1423,'PDB-23','Sed et libero. Proin mi. Aliquam gravida mauris ut',8,23,'2021-03-14 17:41:09','2021-03-14 17:41:09'),(1424,'PDB-24','Nam',8,24,'2021-03-14 17:41:09','2021-03-14 17:41:09'),(1425,'PDB-25','aliquet, metus urna',8,25,'2021-03-14 17:41:09','2021-03-14 17:41:09'),(1426,'PDB-26','Phasellus libero mauris, aliquam eu, accumsan sed, facilisis vitae,',8,26,'2021-03-14 17:41:09','2021-03-14 17:41:09'),(1427,'PDB-27','tellus. Nunc lectus pede,',8,27,'2021-03-14 17:41:09','2021-03-14 17:41:09'),(1428,'PDB-28','dignissim magna a tortor. Nunc',8,28,'2021-03-14 17:41:09','2021-03-14 17:41:09'),(1429,'PDB-29','nulla. Donec non justo. Proin non massa non ante bibendum',8,29,'2021-03-14 17:41:09','2021-03-14 17:41:09'),(1430,'PDB-30','amet risus. Donec egestas. Aliquam nec',8,30,'2021-03-14 17:41:09','2021-03-14 17:41:09'),(1431,'PDB-31','lorem semper auctor. Mauris vel',8,31,'2021-03-14 17:41:09','2021-03-14 17:41:09'),(1432,'PDB-32','tellus eu augue porttitor',8,32,'2021-03-14 17:41:09','2021-03-14 17:41:09'),(1433,'PDB-33','lobortis quis, pede. Suspendisse dui. Fusce diam',8,33,'2021-03-14 17:41:09','2021-03-14 17:41:09'),(1434,'PDB-34','dictum magna. Ut tincidunt orci quis lectus. Nullam',8,34,'2021-03-14 17:41:09','2021-03-14 17:41:09'),(1435,'PDB-35','Vestibulum ante ipsum primis in faucibus orci',8,35,'2021-03-14 17:41:09','2021-03-14 17:41:09'),(1436,'PDB-36','eu',8,36,'2021-03-14 17:41:09','2021-03-14 17:41:09'),(1437,'PDB-37','consectetuer ipsum nunc id',8,37,'2021-03-14 17:41:09','2021-03-14 17:41:09'),(1438,'PDB-38','ut, nulla.',8,38,'2021-03-14 17:41:09','2021-03-14 17:41:09'),(1439,'PDB-39','aliquet nec, imperdiet nec, leo. Morbi neque',8,39,'2021-03-14 17:41:09','2021-03-14 17:41:09'),(1440,'PDB-40','lorem, luctus ut, pellentesque',8,40,'2021-03-14 17:41:09','2021-03-14 17:41:09'),(1441,'PDB-41','interdum',8,41,'2021-03-14 17:41:09','2021-03-14 17:41:09'),(1442,'PDB-42','eros. Nam consequat dolor vitae dolor.',8,42,'2021-03-14 17:41:09','2021-03-14 17:41:09'),(1443,'PDB-43','mollis. Integer tincidunt aliquam arcu. Aliquam ultrices iaculis',8,43,'2021-03-14 17:41:09','2021-03-14 17:41:09'),(1444,'PDB-44','Cras',8,44,'2021-03-14 17:41:09','2021-03-14 17:41:09'),(1445,'PDB-45','Aliquam rutrum lorem ac risus. Morbi metus. Vivamus',8,45,'2021-03-14 17:41:09','2021-03-14 17:41:09'),(1446,'PDB-46','risus. Morbi',8,46,'2021-03-14 17:41:09','2021-03-14 17:41:09'),(1447,'PDB-47','elit,',8,47,'2021-03-14 17:41:09','2021-03-14 17:41:09'),(1448,'PDB-48','Fusce diam',8,48,'2021-03-14 17:41:09','2021-03-14 17:41:09'),(1449,'PDB-49','aptent taciti sociosqu ad litora torquent per',8,49,'2021-03-14 17:41:09','2021-03-14 17:41:09'),(1450,'PDB-50','sollicitudin a, malesuada id, erat. Etiam vestibulum massa rutrum magna.',8,50,'2021-03-14 17:41:09','2021-03-14 17:41:09'),(1451,'PDB-51','dolor. Nulla semper tellus id nunc',8,51,'2021-03-14 17:41:09','2021-03-14 17:41:09'),(1452,'PDB-52','pellentesque, tellus sem mollis dui, in sodales elit erat vitae',8,52,'2021-03-14 17:41:09','2021-03-14 17:41:09'),(1453,'PDB-53','Ut tincidunt vehicula risus. Nulla eget metus',8,53,'2021-03-14 17:41:09','2021-03-14 17:41:09'),(1454,'PDB-54','libero at auctor ullamcorper, nisl arcu iaculis',8,54,'2021-03-14 17:41:09','2021-03-14 17:41:09'),(1455,'PDB-55','ac libero nec',8,55,'2021-03-14 17:41:09','2021-03-14 17:41:09'),(1456,'PDB-56','Duis gravida. Praesent eu nulla',8,56,'2021-03-14 17:41:09','2021-03-14 17:41:09'),(1457,'PDB-57','sed, hendrerit a, arcu. Sed',8,57,'2021-03-14 17:41:09','2021-03-14 17:41:09'),(1458,'PDB-58','volutpat nunc',8,58,'2021-03-14 17:41:09','2021-03-14 17:41:09'),(1459,'PDB-59','consectetuer',8,59,'2021-03-14 17:41:09','2021-03-14 17:41:09'),(1460,'PDB-60','vulputate velit eu sem. Pellentesque ut ipsum ac mi',8,60,'2021-03-14 17:41:09','2021-03-14 17:41:09'),(1461,'PDB-61','nibh sit amet orci. Ut',8,61,'2021-03-14 17:41:09','2021-03-14 17:41:09'),(1462,'PDB-62','congue a, aliquet vel, vulputate eu, odio. Phasellus at augue',8,62,'2021-03-14 17:41:09','2021-03-14 17:41:09'),(1463,'PDB-63','egestas. Duis ac arcu. Nunc mauris. Morbi non',8,63,'2021-03-14 17:41:09','2021-03-14 17:41:09'),(1464,'PDB-64','lorem, vehicula et, rutrum eu, ultrices sit amet, risus.',8,64,'2021-03-14 17:41:09','2021-03-14 17:41:09'),(1465,'PDB-65','Nunc commodo auctor velit. Aliquam nisl. Nulla eu neque pellentesque',8,65,'2021-03-14 17:41:09','2021-03-14 17:41:09'),(1466,'PDB-66','eget metus. In nec orci. Donec nibh. Quisque nonummy',8,66,'2021-03-14 17:41:09','2021-03-14 17:41:09'),(1467,'PDB-67','Etiam vestibulum',8,67,'2021-03-14 17:41:09','2021-03-14 17:41:09'),(1468,'PDB-68','at',8,68,'2021-03-14 17:41:09','2021-03-14 17:41:09'),(1469,'PDB-69','in magna. Phasellus dolor elit, pellentesque a, facilisis non,',8,69,'2021-03-14 17:41:09','2021-03-14 17:41:09'),(1470,'PDB-70','quam. Curabitur',8,70,'2021-03-14 17:41:09','2021-03-14 17:41:09'),(1471,'PDB-71','urna suscipit nonummy. Fusce fermentum',8,71,'2021-03-14 17:41:09','2021-03-14 17:41:09'),(1472,'PDB-72','arcu. Sed et libero. Proin',8,72,'2021-03-14 17:41:09','2021-03-14 17:41:09'),(1473,'PDB-73','arcu. Aliquam',8,73,'2021-03-14 17:41:09','2021-03-14 17:41:09'),(1474,'PDB-74','ad litora torquent',8,74,'2021-03-14 17:41:09','2021-03-14 17:41:09'),(1475,'PDB-75','amet, dapibus id,',8,75,'2021-03-14 17:41:09','2021-03-14 17:41:09'),(1476,'PDB-76','tincidunt',8,76,'2021-03-14 17:41:09','2021-03-14 17:41:09'),(1477,'PDB-77','sit amet orci. Ut sagittis lobortis mauris. Suspendisse',8,77,'2021-03-14 17:41:09','2021-03-14 17:41:09'),(1478,'PDB-78','risus. In mi pede, nonummy ut, molestie in, tempus',8,78,'2021-03-14 17:41:09','2021-03-14 17:41:09'),(1479,'PDB-79','eget lacus. Mauris',8,79,'2021-03-14 17:41:09','2021-03-14 17:41:09'),(1480,'PDB-80','mauris. Integer sem elit, pharetra',8,80,'2021-03-14 17:41:09','2021-03-14 17:41:09'),(1481,'PDB-81','mattis velit justo nec ante. Maecenas',8,81,'2021-03-14 17:41:09','2021-03-14 17:41:09'),(1482,'PDB-82','Aliquam tincidunt, nunc ac mattis ornare, lectus ante dictum mi,',8,82,'2021-03-14 17:41:09','2021-03-14 17:41:09'),(1483,'PDB-83','Quisque imperdiet, erat nonummy ultricies ornare,',8,83,'2021-03-14 17:41:09','2021-03-14 17:41:09'),(1484,'PDB-84','adipiscing lobortis risus. In mi',8,84,'2021-03-14 17:41:09','2021-03-14 17:41:09'),(1485,'PDB-85','adipiscing ligula. Aenean gravida nunc sed',8,85,'2021-03-14 17:41:09','2021-03-14 17:41:09'),(1486,'PDB-86','a, enim. Suspendisse aliquet, sem',8,86,'2021-03-14 17:41:09','2021-03-14 17:41:09'),(1487,'PDB-87','neque non',8,87,'2021-03-14 17:41:09','2021-03-14 17:41:09'),(1488,'PDB-88','lectus pede et risus.',8,88,'2021-03-14 17:41:09','2021-03-14 17:41:09'),(1489,'PDB-89','erat, eget tincidunt dui augue',8,89,'2021-03-14 17:41:09','2021-03-14 17:41:09'),(1490,'PDB-90','Donec at',8,90,'2021-03-14 17:41:09','2021-03-14 17:41:09'),(1491,'PDB-91','interdum ligula eu enim. Etiam imperdiet dictum',8,91,'2021-03-14 17:41:09','2021-03-14 17:41:09'),(1492,'PDB-92','Aliquam erat volutpat.',8,92,'2021-03-14 17:41:09','2021-03-14 17:41:09'),(1493,'PDB-93','velit in aliquet lobortis, nisi',8,93,'2021-03-14 17:41:09','2021-03-14 17:41:09'),(1494,'PDB-94','aliquet lobortis, nisi nibh lacinia',8,94,'2021-03-14 17:41:09','2021-03-14 17:41:09'),(1495,'PDB-95','neque vitae semper egestas, urna justo',8,95,'2021-03-14 17:41:09','2021-03-14 17:41:09'),(1496,'PDB-96','faucibus. Morbi vehicula. Pellentesque tincidunt',8,96,'2021-03-14 17:41:09','2021-03-14 17:41:09'),(1497,'PDB-97','scelerisque mollis. Phasellus libero mauris, aliquam eu,',8,97,'2021-03-14 17:41:09','2021-03-14 17:41:09'),(1498,'PDB-98','magnis dis parturient montes, nascetur ridiculus mus. Proin',8,98,'2021-03-14 17:41:09','2021-03-14 17:41:09'),(1499,'PDB-99','dignissim magna a tortor.',8,99,'2021-03-14 17:41:09','2021-03-14 17:41:09'),(1500,'PDB-100','Nunc ullamcorper, velit in',8,100,'2021-03-14 17:41:09','2021-03-14 17:41:09'),(1501,'Prop-1','mattis velit',2,1,'2021-03-14 17:41:09','2021-03-14 17:41:09'),(1502,'Prop-2','eget mollis lectus pede et',2,2,'2021-03-14 17:41:09','2021-03-14 17:41:09'),(1503,'Prop-3','sed orci lobortis',2,3,'2021-03-14 17:41:09','2021-03-14 17:41:09'),(1504,'Prop-4','in magna. Phasellus dolor elit, pellentesque a, facilisis non,',2,4,'2021-03-14 17:41:09','2021-03-14 17:41:09'),(1505,'Prop-5','nunc interdum feugiat. Sed nec metus',2,5,'2021-03-14 17:41:09','2021-03-14 17:41:09'),(1506,'Prop-6','lectus. Nullam suscipit, est ac facilisis',2,6,'2021-03-14 17:41:09','2021-03-14 17:41:09'),(1507,'Prop-7','Nulla tincidunt, neque vitae semper egestas, urna justo faucibus',2,7,'2021-03-14 17:41:09','2021-03-14 17:41:09'),(1508,'Prop-8','Sed neque. Sed eget lacus. Mauris',2,8,'2021-03-14 17:41:09','2021-03-14 17:41:09'),(1509,'Prop-9','sed dictum eleifend, nunc',2,9,'2021-03-14 17:41:09','2021-03-14 17:41:09'),(1510,'Prop-10','facilisis eget, ipsum. Donec sollicitudin',2,10,'2021-03-14 17:41:09','2021-03-14 17:41:09'),(1511,'Prop-11','Aliquam tincidunt, nunc ac',2,11,'2021-03-14 17:41:09','2021-03-14 17:41:09'),(1512,'Prop-12','porttitor eros nec tellus. Nunc lectus pede,',2,12,'2021-03-14 17:41:09','2021-03-14 17:41:09'),(1513,'Prop-13','eu metus. In lorem.',2,13,'2021-03-14 17:41:09','2021-03-14 17:41:09'),(1514,'Prop-14','laoreet, libero et tristique pellentesque, tellus sem mollis dui,',2,14,'2021-03-14 17:41:09','2021-03-14 17:41:09'),(1515,'Prop-15','Sed neque. Sed eget lacus. Mauris',2,15,'2021-03-14 17:41:09','2021-03-14 17:41:09'),(1516,'Prop-16','magna. Suspendisse tristique neque venenatis lacus. Etiam',2,16,'2021-03-14 17:41:09','2021-03-14 17:41:09'),(1517,'Prop-17','parturient',2,17,'2021-03-14 17:41:09','2021-03-14 17:41:09'),(1518,'Prop-18','ipsum ac mi eleifend egestas.',2,18,'2021-03-14 17:41:09','2021-03-14 17:41:09'),(1519,'Prop-19','natoque penatibus et magnis dis parturient montes, nascetur ridiculus mus.',2,19,'2021-03-14 17:41:09','2021-03-14 17:41:09'),(1520,'Prop-20','eu erat semper rutrum. Fusce dolor',2,20,'2021-03-14 17:41:09','2021-03-14 17:41:09'),(1521,'Prop-21','sit amet diam eu',2,21,'2021-03-14 17:41:09','2021-03-14 17:41:09'),(1522,'Prop-22','vitae, sodales at,',2,22,'2021-03-14 17:41:09','2021-03-14 17:41:09'),(1523,'Prop-23','Fusce mollis. Duis sit amet',2,23,'2021-03-14 17:41:09','2021-03-14 17:41:09'),(1524,'Prop-24','arcu. Vestibulum ante ipsum primis in',2,24,'2021-03-14 17:41:09','2021-03-14 17:41:09'),(1525,'Prop-25','magna. Phasellus dolor elit,',2,25,'2021-03-14 17:41:09','2021-03-14 17:41:09'),(1526,'Prop-26','risus. Nulla eget metus eu erat semper rutrum. Fusce',2,26,'2021-03-14 17:41:09','2021-03-14 17:41:09'),(1527,'Prop-27','mi, ac mattis velit justo nec ante. Maecenas mi',2,27,'2021-03-14 17:41:09','2021-03-14 17:41:09'),(1528,'Prop-28','et netus et malesuada fames ac turpis egestas. Aliquam fringilla',2,28,'2021-03-14 17:41:09','2021-03-14 17:41:09'),(1529,'Prop-29','bibendum ullamcorper. Duis cursus, diam at pretium aliquet,',2,29,'2021-03-14 17:41:09','2021-03-14 17:41:09'),(1530,'Prop-30','vitae',2,30,'2021-03-14 17:41:09','2021-03-14 17:41:09'),(1531,'Prop-31','eget ipsum. Suspendisse sagittis. Nullam',2,31,'2021-03-14 17:41:09','2021-03-14 17:41:09'),(1532,'Prop-32','euismod est arcu ac orci. Ut',2,32,'2021-03-14 17:41:09','2021-03-14 17:41:09'),(1533,'Prop-33','Proin mi. Aliquam gravida mauris ut mi. Duis risus',2,33,'2021-03-14 17:41:09','2021-03-14 17:41:09'),(1534,'Prop-34','tempus non, lacinia',2,34,'2021-03-14 17:41:09','2021-03-14 17:41:09'),(1535,'Prop-35','tellus lorem eu metus. In lorem. Donec',2,35,'2021-03-14 17:41:09','2021-03-14 17:41:09'),(1536,'Prop-36','libero nec ligula consectetuer',2,36,'2021-03-14 17:41:09','2021-03-14 17:41:09'),(1537,'Prop-37','posuere cubilia Curae;',2,37,'2021-03-14 17:41:09','2021-03-14 17:41:09'),(1538,'Prop-38','pede et',2,38,'2021-03-14 17:41:09','2021-03-14 17:41:09'),(1539,'Prop-39','eleifend, nunc risus varius orci, in consequat enim diam vel',2,39,'2021-03-14 17:41:09','2021-03-14 17:41:09'),(1540,'Prop-40','tempus, lorem fringilla ornare placerat, orci lacus vestibulum lorem, sit',2,40,'2021-03-14 17:41:09','2021-03-14 17:41:09'),(1541,'Prop-41','velit eu sem. Pellentesque ut ipsum ac mi',2,41,'2021-03-14 17:41:09','2021-03-14 17:41:09'),(1542,'Prop-42','Mauris vel turpis. Aliquam',2,42,'2021-03-14 17:41:09','2021-03-14 17:41:09'),(1543,'Prop-43','ridiculus mus. Proin vel arcu eu odio tristique pharetra. Quisque',2,43,'2021-03-14 17:41:09','2021-03-14 17:41:09'),(1544,'Prop-44','semper rutrum. Fusce dolor quam, elementum at, egestas a,',2,44,'2021-03-14 17:41:09','2021-03-14 17:41:09'),(1545,'Prop-45','amet lorem semper auctor. Mauris',2,45,'2021-03-14 17:41:09','2021-03-14 17:41:09'),(1546,'Prop-46','Donec at arcu. Vestibulum ante',2,46,'2021-03-14 17:41:09','2021-03-14 17:41:09'),(1547,'Prop-47','Curae; Donec tincidunt. Donec vitae erat vel',2,47,'2021-03-14 17:41:09','2021-03-14 17:41:09'),(1548,'Prop-48','Suspendisse tristique neque venenatis lacus. Etiam',2,48,'2021-03-14 17:41:09','2021-03-14 17:41:09'),(1549,'Prop-49','elit',2,49,'2021-03-14 17:41:09','2021-03-14 17:41:09'),(1550,'Prop-50','Etiam',2,50,'2021-03-14 17:41:09','2021-03-14 17:41:09'),(1551,'Prop-51','tellus non magna. Nam ligula',2,51,'2021-03-14 17:41:09','2021-03-14 17:41:09'),(1552,'Prop-52','ornare placerat, orci lacus',2,52,'2021-03-14 17:41:09','2021-03-14 17:41:09'),(1553,'Prop-53','Nulla tincidunt, neque vitae',2,53,'2021-03-14 17:41:09','2021-03-14 17:41:09'),(1554,'Prop-54','magna a neque. Nullam',2,54,'2021-03-14 17:41:09','2021-03-14 17:41:09'),(1555,'Prop-55','ut aliquam iaculis, lacus pede sagittis augue, eu tempor',2,55,'2021-03-14 17:41:09','2021-03-14 17:41:09'),(1556,'Prop-56','vestibulum massa rutrum magna. Cras convallis convallis dolor. Quisque tincidunt',2,56,'2021-03-14 17:41:09','2021-03-14 17:41:09'),(1557,'Prop-57','felis ullamcorper viverra. Maecenas iaculis aliquet diam.',2,57,'2021-03-14 17:41:09','2021-03-14 17:41:09'),(1558,'Prop-58','Suspendisse',2,58,'2021-03-14 17:41:09','2021-03-14 17:41:09'),(1559,'Prop-59','lobortis quam a felis ullamcorper viverra. Maecenas iaculis aliquet',2,59,'2021-03-14 17:41:09','2021-03-14 17:41:09'),(1560,'Prop-60','Duis mi enim,',2,60,'2021-03-14 17:41:09','2021-03-14 17:41:09'),(1561,'Prop-61','dolor',2,61,'2021-03-14 17:41:09','2021-03-14 17:41:09'),(1562,'Prop-62','Donec luctus aliquet odio. Etiam ligula tortor, dictum eu, placerat',2,62,'2021-03-14 17:41:09','2021-03-14 17:41:09'),(1563,'Prop-63','sed tortor. Integer aliquam adipiscing lacus.',2,63,'2021-03-14 17:41:09','2021-03-14 17:41:09'),(1564,'Prop-64','egestas. Fusce aliquet magna a neque.',2,64,'2021-03-14 17:41:09','2021-03-14 17:41:09'),(1565,'Prop-65','Donec porttitor tellus non',2,65,'2021-03-14 17:41:09','2021-03-14 17:41:09'),(1566,'Prop-66','Mauris vel turpis. Aliquam adipiscing lobortis risus. In mi',2,66,'2021-03-14 17:41:09','2021-03-14 17:41:09'),(1567,'Prop-67','sit amet ante.',2,67,'2021-03-14 17:41:09','2021-03-14 17:41:09'),(1568,'Prop-68','ac mattis semper, dui lectus rutrum urna, nec luctus',2,68,'2021-03-14 17:41:09','2021-03-14 17:41:09'),(1569,'Prop-69','vitae mauris sit amet lorem semper auctor. Mauris vel turpis.',2,69,'2021-03-14 17:41:09','2021-03-14 17:41:09'),(1570,'Prop-70','ipsum porta elit, a feugiat tellus lorem eu metus.',2,70,'2021-03-14 17:41:09','2021-03-14 17:41:09'),(1571,'Prop-71','et ultrices',2,71,'2021-03-14 17:41:09','2021-03-14 17:41:09'),(1572,'Prop-72','massa. Suspendisse eleifend. Cras sed leo.',2,72,'2021-03-14 17:41:09','2021-03-14 17:41:09'),(1573,'Prop-73','vitae, aliquet nec, imperdiet nec, leo. Morbi neque',2,73,'2021-03-14 17:41:09','2021-03-14 17:41:09'),(1574,'Prop-74','ipsum primis in faucibus orci luctus',2,74,'2021-03-14 17:41:09','2021-03-14 17:41:09'),(1575,'Prop-75','ultrices. Vivamus rhoncus. Donec est. Nunc ullamcorper, velit in aliquet',2,75,'2021-03-14 17:41:09','2021-03-14 17:41:09'),(1576,'Prop-76','erat. Sed nunc est, mollis non,',2,76,'2021-03-14 17:41:09','2021-03-14 17:41:09'),(1577,'Prop-77','dui. Fusce',2,77,'2021-03-14 17:41:09','2021-03-14 17:41:09'),(1578,'Prop-78','mi',2,78,'2021-03-14 17:41:09','2021-03-14 17:41:09'),(1579,'Prop-79','ipsum dolor',2,79,'2021-03-14 17:41:09','2021-03-14 17:41:09'),(1580,'Prop-80','Nunc mauris',2,80,'2021-03-14 17:41:09','2021-03-14 17:41:09'),(1581,'Prop-81','Sed auctor odio a',2,81,'2021-03-14 17:41:09','2021-03-14 17:41:09'),(1582,'Prop-82','diam dictum sapien. Aenean massa. Integer vitae nibh.',2,82,'2021-03-14 17:41:09','2021-03-14 17:41:09'),(1583,'Prop-83','neque. In ornare sagittis felis. Donec tempor,',2,83,'2021-03-14 17:41:09','2021-03-14 17:41:09'),(1584,'Prop-84','lacus.',2,84,'2021-03-14 17:41:09','2021-03-14 17:41:09'),(1585,'Prop-85','mus. Proin',2,85,'2021-03-14 17:41:09','2021-03-14 17:41:09'),(1586,'Prop-86','Sed malesuada augue ut lacus. Nulla',2,86,'2021-03-14 17:41:09','2021-03-14 17:41:09'),(1587,'Prop-87','tempus',2,87,'2021-03-14 17:41:09','2021-03-14 17:41:09'),(1588,'Prop-88','Duis volutpat nunc sit amet',2,88,'2021-03-14 17:41:09','2021-03-14 17:41:09'),(1589,'Prop-89','congue a, aliquet vel, vulputate',2,89,'2021-03-14 17:41:09','2021-03-14 17:41:09'),(1590,'Prop-90','Nulla facilisis. Suspendisse commodo tincidunt nibh. Phasellus nulla. Integer',2,90,'2021-03-14 17:41:09','2021-03-14 17:41:09'),(1591,'Prop-91','facilisis,',2,91,'2021-03-14 17:41:09','2021-03-14 17:41:09'),(1592,'Prop-92','arcu. Nunc mauris.',2,92,'2021-03-14 17:41:09','2021-03-14 17:41:09'),(1593,'Prop-93','non justo. Proin non massa non ante bibendum ullamcorper. Duis',2,93,'2021-03-14 17:41:09','2021-03-14 17:41:09'),(1594,'Prop-94','vitae semper egestas,',2,94,'2021-03-14 17:41:09','2021-03-14 17:41:09'),(1595,'Prop-95','laoreet, libero et tristique pellentesque, tellus sem',2,95,'2021-03-14 17:41:09','2021-03-14 17:41:09'),(1596,'Prop-96','Morbi sit amet massa. Quisque',2,96,'2021-03-14 17:41:09','2021-03-14 17:41:09'),(1597,'Prop-97','lacus vestibulum lorem, sit amet',2,97,'2021-03-14 17:41:09','2021-03-14 17:41:09'),(1598,'Prop-98','sem',2,98,'2021-03-14 17:41:09','2021-03-14 17:41:09'),(1599,'Prop-99','Nulla semper tellus',2,99,'2021-03-14 17:41:09','2021-03-14 17:41:09'),(1600,'Prop-100','lorem tristique aliquet. Phasellus fermentum convallis ligula. Donec luctus aliquet',2,100,'2021-03-14 17:41:09','2021-03-14 17:41:09'),(1601,'Prop-1','mattis velit',2,1,'2021-03-14 17:41:09','2021-03-14 17:41:09'),(1602,'Prop-2','eget mollis lectus pede et',2,2,'2021-03-14 17:41:09','2021-03-14 17:41:09'),(1603,'Prop-3','sed orci lobortis',2,3,'2021-03-14 17:41:09','2021-03-14 17:41:09'),(1604,'Prop-4','in magna. Phasellus dolor elit, pellentesque a, facilisis non,',2,4,'2021-03-14 17:41:09','2021-03-14 17:41:09'),(1605,'Prop-5','nunc interdum feugiat. Sed nec metus',2,5,'2021-03-14 17:41:09','2021-03-14 17:41:09'),(1606,'Prop-6','lectus. Nullam suscipit, est ac facilisis',2,6,'2021-03-14 17:41:09','2021-03-14 17:41:09'),(1607,'Prop-7','Nulla tincidunt, neque vitae semper egestas, urna justo faucibus',2,7,'2021-03-14 17:41:09','2021-03-14 17:41:09'),(1608,'Prop-8','Sed neque. Sed eget lacus. Mauris',2,8,'2021-03-14 17:41:09','2021-03-14 17:41:09'),(1609,'Prop-9','sed dictum eleifend, nunc',2,9,'2021-03-14 17:41:09','2021-03-14 17:41:09'),(1610,'Prop-10','facilisis eget, ipsum. Donec sollicitudin',2,10,'2021-03-14 17:41:09','2021-03-14 17:41:09'),(1611,'Prop-11','Aliquam tincidunt, nunc ac',2,11,'2021-03-14 17:41:09','2021-03-14 17:41:09'),(1612,'Prop-12','porttitor eros nec tellus. Nunc lectus pede,',2,12,'2021-03-14 17:41:09','2021-03-14 17:41:09'),(1613,'Prop-13','eu metus. In lorem.',2,13,'2021-03-14 17:41:09','2021-03-14 17:41:09'),(1614,'Prop-14','laoreet, libero et tristique pellentesque, tellus sem mollis dui,',2,14,'2021-03-14 17:41:09','2021-03-14 17:41:09'),(1615,'Prop-15','Sed neque. Sed eget lacus. Mauris',2,15,'2021-03-14 17:41:09','2021-03-14 17:41:09'),(1616,'Prop-16','magna. Suspendisse tristique neque venenatis lacus. Etiam',2,16,'2021-03-14 17:41:09','2021-03-14 17:41:09'),(1617,'Prop-17','parturient',2,17,'2021-03-14 17:41:09','2021-03-14 17:41:09'),(1618,'Prop-18','ipsum ac mi eleifend egestas.',2,18,'2021-03-14 17:41:09','2021-03-14 17:41:09'),(1619,'Prop-19','natoque penatibus et magnis dis parturient montes, nascetur ridiculus mus.',2,19,'2021-03-14 17:41:09','2021-03-14 17:41:09'),(1620,'Prop-20','eu erat semper rutrum. Fusce dolor',2,20,'2021-03-14 17:41:09','2021-03-14 17:41:09'),(1621,'Prop-21','sit amet diam eu',2,21,'2021-03-14 17:41:09','2021-03-14 17:41:09'),(1622,'Prop-22','vitae, sodales at,',2,22,'2021-03-14 17:41:09','2021-03-14 17:41:09'),(1623,'Prop-23','Fusce mollis. Duis sit amet',2,23,'2021-03-14 17:41:09','2021-03-14 17:41:09'),(1624,'Prop-24','arcu. Vestibulum ante ipsum primis in',2,24,'2021-03-14 17:41:09','2021-03-14 17:41:09'),(1625,'Prop-25','magna. Phasellus dolor elit,',2,25,'2021-03-14 17:41:09','2021-03-14 17:41:09'),(1626,'Prop-26','risus. Nulla eget metus eu erat semper rutrum. Fusce',2,26,'2021-03-14 17:41:09','2021-03-14 17:41:09'),(1627,'Prop-27','mi, ac mattis velit justo nec ante. Maecenas mi',2,27,'2021-03-14 17:41:09','2021-03-14 17:41:09'),(1628,'Prop-28','et netus et malesuada fames ac turpis egestas. Aliquam fringilla',2,28,'2021-03-14 17:41:09','2021-03-14 17:41:09'),(1629,'Prop-29','bibendum ullamcorper. Duis cursus, diam at pretium aliquet,',2,29,'2021-03-14 17:41:09','2021-03-14 17:41:09'),(1630,'Prop-30','vitae',2,30,'2021-03-14 17:41:09','2021-03-14 17:41:09'),(1631,'Prop-31','eget ipsum. Suspendisse sagittis. Nullam',2,31,'2021-03-14 17:41:09','2021-03-14 17:41:09'),(1632,'Prop-32','euismod est arcu ac orci. Ut',2,32,'2021-03-14 17:41:09','2021-03-14 17:41:09'),(1633,'Prop-33','Proin mi. Aliquam gravida mauris ut mi. Duis risus',2,33,'2021-03-14 17:41:09','2021-03-14 17:41:09'),(1634,'Prop-34','tempus non, lacinia',2,34,'2021-03-14 17:41:09','2021-03-14 17:41:09'),(1635,'Prop-35','tellus lorem eu metus. In lorem. Donec',2,35,'2021-03-14 17:41:09','2021-03-14 17:41:09'),(1636,'Prop-36','libero nec ligula consectetuer',2,36,'2021-03-14 17:41:09','2021-03-14 17:41:09'),(1637,'Prop-37','posuere cubilia Curae;',2,37,'2021-03-14 17:41:09','2021-03-14 17:41:09'),(1638,'Prop-38','pede et',2,38,'2021-03-14 17:41:09','2021-03-14 17:41:09'),(1639,'Prop-39','eleifend, nunc risus varius orci, in consequat enim diam vel',2,39,'2021-03-14 17:41:09','2021-03-14 17:41:09'),(1640,'Prop-40','tempus, lorem fringilla ornare placerat, orci lacus vestibulum lorem, sit',2,40,'2021-03-14 17:41:09','2021-03-14 17:41:09'),(1641,'Prop-41','velit eu sem. Pellentesque ut ipsum ac mi',2,41,'2021-03-14 17:41:09','2021-03-14 17:41:09'),(1642,'Prop-42','Mauris vel turpis. Aliquam',2,42,'2021-03-14 17:41:09','2021-03-14 17:41:09'),(1643,'Prop-43','ridiculus mus. Proin vel arcu eu odio tristique pharetra. Quisque',2,43,'2021-03-14 17:41:09','2021-03-14 17:41:09'),(1644,'Prop-44','semper rutrum. Fusce dolor quam, elementum at, egestas a,',2,44,'2021-03-14 17:41:09','2021-03-14 17:41:09'),(1645,'Prop-45','amet lorem semper auctor. Mauris',2,45,'2021-03-14 17:41:09','2021-03-14 17:41:09'),(1646,'Prop-46','Donec at arcu. Vestibulum ante',2,46,'2021-03-14 17:41:09','2021-03-14 17:41:09'),(1647,'Prop-47','Curae; Donec tincidunt. Donec vitae erat vel',2,47,'2021-03-14 17:41:09','2021-03-14 17:41:09'),(1648,'Prop-48','Suspendisse tristique neque venenatis lacus. Etiam',2,48,'2021-03-14 17:41:09','2021-03-14 17:41:09'),(1649,'Prop-49','elit',2,49,'2021-03-14 17:41:09','2021-03-14 17:41:09'),(1650,'Prop-50','Etiam',2,50,'2021-03-14 17:41:09','2021-03-14 17:41:09'),(1651,'Prop-51','tellus non magna. Nam ligula',2,51,'2021-03-14 17:41:09','2021-03-14 17:41:09'),(1652,'Prop-52','ornare placerat, orci lacus',2,52,'2021-03-14 17:41:09','2021-03-14 17:41:09'),(1653,'Prop-53','Nulla tincidunt, neque vitae',2,53,'2021-03-14 17:41:09','2021-03-14 17:41:09'),(1654,'Prop-54','magna a neque. Nullam',2,54,'2021-03-14 17:41:09','2021-03-14 17:41:09'),(1655,'Prop-55','ut aliquam iaculis, lacus pede sagittis augue, eu tempor',2,55,'2021-03-14 17:41:09','2021-03-14 17:41:09'),(1656,'Prop-56','vestibulum massa rutrum magna. Cras convallis convallis dolor. Quisque tincidunt',2,56,'2021-03-14 17:41:09','2021-03-14 17:41:09'),(1657,'Prop-57','felis ullamcorper viverra. Maecenas iaculis aliquet diam.',2,57,'2021-03-14 17:41:09','2021-03-14 17:41:09'),(1658,'Prop-58','Suspendisse',2,58,'2021-03-14 17:41:09','2021-03-14 17:41:09'),(1659,'Prop-59','lobortis quam a felis ullamcorper viverra. Maecenas iaculis aliquet',2,59,'2021-03-14 17:41:09','2021-03-14 17:41:09'),(1660,'Prop-60','Duis mi enim,',2,60,'2021-03-14 17:41:09','2021-03-14 17:41:09'),(1661,'Prop-61','dolor',2,61,'2021-03-14 17:41:09','2021-03-14 17:41:09'),(1662,'Prop-62','Donec luctus aliquet odio. Etiam ligula tortor, dictum eu, placerat',2,62,'2021-03-14 17:41:09','2021-03-14 17:41:09'),(1663,'Prop-63','sed tortor. Integer aliquam adipiscing lacus.',2,63,'2021-03-14 17:41:09','2021-03-14 17:41:09'),(1664,'Prop-64','egestas. Fusce aliquet magna a neque.',2,64,'2021-03-14 17:41:09','2021-03-14 17:41:09'),(1665,'Prop-65','Donec porttitor tellus non',2,65,'2021-03-14 17:41:09','2021-03-14 17:41:09'),(1666,'Prop-66','Mauris vel turpis. Aliquam adipiscing lobortis risus. In mi',2,66,'2021-03-14 17:41:09','2021-03-14 17:41:09'),(1667,'Prop-67','sit amet ante.',2,67,'2021-03-14 17:41:09','2021-03-14 17:41:09'),(1668,'Prop-68','ac mattis semper, dui lectus rutrum urna, nec luctus',2,68,'2021-03-14 17:41:09','2021-03-14 17:41:09'),(1669,'Prop-69','vitae mauris sit amet lorem semper auctor. Mauris vel turpis.',2,69,'2021-03-14 17:41:09','2021-03-14 17:41:09'),(1670,'Prop-70','ipsum porta elit, a feugiat tellus lorem eu metus.',2,70,'2021-03-14 17:41:09','2021-03-14 17:41:09'),(1671,'Prop-71','et ultrices',2,71,'2021-03-14 17:41:09','2021-03-14 17:41:09'),(1672,'Prop-72','massa. Suspendisse eleifend. Cras sed leo.',2,72,'2021-03-14 17:41:09','2021-03-14 17:41:09'),(1673,'Prop-73','vitae, aliquet nec, imperdiet nec, leo. Morbi neque',2,73,'2021-03-14 17:41:09','2021-03-14 17:41:09'),(1674,'Prop-74','ipsum primis in faucibus orci luctus',2,74,'2021-03-14 17:41:09','2021-03-14 17:41:09'),(1675,'Prop-75','ultrices. Vivamus rhoncus. Donec est. Nunc ullamcorper, velit in aliquet',2,75,'2021-03-14 17:41:09','2021-03-14 17:41:09'),(1676,'Prop-76','erat. Sed nunc est, mollis non,',2,76,'2021-03-14 17:41:09','2021-03-14 17:41:09'),(1677,'Prop-77','dui. Fusce',2,77,'2021-03-14 17:41:09','2021-03-14 17:41:09'),(1678,'Prop-78','mi',2,78,'2021-03-14 17:41:09','2021-03-14 17:41:09'),(1679,'Prop-79','ipsum dolor',2,79,'2021-03-14 17:41:09','2021-03-14 17:41:09'),(1680,'Prop-80','Nunc mauris',2,80,'2021-03-14 17:41:09','2021-03-14 17:41:09'),(1681,'Prop-81','Sed auctor odio a',2,81,'2021-03-14 17:41:09','2021-03-14 17:41:09'),(1682,'Prop-82','diam dictum sapien. Aenean massa. Integer vitae nibh.',2,82,'2021-03-14 17:41:09','2021-03-14 17:41:09'),(1683,'Prop-83','neque. In ornare sagittis felis. Donec tempor,',2,83,'2021-03-14 17:41:09','2021-03-14 17:41:09'),(1684,'Prop-84','lacus.',2,84,'2021-03-14 17:41:09','2021-03-14 17:41:09'),(1685,'Prop-85','mus. Proin',2,85,'2021-03-14 17:41:09','2021-03-14 17:41:09'),(1686,'Prop-86','Sed malesuada augue ut lacus. Nulla',2,86,'2021-03-14 17:41:09','2021-03-14 17:41:09'),(1687,'Prop-87','tempus',2,87,'2021-03-14 17:41:09','2021-03-14 17:41:09'),(1688,'Prop-88','Duis volutpat nunc sit amet',2,88,'2021-03-14 17:41:09','2021-03-14 17:41:09'),(1689,'Prop-89','congue a, aliquet vel, vulputate',2,89,'2021-03-14 17:41:09','2021-03-14 17:41:09'),(1690,'Prop-90','Nulla facilisis. Suspendisse commodo tincidunt nibh. Phasellus nulla. Integer',2,90,'2021-03-14 17:41:09','2021-03-14 17:41:09'),(1691,'Prop-91','facilisis,',2,91,'2021-03-14 17:41:09','2021-03-14 17:41:09'),(1692,'Prop-92','arcu. Nunc mauris.',2,92,'2021-03-14 17:41:09','2021-03-14 17:41:09'),(1693,'Prop-93','non justo. Proin non massa non ante bibendum ullamcorper. Duis',2,93,'2021-03-14 17:41:09','2021-03-14 17:41:09'),(1694,'Prop-94','vitae semper egestas,',2,94,'2021-03-14 17:41:09','2021-03-14 17:41:09'),(1695,'Prop-95','laoreet, libero et tristique pellentesque, tellus sem',2,95,'2021-03-14 17:41:09','2021-03-14 17:41:09'),(1696,'Prop-96','Morbi sit amet massa. Quisque',2,96,'2021-03-14 17:41:09','2021-03-14 17:41:09'),(1697,'Prop-97','lacus vestibulum lorem, sit amet',2,97,'2021-03-14 17:41:09','2021-03-14 17:41:09'),(1698,'Prop-98','sem',2,98,'2021-03-14 17:41:09','2021-03-14 17:41:09'),(1699,'Prop-99','Nulla semper tellus',2,99,'2021-03-14 17:41:09','2021-03-14 17:41:09'),(1700,'Prop-100','lorem tristique aliquet. Phasellus fermentum convallis ligula. Donec luctus aliquet',2,100,'2021-03-14 17:41:09','2021-03-14 17:41:09'),(1701,'Prop-1','mattis velit',2,1,'2021-03-14 17:41:09','2021-03-14 17:41:09'),(1702,'Prop-2','eget mollis lectus pede et',2,2,'2021-03-14 17:41:09','2021-03-14 17:41:09'),(1703,'Prop-3','sed orci lobortis',2,3,'2021-03-14 17:41:09','2021-03-14 17:41:09'),(1704,'Prop-4','in magna. Phasellus dolor elit, pellentesque a, facilisis non,',2,4,'2021-03-14 17:41:09','2021-03-14 17:41:09'),(1705,'Prop-5','nunc interdum feugiat. Sed nec metus',2,5,'2021-03-14 17:41:09','2021-03-14 17:41:09'),(1706,'Prop-6','lectus. Nullam suscipit, est ac facilisis',2,6,'2021-03-14 17:41:09','2021-03-14 17:41:09'),(1707,'Prop-7','Nulla tincidunt, neque vitae semper egestas, urna justo faucibus',2,7,'2021-03-14 17:41:09','2021-03-14 17:41:09'),(1708,'Prop-8','Sed neque. Sed eget lacus. Mauris',2,8,'2021-03-14 17:41:09','2021-03-14 17:41:09'),(1709,'Prop-9','sed dictum eleifend, nunc',2,9,'2021-03-14 17:41:09','2021-03-14 17:41:09'),(1710,'Prop-10','facilisis eget, ipsum. Donec sollicitudin',2,10,'2021-03-14 17:41:09','2021-03-14 17:41:09'),(1711,'Prop-11','Aliquam tincidunt, nunc ac',2,11,'2021-03-14 17:41:09','2021-03-14 17:41:09'),(1712,'Prop-12','porttitor eros nec tellus. Nunc lectus pede,',2,12,'2021-03-14 17:41:09','2021-03-14 17:41:09'),(1713,'Prop-13','eu metus. In lorem.',2,13,'2021-03-14 17:41:09','2021-03-14 17:41:09'),(1714,'Prop-14','laoreet, libero et tristique pellentesque, tellus sem mollis dui,',2,14,'2021-03-14 17:41:09','2021-03-14 17:41:09'),(1715,'Prop-15','Sed neque. Sed eget lacus. Mauris',2,15,'2021-03-14 17:41:09','2021-03-14 17:41:09'),(1716,'Prop-16','magna. Suspendisse tristique neque venenatis lacus. Etiam',2,16,'2021-03-14 17:41:09','2021-03-14 17:41:09'),(1717,'Prop-17','parturient',2,17,'2021-03-14 17:41:09','2021-03-14 17:41:09'),(1718,'Prop-18','ipsum ac mi eleifend egestas.',2,18,'2021-03-14 17:41:09','2021-03-14 17:41:09'),(1719,'Prop-19','natoque penatibus et magnis dis parturient montes, nascetur ridiculus mus.',2,19,'2021-03-14 17:41:09','2021-03-14 17:41:09'),(1720,'Prop-20','eu erat semper rutrum. Fusce dolor',2,20,'2021-03-14 17:41:09','2021-03-14 17:41:09'),(1721,'Prop-21','sit amet diam eu',2,21,'2021-03-14 17:41:09','2021-03-14 17:41:09'),(1722,'Prop-22','vitae, sodales at,',2,22,'2021-03-14 17:41:09','2021-03-14 17:41:09'),(1723,'Prop-23','Fusce mollis. Duis sit amet',2,23,'2021-03-14 17:41:09','2021-03-14 17:41:09'),(1724,'Prop-24','arcu. Vestibulum ante ipsum primis in',2,24,'2021-03-14 17:41:09','2021-03-14 17:41:09'),(1725,'Prop-25','magna. Phasellus dolor elit,',2,25,'2021-03-14 17:41:09','2021-03-14 17:41:09'),(1726,'Prop-26','risus. Nulla eget metus eu erat semper rutrum. Fusce',2,26,'2021-03-14 17:41:09','2021-03-14 17:41:09'),(1727,'Prop-27','mi, ac mattis velit justo nec ante. Maecenas mi',2,27,'2021-03-14 17:41:09','2021-03-14 17:41:09'),(1728,'Prop-28','et netus et malesuada fames ac turpis egestas. Aliquam fringilla',2,28,'2021-03-14 17:41:09','2021-03-14 17:41:09'),(1729,'Prop-29','bibendum ullamcorper. Duis cursus, diam at pretium aliquet,',2,29,'2021-03-14 17:41:09','2021-03-14 17:41:09'),(1730,'Prop-30','vitae',2,30,'2021-03-14 17:41:09','2021-03-14 17:41:09'),(1731,'Prop-31','eget ipsum. Suspendisse sagittis. Nullam',2,31,'2021-03-14 17:41:09','2021-03-14 17:41:09'),(1732,'Prop-32','euismod est arcu ac orci. Ut',2,32,'2021-03-14 17:41:09','2021-03-14 17:41:09'),(1733,'Prop-33','Proin mi. Aliquam gravida mauris ut mi. Duis risus',2,33,'2021-03-14 17:41:09','2021-03-14 17:41:09'),(1734,'Prop-34','tempus non, lacinia',2,34,'2021-03-14 17:41:09','2021-03-14 17:41:09'),(1735,'Prop-35','tellus lorem eu metus. In lorem. Donec',2,35,'2021-03-14 17:41:09','2021-03-14 17:41:09'),(1736,'Prop-36','libero nec ligula consectetuer',2,36,'2021-03-14 17:41:09','2021-03-14 17:41:09'),(1737,'Prop-37','posuere cubilia Curae;',2,37,'2021-03-14 17:41:09','2021-03-14 17:41:09'),(1738,'Prop-38','pede et',2,38,'2021-03-14 17:41:09','2021-03-14 17:41:09'),(1739,'Prop-39','eleifend, nunc risus varius orci, in consequat enim diam vel',2,39,'2021-03-14 17:41:09','2021-03-14 17:41:09'),(1740,'Prop-40','tempus, lorem fringilla ornare placerat, orci lacus vestibulum lorem, sit',2,40,'2021-03-14 17:41:09','2021-03-14 17:41:09'),(1741,'Prop-41','velit eu sem. Pellentesque ut ipsum ac mi',2,41,'2021-03-14 17:41:09','2021-03-14 17:41:09'),(1742,'Prop-42','Mauris vel turpis. Aliquam',2,42,'2021-03-14 17:41:09','2021-03-14 17:41:09'),(1743,'Prop-43','ridiculus mus. Proin vel arcu eu odio tristique pharetra. Quisque',2,43,'2021-03-14 17:41:09','2021-03-14 17:41:09'),(1744,'Prop-44','semper rutrum. Fusce dolor quam, elementum at, egestas a,',2,44,'2021-03-14 17:41:09','2021-03-14 17:41:09'),(1745,'Prop-45','amet lorem semper auctor. Mauris',2,45,'2021-03-14 17:41:09','2021-03-14 17:41:09'),(1746,'Prop-46','Donec at arcu. Vestibulum ante',2,46,'2021-03-14 17:41:09','2021-03-14 17:41:09'),(1747,'Prop-47','Curae; Donec tincidunt. Donec vitae erat vel',2,47,'2021-03-14 17:41:09','2021-03-14 17:41:09'),(1748,'Prop-48','Suspendisse tristique neque venenatis lacus. Etiam',2,48,'2021-03-14 17:41:09','2021-03-14 17:41:09'),(1749,'Prop-49','elit',2,49,'2021-03-14 17:41:09','2021-03-14 17:41:09'),(1750,'Prop-50','Etiam',2,50,'2021-03-14 17:41:09','2021-03-14 17:41:09'),(1751,'Prop-51','tellus non magna. Nam ligula',2,51,'2021-03-14 17:41:09','2021-03-14 17:41:09'),(1752,'Prop-52','ornare placerat, orci lacus',2,52,'2021-03-14 17:41:09','2021-03-14 17:41:09'),(1753,'Prop-53','Nulla tincidunt, neque vitae',2,53,'2021-03-14 17:41:09','2021-03-14 17:41:09'),(1754,'Prop-54','magna a neque. Nullam',2,54,'2021-03-14 17:41:09','2021-03-14 17:41:09'),(1755,'Prop-55','ut aliquam iaculis, lacus pede sagittis augue, eu tempor',2,55,'2021-03-14 17:41:09','2021-03-14 17:41:09'),(1756,'Prop-56','vestibulum massa rutrum magna. Cras convallis convallis dolor. Quisque tincidunt',2,56,'2021-03-14 17:41:09','2021-03-14 17:41:09'),(1757,'Prop-57','felis ullamcorper viverra. Maecenas iaculis aliquet diam.',2,57,'2021-03-14 17:41:09','2021-03-14 17:41:09'),(1758,'Prop-58','Suspendisse',2,58,'2021-03-14 17:41:09','2021-03-14 17:41:09'),(1759,'Prop-59','lobortis quam a felis ullamcorper viverra. Maecenas iaculis aliquet',2,59,'2021-03-14 17:41:09','2021-03-14 17:41:09'),(1760,'Prop-60','Duis mi enim,',2,60,'2021-03-14 17:41:09','2021-03-14 17:41:09'),(1761,'Prop-61','dolor',2,61,'2021-03-14 17:41:09','2021-03-14 17:41:09'),(1762,'Prop-62','Donec luctus aliquet odio. Etiam ligula tortor, dictum eu, placerat',2,62,'2021-03-14 17:41:09','2021-03-14 17:41:09'),(1763,'Prop-63','sed tortor. Integer aliquam adipiscing lacus.',2,63,'2021-03-14 17:41:09','2021-03-14 17:41:09'),(1764,'Prop-64','egestas. Fusce aliquet magna a neque.',2,64,'2021-03-14 17:41:09','2021-03-14 17:41:09'),(1765,'Prop-65','Donec porttitor tellus non',2,65,'2021-03-14 17:41:09','2021-03-14 17:41:09'),(1766,'Prop-66','Mauris vel turpis. Aliquam adipiscing lobortis risus. In mi',2,66,'2021-03-14 17:41:09','2021-03-14 17:41:09'),(1767,'Prop-67','sit amet ante.',2,67,'2021-03-14 17:41:09','2021-03-14 17:41:09'),(1768,'Prop-68','ac mattis semper, dui lectus rutrum urna, nec luctus',2,68,'2021-03-14 17:41:09','2021-03-14 17:41:09'),(1769,'Prop-69','vitae mauris sit amet lorem semper auctor. Mauris vel turpis.',2,69,'2021-03-14 17:41:09','2021-03-14 17:41:09'),(1770,'Prop-70','ipsum porta elit, a feugiat tellus lorem eu metus.',2,70,'2021-03-14 17:41:09','2021-03-14 17:41:09'),(1771,'Prop-71','et ultrices',2,71,'2021-03-14 17:41:09','2021-03-14 17:41:09'),(1772,'Prop-72','massa. Suspendisse eleifend. Cras sed leo.',2,72,'2021-03-14 17:41:09','2021-03-14 17:41:09'),(1773,'Prop-73','vitae, aliquet nec, imperdiet nec, leo. Morbi neque',2,73,'2021-03-14 17:41:09','2021-03-14 17:41:09'),(1774,'Prop-74','ipsum primis in faucibus orci luctus',2,74,'2021-03-14 17:41:09','2021-03-14 17:41:09'),(1775,'Prop-75','ultrices. Vivamus rhoncus. Donec est. Nunc ullamcorper, velit in aliquet',2,75,'2021-03-14 17:41:09','2021-03-14 17:41:09'),(1776,'Prop-76','erat. Sed nunc est, mollis non,',2,76,'2021-03-14 17:41:09','2021-03-14 17:41:09'),(1777,'Prop-77','dui. Fusce',2,77,'2021-03-14 17:41:09','2021-03-14 17:41:09'),(1778,'Prop-78','mi',2,78,'2021-03-14 17:41:09','2021-03-14 17:41:09'),(1779,'Prop-79','ipsum dolor',2,79,'2021-03-14 17:41:09','2021-03-14 17:41:09'),(1780,'Prop-80','Nunc mauris',2,80,'2021-03-14 17:41:09','2021-03-14 17:41:09'),(1781,'Prop-81','Sed auctor odio a',2,81,'2021-03-14 17:41:09','2021-03-14 17:41:09'),(1782,'Prop-82','diam dictum sapien. Aenean massa. Integer vitae nibh.',2,82,'2021-03-14 17:41:09','2021-03-14 17:41:09'),(1783,'Prop-83','neque. In ornare sagittis felis. Donec tempor,',2,83,'2021-03-14 17:41:09','2021-03-14 17:41:09'),(1784,'Prop-84','lacus.',2,84,'2021-03-14 17:41:09','2021-03-14 17:41:09'),(1785,'Prop-85','mus. Proin',2,85,'2021-03-14 17:41:09','2021-03-14 17:41:09'),(1786,'Prop-86','Sed malesuada augue ut lacus. Nulla',2,86,'2021-03-14 17:41:09','2021-03-14 17:41:09'),(1787,'Prop-87','tempus',2,87,'2021-03-14 17:41:09','2021-03-14 17:41:09'),(1788,'Prop-88','Duis volutpat nunc sit amet',2,88,'2021-03-14 17:41:09','2021-03-14 17:41:09'),(1789,'Prop-89','congue a, aliquet vel, vulputate',2,89,'2021-03-14 17:41:09','2021-03-14 17:41:09'),(1790,'Prop-90','Nulla facilisis. Suspendisse commodo tincidunt nibh. Phasellus nulla. Integer',2,90,'2021-03-14 17:41:09','2021-03-14 17:41:09'),(1791,'Prop-91','facilisis,',2,91,'2021-03-14 17:41:09','2021-03-14 17:41:09'),(1792,'Prop-92','arcu. Nunc mauris.',2,92,'2021-03-14 17:41:09','2021-03-14 17:41:09'),(1793,'Prop-93','non justo. Proin non massa non ante bibendum ullamcorper. Duis',2,93,'2021-03-14 17:41:09','2021-03-14 17:41:09'),(1794,'Prop-94','vitae semper egestas,',2,94,'2021-03-14 17:41:09','2021-03-14 17:41:09'),(1795,'Prop-95','laoreet, libero et tristique pellentesque, tellus sem',2,95,'2021-03-14 17:41:09','2021-03-14 17:41:09'),(1796,'Prop-96','Morbi sit amet massa. Quisque',2,96,'2021-03-14 17:41:09','2021-03-14 17:41:09'),(1797,'Prop-97','lacus vestibulum lorem, sit amet',2,97,'2021-03-14 17:41:09','2021-03-14 17:41:09'),(1798,'Prop-98','sem',2,98,'2021-03-14 17:41:09','2021-03-14 17:41:09'),(1799,'Prop-99','Nulla semper tellus',2,99,'2021-03-14 17:41:09','2021-03-14 17:41:09'),(1800,'Prop-100','lorem tristique aliquet. Phasellus fermentum convallis ligula. Donec luctus aliquet',2,100,'2021-03-14 17:41:09','2021-03-14 17:41:09'),(1801,'Prop-1','mattis velit',2,1,'2021-03-14 17:41:09','2021-03-14 17:41:09'),(1802,'Prop-2','eget mollis lectus pede et',2,2,'2021-03-14 17:41:09','2021-03-14 17:41:09'),(1803,'Prop-3','sed orci lobortis',2,3,'2021-03-14 17:41:09','2021-03-14 17:41:09'),(1804,'Prop-4','in magna. Phasellus dolor elit, pellentesque a, facilisis non,',2,4,'2021-03-14 17:41:09','2021-03-14 17:41:09'),(1805,'Prop-5','nunc interdum feugiat. Sed nec metus',2,5,'2021-03-14 17:41:09','2021-03-14 17:41:09'),(1806,'Prop-6','lectus. Nullam suscipit, est ac facilisis',2,6,'2021-03-14 17:41:09','2021-03-14 17:41:09'),(1807,'Prop-7','Nulla tincidunt, neque vitae semper egestas, urna justo faucibus',2,7,'2021-03-14 17:41:09','2021-03-14 17:41:09'),(1808,'Prop-8','Sed neque. Sed eget lacus. Mauris',2,8,'2021-03-14 17:41:09','2021-03-14 17:41:09'),(1809,'Prop-9','sed dictum eleifend, nunc',2,9,'2021-03-14 17:41:09','2021-03-14 17:41:09'),(1810,'Prop-10','facilisis eget, ipsum. Donec sollicitudin',2,10,'2021-03-14 17:41:09','2021-03-14 17:41:09'),(1811,'Prop-11','Aliquam tincidunt, nunc ac',2,11,'2021-03-14 17:41:09','2021-03-14 17:41:09'),(1812,'Prop-12','porttitor eros nec tellus. Nunc lectus pede,',2,12,'2021-03-14 17:41:09','2021-03-14 17:41:09'),(1813,'Prop-13','eu metus. In lorem.',2,13,'2021-03-14 17:41:09','2021-03-14 17:41:09'),(1814,'Prop-14','laoreet, libero et tristique pellentesque, tellus sem mollis dui,',2,14,'2021-03-14 17:41:09','2021-03-14 17:41:09'),(1815,'Prop-15','Sed neque. Sed eget lacus. Mauris',2,15,'2021-03-14 17:41:09','2021-03-14 17:41:09'),(1816,'Prop-16','magna. Suspendisse tristique neque venenatis lacus. Etiam',2,16,'2021-03-14 17:41:09','2021-03-14 17:41:09'),(1817,'Prop-17','parturient',2,17,'2021-03-14 17:41:09','2021-03-14 17:41:09'),(1818,'Prop-18','ipsum ac mi eleifend egestas.',2,18,'2021-03-14 17:41:09','2021-03-14 17:41:09'),(1819,'Prop-19','natoque penatibus et magnis dis parturient montes, nascetur ridiculus mus.',2,19,'2021-03-14 17:41:09','2021-03-14 17:41:09'),(1820,'Prop-20','eu erat semper rutrum. Fusce dolor',2,20,'2021-03-14 17:41:09','2021-03-14 17:41:09'),(1821,'Prop-21','sit amet diam eu',2,21,'2021-03-14 17:41:09','2021-03-14 17:41:09'),(1822,'Prop-22','vitae, sodales at,',2,22,'2021-03-14 17:41:09','2021-03-14 17:41:09'),(1823,'Prop-23','Fusce mollis. Duis sit amet',2,23,'2021-03-14 17:41:09','2021-03-14 17:41:09'),(1824,'Prop-24','arcu. Vestibulum ante ipsum primis in',2,24,'2021-03-14 17:41:09','2021-03-14 17:41:09'),(1825,'Prop-25','magna. Phasellus dolor elit,',2,25,'2021-03-14 17:41:09','2021-03-14 17:41:09'),(1826,'Prop-26','risus. Nulla eget metus eu erat semper rutrum. Fusce',2,26,'2021-03-14 17:41:09','2021-03-14 17:41:09'),(1827,'Prop-27','mi, ac mattis velit justo nec ante. Maecenas mi',2,27,'2021-03-14 17:41:09','2021-03-14 17:41:09'),(1828,'Prop-28','et netus et malesuada fames ac turpis egestas. Aliquam fringilla',2,28,'2021-03-14 17:41:09','2021-03-14 17:41:09'),(1829,'Prop-29','bibendum ullamcorper. Duis cursus, diam at pretium aliquet,',2,29,'2021-03-14 17:41:09','2021-03-14 17:41:09'),(1830,'Prop-30','vitae',2,30,'2021-03-14 17:41:09','2021-03-14 17:41:09'),(1831,'Prop-31','eget ipsum. Suspendisse sagittis. Nullam',2,31,'2021-03-14 17:41:09','2021-03-14 17:41:09'),(1832,'Prop-32','euismod est arcu ac orci. Ut',2,32,'2021-03-14 17:41:09','2021-03-14 17:41:09'),(1833,'Prop-33','Proin mi. Aliquam gravida mauris ut mi. Duis risus',2,33,'2021-03-14 17:41:09','2021-03-14 17:41:09'),(1834,'Prop-34','tempus non, lacinia',2,34,'2021-03-14 17:41:09','2021-03-14 17:41:09'),(1835,'Prop-35','tellus lorem eu metus. In lorem. Donec',2,35,'2021-03-14 17:41:09','2021-03-14 17:41:09'),(1836,'Prop-36','libero nec ligula consectetuer',2,36,'2021-03-14 17:41:09','2021-03-14 17:41:09'),(1837,'Prop-37','posuere cubilia Curae;',2,37,'2021-03-14 17:41:09','2021-03-14 17:41:09'),(1838,'Prop-38','pede et',2,38,'2021-03-14 17:41:09','2021-03-14 17:41:09'),(1839,'Prop-39','eleifend, nunc risus varius orci, in consequat enim diam vel',2,39,'2021-03-14 17:41:09','2021-03-14 17:41:09'),(1840,'Prop-40','tempus, lorem fringilla ornare placerat, orci lacus vestibulum lorem, sit',2,40,'2021-03-14 17:41:09','2021-03-14 17:41:09'),(1841,'Prop-41','velit eu sem. Pellentesque ut ipsum ac mi',2,41,'2021-03-14 17:41:09','2021-03-14 17:41:09'),(1842,'Prop-42','Mauris vel turpis. Aliquam',2,42,'2021-03-14 17:41:09','2021-03-14 17:41:09'),(1843,'Prop-43','ridiculus mus. Proin vel arcu eu odio tristique pharetra. Quisque',2,43,'2021-03-14 17:41:09','2021-03-14 17:41:09'),(1844,'Prop-44','semper rutrum. Fusce dolor quam, elementum at, egestas a,',2,44,'2021-03-14 17:41:09','2021-03-14 17:41:09'),(1845,'Prop-45','amet lorem semper auctor. Mauris',2,45,'2021-03-14 17:41:09','2021-03-14 17:41:09'),(1846,'Prop-46','Donec at arcu. Vestibulum ante',2,46,'2021-03-14 17:41:09','2021-03-14 17:41:09'),(1847,'Prop-47','Curae; Donec tincidunt. Donec vitae erat vel',2,47,'2021-03-14 17:41:09','2021-03-14 17:41:09'),(1848,'Prop-48','Suspendisse tristique neque venenatis lacus. Etiam',2,48,'2021-03-14 17:41:09','2021-03-14 17:41:09'),(1849,'Prop-49','elit',2,49,'2021-03-14 17:41:09','2021-03-14 17:41:09'),(1850,'Prop-50','Etiam',2,50,'2021-03-14 17:41:09','2021-03-14 17:41:09'),(1851,'Prop-51','tellus non magna. Nam ligula',2,51,'2021-03-14 17:41:09','2021-03-14 17:41:09'),(1852,'Prop-52','ornare placerat, orci lacus',2,52,'2021-03-14 17:41:09','2021-03-14 17:41:09'),(1853,'Prop-53','Nulla tincidunt, neque vitae',2,53,'2021-03-14 17:41:09','2021-03-14 17:41:09'),(1854,'Prop-54','magna a neque. Nullam',2,54,'2021-03-14 17:41:09','2021-03-14 17:41:09'),(1855,'Prop-55','ut aliquam iaculis, lacus pede sagittis augue, eu tempor',2,55,'2021-03-14 17:41:09','2021-03-14 17:41:09'),(1856,'Prop-56','vestibulum massa rutrum magna. Cras convallis convallis dolor. Quisque tincidunt',2,56,'2021-03-14 17:41:09','2021-03-14 17:41:09'),(1857,'Prop-57','felis ullamcorper viverra. Maecenas iaculis aliquet diam.',2,57,'2021-03-14 17:41:09','2021-03-14 17:41:09'),(1858,'Prop-58','Suspendisse',2,58,'2021-03-14 17:41:09','2021-03-14 17:41:09'),(1859,'Prop-59','lobortis quam a felis ullamcorper viverra. Maecenas iaculis aliquet',2,59,'2021-03-14 17:41:09','2021-03-14 17:41:09'),(1860,'Prop-60','Duis mi enim,',2,60,'2021-03-14 17:41:09','2021-03-14 17:41:09'),(1861,'Prop-61','dolor',2,61,'2021-03-14 17:41:09','2021-03-14 17:41:09'),(1862,'Prop-62','Donec luctus aliquet odio. Etiam ligula tortor, dictum eu, placerat',2,62,'2021-03-14 17:41:09','2021-03-14 17:41:09'),(1863,'Prop-63','sed tortor. Integer aliquam adipiscing lacus.',2,63,'2021-03-14 17:41:09','2021-03-14 17:41:09'),(1864,'Prop-64','egestas. Fusce aliquet magna a neque.',2,64,'2021-03-14 17:41:09','2021-03-14 17:41:09'),(1865,'Prop-65','Donec porttitor tellus non',2,65,'2021-03-14 17:41:09','2021-03-14 17:41:09'),(1866,'Prop-66','Mauris vel turpis. Aliquam adipiscing lobortis risus. In mi',2,66,'2021-03-14 17:41:09','2021-03-14 17:41:09'),(1867,'Prop-67','sit amet ante.',2,67,'2021-03-14 17:41:09','2021-03-14 17:41:09'),(1868,'Prop-68','ac mattis semper, dui lectus rutrum urna, nec luctus',2,68,'2021-03-14 17:41:09','2021-03-14 17:41:09'),(1869,'Prop-69','vitae mauris sit amet lorem semper auctor. Mauris vel turpis.',2,69,'2021-03-14 17:41:09','2021-03-14 17:41:09'),(1870,'Prop-70','ipsum porta elit, a feugiat tellus lorem eu metus.',2,70,'2021-03-14 17:41:09','2021-03-14 17:41:09'),(1871,'Prop-71','et ultrices',2,71,'2021-03-14 17:41:09','2021-03-14 17:41:09'),(1872,'Prop-72','massa. Suspendisse eleifend. Cras sed leo.',2,72,'2021-03-14 17:41:09','2021-03-14 17:41:09'),(1873,'Prop-73','vitae, aliquet nec, imperdiet nec, leo. Morbi neque',2,73,'2021-03-14 17:41:09','2021-03-14 17:41:09'),(1874,'Prop-74','ipsum primis in faucibus orci luctus',2,74,'2021-03-14 17:41:09','2021-03-14 17:41:09'),(1875,'Prop-75','ultrices. Vivamus rhoncus. Donec est. Nunc ullamcorper, velit in aliquet',2,75,'2021-03-14 17:41:09','2021-03-14 17:41:09'),(1876,'Prop-76','erat. Sed nunc est, mollis non,',2,76,'2021-03-14 17:41:09','2021-03-14 17:41:09'),(1877,'Prop-77','dui. Fusce',2,77,'2021-03-14 17:41:09','2021-03-14 17:41:09'),(1878,'Prop-78','mi',2,78,'2021-03-14 17:41:09','2021-03-14 17:41:09'),(1879,'Prop-79','ipsum dolor',2,79,'2021-03-14 17:41:09','2021-03-14 17:41:09'),(1880,'Prop-80','Nunc mauris',2,80,'2021-03-14 17:41:09','2021-03-14 17:41:09'),(1881,'Prop-81','Sed auctor odio a',2,81,'2021-03-14 17:41:09','2021-03-14 17:41:09'),(1882,'Prop-82','diam dictum sapien. Aenean massa. Integer vitae nibh.',2,82,'2021-03-14 17:41:09','2021-03-14 17:41:09'),(1883,'Prop-83','neque. In ornare sagittis felis. Donec tempor,',2,83,'2021-03-14 17:41:09','2021-03-14 17:41:09'),(1884,'Prop-84','lacus.',2,84,'2021-03-14 17:41:09','2021-03-14 17:41:09'),(1885,'Prop-85','mus. Proin',2,85,'2021-03-14 17:41:09','2021-03-14 17:41:09'),(1886,'Prop-86','Sed malesuada augue ut lacus. Nulla',2,86,'2021-03-14 17:41:09','2021-03-14 17:41:09'),(1887,'Prop-87','tempus',2,87,'2021-03-14 17:41:09','2021-03-14 17:41:09'),(1888,'Prop-88','Duis volutpat nunc sit amet',2,88,'2021-03-14 17:41:09','2021-03-14 17:41:09'),(1889,'Prop-89','congue a, aliquet vel, vulputate',2,89,'2021-03-14 17:41:09','2021-03-14 17:41:09'),(1890,'Prop-90','Nulla facilisis. Suspendisse commodo tincidunt nibh. Phasellus nulla. Integer',2,90,'2021-03-14 17:41:09','2021-03-14 17:41:09'),(1891,'Prop-91','facilisis,',2,91,'2021-03-14 17:41:09','2021-03-14 17:41:09'),(1892,'Prop-92','arcu. Nunc mauris.',2,92,'2021-03-14 17:41:09','2021-03-14 17:41:09'),(1893,'Prop-93','non justo. Proin non massa non ante bibendum ullamcorper. Duis',2,93,'2021-03-14 17:41:09','2021-03-14 17:41:09'),(1894,'Prop-94','vitae semper egestas,',2,94,'2021-03-14 17:41:09','2021-03-14 17:41:09'),(1895,'Prop-95','laoreet, libero et tristique pellentesque, tellus sem',2,95,'2021-03-14 17:41:09','2021-03-14 17:41:09'),(1896,'Prop-96','Morbi sit amet massa. Quisque',2,96,'2021-03-14 17:41:09','2021-03-14 17:41:09'),(1897,'Prop-97','lacus vestibulum lorem, sit amet',2,97,'2021-03-14 17:41:09','2021-03-14 17:41:09'),(1898,'Prop-98','sem',2,98,'2021-03-14 17:41:09','2021-03-14 17:41:09'),(1899,'Prop-99','Nulla semper tellus',2,99,'2021-03-14 17:41:09','2021-03-14 17:41:09'),(1900,'Prop-100','lorem tristique aliquet. Phasellus fermentum convallis ligula. Donec luctus aliquet',2,100,'2021-03-14 17:41:09','2021-03-14 17:41:09'),(1901,'Radio Receiver-1','pellentesque,',6,1,'2021-03-14 17:41:09','2021-03-14 17:41:09'),(1902,'Radio Receiver-2','primis in faucibus',6,2,'2021-03-14 17:41:09','2021-03-14 17:41:09'),(1903,'Radio Receiver-3','sit amet metus. Aliquam erat volutpat. Nulla facilisis. Suspendisse commodo',6,3,'2021-03-14 17:41:09','2021-03-14 17:41:09'),(1904,'Radio Receiver-4','Sed eu eros. Nam consequat dolor vitae dolor. Donec',6,4,'2021-03-14 17:41:09','2021-03-14 17:41:09'),(1905,'Radio Receiver-5','Curabitur dictum. Phasellus in felis. Nulla tempor augue ac ipsum.',6,5,'2021-03-14 17:41:09','2021-03-14 17:41:09'),(1906,'Radio Receiver-6','Nulla tincidunt, neque vitae semper egestas,',6,6,'2021-03-14 17:41:09','2021-03-14 17:41:09'),(1907,'Radio Receiver-7','arcu. Vivamus sit amet',6,7,'2021-03-14 17:41:09','2021-03-14 17:41:09'),(1908,'Radio Receiver-8','eget',6,8,'2021-03-14 17:41:09','2021-03-14 17:41:09'),(1909,'Radio Receiver-9','diam. Pellentesque habitant morbi',6,9,'2021-03-14 17:41:09','2021-03-14 17:41:09'),(1910,'Radio Receiver-10','ullamcorper. Duis cursus, diam',6,10,'2021-03-14 17:41:09','2021-03-14 17:41:09'),(1911,'Radio Receiver-11','auctor, velit eget laoreet posuere, enim nisl',6,11,'2021-03-14 17:41:09','2021-03-14 17:41:09'),(1912,'Radio Receiver-12','nisl. Maecenas malesuada fringilla est.',6,12,'2021-03-14 17:41:09','2021-03-14 17:41:09'),(1913,'Radio Receiver-13','vel, mauris. Integer sem elit,',6,13,'2021-03-14 17:41:09','2021-03-14 17:41:09'),(1914,'Radio Receiver-14','egestas blandit. Nam nulla magna, malesuada vel, convallis in, cursus',6,14,'2021-03-14 17:41:09','2021-03-14 17:41:09'),(1915,'Radio Receiver-15','Mauris nulla. Integer urna.',6,15,'2021-03-14 17:41:09','2021-03-14 17:41:09'),(1916,'Radio Receiver-16','magna',6,16,'2021-03-14 17:41:09','2021-03-14 17:41:09'),(1917,'Radio Receiver-17','non,',6,17,'2021-03-14 17:41:09','2021-03-14 17:41:09'),(1918,'Radio Receiver-18','Proin non massa non ante bibendum ullamcorper. Duis cursus, diam',6,18,'2021-03-14 17:41:09','2021-03-14 17:41:09'),(1919,'Radio Receiver-19','libero mauris,',6,19,'2021-03-14 17:41:09','2021-03-14 17:41:09'),(1920,'Radio Receiver-20','sit amet nulla. Donec non justo. Proin non massa',6,20,'2021-03-14 17:41:09','2021-03-14 17:41:09'),(1921,'Radio Receiver-21','volutpat nunc sit amet metus. Aliquam erat volutpat.',6,21,'2021-03-14 17:41:09','2021-03-14 17:41:09'),(1922,'Radio Receiver-22','Nunc ut erat. Sed nunc est, mollis non, cursus',6,22,'2021-03-14 17:41:09','2021-03-14 17:41:09'),(1923,'Radio Receiver-23','Nunc sollicitudin commodo ipsum.',6,23,'2021-03-14 17:41:09','2021-03-14 17:41:09'),(1924,'Radio Receiver-24','imperdiet ornare. In faucibus. Morbi vehicula.',6,24,'2021-03-14 17:41:09','2021-03-14 17:41:09'),(1925,'Radio Receiver-25','aliquet odio.',6,25,'2021-03-14 17:41:09','2021-03-14 17:41:09'),(1926,'Radio Receiver-26','sit amet ultricies sem magna nec quam. Curabitur',6,26,'2021-03-14 17:41:09','2021-03-14 17:41:09'),(1927,'Radio Receiver-27','at arcu.',6,27,'2021-03-14 17:41:09','2021-03-14 17:41:09'),(1928,'Radio Receiver-28','orci. Ut sagittis lobortis mauris. Suspendisse aliquet molestie tellus.',6,28,'2021-03-14 17:41:09','2021-03-14 17:41:09'),(1929,'Radio Receiver-29','libero at auctor ullamcorper, nisl arcu iaculis',6,29,'2021-03-14 17:41:09','2021-03-14 17:41:09'),(1930,'Radio Receiver-30','non lorem vitae odio sagittis semper. Nam',6,30,'2021-03-14 17:41:09','2021-03-14 17:41:09'),(1931,'Radio Receiver-31','et nunc. Quisque ornare',6,31,'2021-03-14 17:41:09','2021-03-14 17:41:09'),(1932,'Radio Receiver-32','Phasellus fermentum convallis ligula. Donec luctus aliquet odio.',6,32,'2021-03-14 17:41:09','2021-03-14 17:41:09'),(1933,'Radio Receiver-33','lorem ipsum sodales purus, in molestie tortor nibh sit amet',6,33,'2021-03-14 17:41:09','2021-03-14 17:41:09'),(1934,'Radio Receiver-34','scelerisque neque sed sem egestas blandit. Nam nulla magna, malesuada',6,34,'2021-03-14 17:41:09','2021-03-14 17:41:09'),(1935,'Radio Receiver-35','Curabitur vel lectus. Cum sociis natoque penatibus et',6,35,'2021-03-14 17:41:09','2021-03-14 17:41:09'),(1936,'Radio Receiver-36','imperdiet',6,36,'2021-03-14 17:41:09','2021-03-14 17:41:09'),(1937,'Radio Receiver-37','Nunc',6,37,'2021-03-14 17:41:09','2021-03-14 17:41:09'),(1938,'Radio Receiver-38','Etiam gravida',6,38,'2021-03-14 17:41:09','2021-03-14 17:41:09'),(1939,'Radio Receiver-39','placerat, augue. Sed molestie. Sed id risus',6,39,'2021-03-14 17:41:09','2021-03-14 17:41:09'),(1940,'Radio Receiver-40','felis. Donec tempor, est ac',6,40,'2021-03-14 17:41:09','2021-03-14 17:41:09'),(1941,'Radio Receiver-41','ultricies ornare, elit elit',6,41,'2021-03-14 17:41:09','2021-03-14 17:41:09'),(1942,'Radio Receiver-42','orci, adipiscing non, luctus sit',6,42,'2021-03-14 17:41:09','2021-03-14 17:41:09'),(1943,'Radio Receiver-43','enim. Curabitur massa. Vestibulum accumsan neque et nunc. Quisque ornare',6,43,'2021-03-14 17:41:09','2021-03-14 17:41:09'),(1944,'Radio Receiver-44','Quisque',6,44,'2021-03-14 17:41:09','2021-03-14 17:41:09'),(1945,'Radio Receiver-45','arcu. Sed eu nibh vulputate mauris sagittis',6,45,'2021-03-14 17:41:09','2021-03-14 17:41:09'),(1946,'Radio Receiver-46','mi',6,46,'2021-03-14 17:41:09','2021-03-14 17:41:09'),(1947,'Radio Receiver-47','neque. Nullam ut',6,47,'2021-03-14 17:41:09','2021-03-14 17:41:09'),(1948,'Radio Receiver-48','vitae dolor. Donec fringilla.',6,48,'2021-03-14 17:41:09','2021-03-14 17:41:09'),(1949,'Radio Receiver-49','tincidunt pede ac urna. Ut tincidunt vehicula risus.',6,49,'2021-03-14 17:41:09','2021-03-14 17:41:09'),(1950,'Radio Receiver-50','risus,',6,50,'2021-03-14 17:41:09','2021-03-14 17:41:09'),(1951,'Radio Receiver-51','gravida nunc sed pede.',6,51,'2021-03-14 17:41:09','2021-03-14 17:41:09'),(1952,'Radio Receiver-52','est. Nunc laoreet lectus quis massa.',6,52,'2021-03-14 17:41:09','2021-03-14 17:41:09'),(1953,'Radio Receiver-53','risus a ultricies adipiscing, enim mi tempor',6,53,'2021-03-14 17:41:09','2021-03-14 17:41:09'),(1954,'Radio Receiver-54','sodales. Mauris blandit enim consequat',6,54,'2021-03-14 17:41:09','2021-03-14 17:41:09'),(1955,'Radio Receiver-55','eu odio tristique pharetra. Quisque ac libero nec ligula',6,55,'2021-03-14 17:41:09','2021-03-14 17:41:09'),(1956,'Radio Receiver-56','lectus pede et risus. Quisque libero lacus, varius',6,56,'2021-03-14 17:41:09','2021-03-14 17:41:09'),(1957,'Radio Receiver-57','Vivamus euismod urna. Nullam lobortis',6,57,'2021-03-14 17:41:09','2021-03-14 17:41:09'),(1958,'Radio Receiver-58','risus. Donec egestas. Duis ac arcu. Nunc mauris.',6,58,'2021-03-14 17:41:09','2021-03-14 17:41:09'),(1959,'Radio Receiver-59','Curabitur dictum. Phasellus in felis. Nulla tempor',6,59,'2021-03-14 17:41:09','2021-03-14 17:41:09'),(1960,'Radio Receiver-60','a mi fringilla mi lacinia',6,60,'2021-03-14 17:41:09','2021-03-14 17:41:09'),(1961,'Radio Receiver-61','luctus lobortis. Class aptent taciti sociosqu ad litora',6,61,'2021-03-14 17:41:09','2021-03-14 17:41:09'),(1962,'Radio Receiver-62','lobortis, nisi nibh lacinia',6,62,'2021-03-14 17:41:09','2021-03-14 17:41:09'),(1963,'Radio Receiver-63','quam. Pellentesque habitant',6,63,'2021-03-14 17:41:09','2021-03-14 17:41:09'),(1964,'Radio Receiver-64','consequat enim diam vel arcu. Curabitur ut odio',6,64,'2021-03-14 17:41:09','2021-03-14 17:41:09'),(1965,'Radio Receiver-65','est tempor',6,65,'2021-03-14 17:41:09','2021-03-14 17:41:09'),(1966,'Radio Receiver-66','scelerisque mollis. Phasellus libero mauris,',6,66,'2021-03-14 17:41:09','2021-03-14 17:41:09'),(1967,'Radio Receiver-67','et, magna. Praesent interdum ligula eu enim. Etiam',6,67,'2021-03-14 17:41:09','2021-03-14 17:41:09'),(1968,'Radio Receiver-68','Cras dolor dolor, tempus non, lacinia',6,68,'2021-03-14 17:41:09','2021-03-14 17:41:09'),(1969,'Radio Receiver-69','egestas. Fusce aliquet magna a neque.',6,69,'2021-03-14 17:41:09','2021-03-14 17:41:09'),(1970,'Radio Receiver-70','ut odio vel est tempor bibendum. Donec felis',6,70,'2021-03-14 17:41:09','2021-03-14 17:41:09'),(1971,'Radio Receiver-71','ut mi. Duis risus odio, auctor',6,71,'2021-03-14 17:41:09','2021-03-14 17:41:09'),(1972,'Radio Receiver-72','ullamcorper, velit in aliquet lobortis, nisi nibh lacinia orci, consectetuer',6,72,'2021-03-14 17:41:09','2021-03-14 17:41:09'),(1973,'Radio Receiver-73','a ultricies adipiscing, enim mi tempor lorem,',6,73,'2021-03-14 17:41:09','2021-03-14 17:41:09'),(1974,'Radio Receiver-74','magna tellus faucibus leo, in lobortis tellus justo',6,74,'2021-03-14 17:41:09','2021-03-14 17:41:09'),(1975,'Radio Receiver-75','eget',6,75,'2021-03-14 17:41:09','2021-03-14 17:41:09'),(1976,'Radio Receiver-76','dolor quam, elementum',6,76,'2021-03-14 17:41:09','2021-03-14 17:41:09'),(1977,'Radio Receiver-77','adipiscing, enim mi tempor lorem, eget mollis',6,77,'2021-03-14 17:41:09','2021-03-14 17:41:09'),(1978,'Radio Receiver-78','tortor, dictum eu, placerat eget, venenatis a,',6,78,'2021-03-14 17:41:09','2021-03-14 17:41:09'),(1979,'Radio Receiver-79','Morbi quis urna. Nunc quis arcu vel',6,79,'2021-03-14 17:41:09','2021-03-14 17:41:09'),(1980,'Radio Receiver-80','augue malesuada malesuada. Integer id magna et ipsum cursus vestibulum.',6,80,'2021-03-14 17:41:09','2021-03-14 17:41:09'),(1981,'Radio Receiver-81','feugiat nec, diam. Duis mi enim, condimentum',6,81,'2021-03-14 17:41:09','2021-03-14 17:41:09'),(1982,'Radio Receiver-82','enim mi tempor lorem, eget mollis lectus',6,82,'2021-03-14 17:41:09','2021-03-14 17:41:09'),(1983,'Radio Receiver-83','Proin nisl sem, consequat nec, mollis vitae, posuere at,',6,83,'2021-03-14 17:41:09','2021-03-14 17:41:09'),(1984,'Radio Receiver-84','imperdiet ornare. In faucibus. Morbi vehicula. Pellentesque tincidunt tempus risus.',6,84,'2021-03-14 17:41:09','2021-03-14 17:41:09'),(1985,'Radio Receiver-85','neque. Nullam nisl. Maecenas malesuada fringilla est. Mauris',6,85,'2021-03-14 17:41:09','2021-03-14 17:41:09'),(1986,'Radio Receiver-86','Donec dignissim magna a tortor. Nunc commodo auctor velit.',6,86,'2021-03-14 17:41:09','2021-03-14 17:41:09'),(1987,'Radio Receiver-87','ut odio vel est',6,87,'2021-03-14 17:41:09','2021-03-14 17:41:09'),(1988,'Radio Receiver-88','dolor elit, pellentesque a, facilisis non,',6,88,'2021-03-14 17:41:09','2021-03-14 17:41:09'),(1989,'Radio Receiver-89','Curae;',6,89,'2021-03-14 17:41:09','2021-03-14 17:41:09'),(1990,'Radio Receiver-90','Quisque libero lacus, varius',6,90,'2021-03-14 17:41:09','2021-03-14 17:41:09'),(1991,'Radio Receiver-91','erat. Vivamus nisi. Mauris nulla. Integer urna. Vivamus',6,91,'2021-03-14 17:41:09','2021-03-14 17:41:09'),(1992,'Radio Receiver-92','sem. Pellentesque ut',6,92,'2021-03-14 17:41:09','2021-03-14 17:41:09'),(1993,'Radio Receiver-93','Proin nisl sem, consequat nec, mollis vitae, posuere at, velit.',6,93,'2021-03-14 17:41:09','2021-03-14 17:41:09'),(1994,'Radio Receiver-94','ante',6,94,'2021-03-14 17:41:09','2021-03-14 17:41:09'),(1995,'Radio Receiver-95','pharetra. Nam ac nulla. In tincidunt',6,95,'2021-03-14 17:41:09','2021-03-14 17:41:09'),(1996,'Radio Receiver-96','eros nec tellus. Nunc lectus',6,96,'2021-03-14 17:41:09','2021-03-14 17:41:09'),(1997,'Radio Receiver-97','sociis natoque penatibus et',6,97,'2021-03-14 17:41:09','2021-03-14 17:41:09'),(1998,'Radio Receiver-98','habitant morbi tristique senectus',6,98,'2021-03-14 17:41:09','2021-03-14 17:41:09'),(1999,'Radio Receiver-99','adipiscing elit. Aliquam auctor, velit',6,99,'2021-03-14 17:41:09','2021-03-14 17:41:09'),(2000,'Radio Receiver-100','adipiscing elit. Aliquam auctor, velit',6,100,'2021-03-14 17:41:09','2021-03-14 17:41:09'),(2001,'Video Transmitter-1','est. Nunc laoreet lectus quis massa. Mauris vestibulum, neque sed',13,1,'2021-03-14 17:41:09','2021-03-14 17:41:09'),(2002,'Video Transmitter-2','volutpat nunc sit amet metus. Aliquam erat volutpat.',13,2,'2021-03-14 17:41:09','2021-03-14 17:41:09'),(2003,'Video Transmitter-3','gravida nunc sed',13,3,'2021-03-14 17:41:09','2021-03-14 17:41:09'),(2004,'Video Transmitter-4','tincidunt pede ac urna. Ut tincidunt',13,4,'2021-03-14 17:41:09','2021-03-14 17:41:09'),(2005,'Video Transmitter-5','quis diam. Pellentesque habitant morbi tristique senectus et netus',13,5,'2021-03-14 17:41:09','2021-03-14 17:41:09'),(2006,'Video Transmitter-6','ullamcorper magna. Sed eu eros.',13,6,'2021-03-14 17:41:09','2021-03-14 17:41:09'),(2007,'Video Transmitter-7','quis massa. Mauris vestibulum,',13,7,'2021-03-14 17:41:09','2021-03-14 17:41:09'),(2008,'Video Transmitter-8','iaculis quis, pede. Praesent',13,8,'2021-03-14 17:41:09','2021-03-14 17:41:09'),(2009,'Video Transmitter-9','semper. Nam tempor diam dictum',13,9,'2021-03-14 17:41:09','2021-03-14 17:41:09'),(2010,'Video Transmitter-10','pede blandit congue. In scelerisque scelerisque',13,10,'2021-03-14 17:41:09','2021-03-14 17:41:09'),(2011,'Video Transmitter-11','sed pede. Cum sociis natoque',13,11,'2021-03-14 17:41:09','2021-03-14 17:41:09'),(2012,'Video Transmitter-12','Cras interdum. Nunc sollicitudin commodo ipsum. Suspendisse',13,12,'2021-03-14 17:41:09','2021-03-14 17:41:09'),(2013,'Video Transmitter-13','elementum sem,',13,13,'2021-03-14 17:41:09','2021-03-14 17:41:09'),(2014,'Video Transmitter-14','lorem vitae odio sagittis semper. Nam tempor diam dictum',13,14,'2021-03-14 17:41:09','2021-03-14 17:41:09'),(2015,'Video Transmitter-15','arcu. Sed',13,15,'2021-03-14 17:41:09','2021-03-14 17:41:09'),(2016,'Video Transmitter-16','egestas nunc sed libero. Proin sed turpis',13,16,'2021-03-14 17:41:09','2021-03-14 17:41:09'),(2017,'Video Transmitter-17','placerat, orci lacus vestibulum lorem,',13,17,'2021-03-14 17:41:09','2021-03-14 17:41:09'),(2018,'Video Transmitter-18','est mauris, rhoncus id,',13,18,'2021-03-14 17:41:09','2021-03-14 17:41:09'),(2019,'Video Transmitter-19','dapibus quam quis diam. Pellentesque habitant morbi tristique senectus',13,19,'2021-03-14 17:41:09','2021-03-14 17:41:09'),(2020,'Video Transmitter-20','In mi pede, nonummy ut, molestie in, tempus eu, ligula.',13,20,'2021-03-14 17:41:09','2021-03-14 17:41:09'),(2021,'Video Transmitter-21','Morbi accumsan laoreet ipsum. Curabitur',13,21,'2021-03-14 17:41:09','2021-03-14 17:41:09'),(2022,'Video Transmitter-22','rutrum lorem ac risus. Morbi metus. Vivamus',13,22,'2021-03-14 17:41:09','2021-03-14 17:41:09'),(2023,'Video Transmitter-23','Pellentesque tincidunt tempus risus.',13,23,'2021-03-14 17:41:09','2021-03-14 17:41:09'),(2024,'Video Transmitter-24','feugiat placerat',13,24,'2021-03-14 17:41:09','2021-03-14 17:41:09'),(2025,'Video Transmitter-25','ligula. Aliquam erat volutpat. Nulla dignissim. Maecenas',13,25,'2021-03-14 17:41:09','2021-03-14 17:41:09'),(2026,'Video Transmitter-26','lobortis, nisi nibh lacinia orci, consectetuer euismod',13,26,'2021-03-14 17:41:09','2021-03-14 17:41:09'),(2027,'Video Transmitter-27','eleifend. Cras sed leo. Cras vehicula aliquet libero. Integer in',13,27,'2021-03-14 17:41:09','2021-03-14 17:41:09'),(2028,'Video Transmitter-28','at augue id',13,28,'2021-03-14 17:41:09','2021-03-14 17:41:09'),(2029,'Video Transmitter-29','aliquam arcu. Aliquam ultrices iaculis odio. Nam interdum enim',13,29,'2021-03-14 17:41:09','2021-03-14 17:41:09'),(2030,'Video Transmitter-30','tempor diam dictum sapien. Aenean massa. Integer vitae nibh.',13,30,'2021-03-14 17:41:09','2021-03-14 17:41:09'),(2031,'Video Transmitter-31','nulla. Integer vulputate, risus a ultricies adipiscing, enim',13,31,'2021-03-14 17:41:09','2021-03-14 17:41:09'),(2032,'Video Transmitter-32','bibendum sed, est. Nunc laoreet lectus quis massa.',13,32,'2021-03-14 17:41:09','2021-03-14 17:41:09'),(2033,'Video Transmitter-33','In mi',13,33,'2021-03-14 17:41:09','2021-03-14 17:41:09'),(2034,'Video Transmitter-34','urna.',13,34,'2021-03-14 17:41:09','2021-03-14 17:41:09'),(2035,'Video Transmitter-35','pellentesque massa lobortis',13,35,'2021-03-14 17:41:09','2021-03-14 17:41:09'),(2036,'Video Transmitter-36','mi lorem, vehicula et, rutrum eu, ultrices sit',13,36,'2021-03-14 17:41:09','2021-03-14 17:41:09'),(2037,'Video Transmitter-37','Quisque ac libero nec ligula',13,37,'2021-03-14 17:41:09','2021-03-14 17:41:09'),(2038,'Video Transmitter-38','metus. Aenean',13,38,'2021-03-14 17:41:09','2021-03-14 17:41:09'),(2039,'Video Transmitter-39','dictum eu, eleifend nec, malesuada ut, sem. Nulla',13,39,'2021-03-14 17:41:09','2021-03-14 17:41:09'),(2040,'Video Transmitter-40','tristique aliquet. Phasellus fermentum',13,40,'2021-03-14 17:41:09','2021-03-14 17:41:09'),(2041,'Video Transmitter-41','orci. Donec nibh. Quisque nonummy ipsum non arcu. Vivamus sit',13,41,'2021-03-14 17:41:09','2021-03-14 17:41:09'),(2042,'Video Transmitter-42','mus. Aenean eget magna. Suspendisse tristique neque',13,42,'2021-03-14 17:41:09','2021-03-14 17:41:09'),(2043,'Video Transmitter-43','sed',13,43,'2021-03-14 17:41:09','2021-03-14 17:41:09'),(2044,'Video Transmitter-44','a, scelerisque',13,44,'2021-03-14 17:41:09','2021-03-14 17:41:09'),(2045,'Video Transmitter-45','diam vel arcu. Curabitur',13,45,'2021-03-14 17:41:09','2021-03-14 17:41:09'),(2046,'Video Transmitter-46','pede. Suspendisse dui. Fusce diam nunc,',13,46,'2021-03-14 17:41:09','2021-03-14 17:41:09'),(2047,'Video Transmitter-47','lectus',13,47,'2021-03-14 17:41:09','2021-03-14 17:41:09'),(2048,'Video Transmitter-48','malesuada fames ac turpis egestas. Fusce aliquet',13,48,'2021-03-14 17:41:09','2021-03-14 17:41:09'),(2049,'Video Transmitter-49','elit, dictum eu,',13,49,'2021-03-14 17:41:09','2021-03-14 17:41:09'),(2050,'Video Transmitter-50','ligula elit,',13,50,'2021-03-14 17:41:09','2021-03-14 17:41:09'),(2051,'Video Transmitter-51','Maecenas mi felis, adipiscing fringilla, porttitor vulputate, posuere',13,51,'2021-03-14 17:41:09','2021-03-14 17:41:09'),(2052,'Video Transmitter-52','egestas. Aliquam nec enim. Nunc ut erat. Sed nunc est,',13,52,'2021-03-14 17:41:09','2021-03-14 17:41:09'),(2053,'Video Transmitter-53','libero. Proin sed turpis',13,53,'2021-03-14 17:41:09','2021-03-14 17:41:09'),(2054,'Video Transmitter-54','ac facilisis facilisis, magna tellus faucibus leo,',13,54,'2021-03-14 17:41:09','2021-03-14 17:41:09'),(2055,'Video Transmitter-55','Nullam velit dui, semper et, lacinia',13,55,'2021-03-14 17:41:09','2021-03-14 17:41:09'),(2056,'Video Transmitter-56','sagittis semper. Nam tempor diam',13,56,'2021-03-14 17:41:09','2021-03-14 17:41:09'),(2057,'Video Transmitter-57','sapien, gravida non, sollicitudin a, malesuada',13,57,'2021-03-14 17:41:09','2021-03-14 17:41:09'),(2058,'Video Transmitter-58','mauris eu elit. Nulla facilisi.',13,58,'2021-03-14 17:41:09','2021-03-14 17:41:09'),(2059,'Video Transmitter-59','lacinia mattis. Integer eu lacus. Quisque imperdiet, erat nonummy ultricies',13,59,'2021-03-14 17:41:09','2021-03-14 17:41:09'),(2060,'Video Transmitter-60','massa. Vestibulum accumsan',13,60,'2021-03-14 17:41:09','2021-03-14 17:41:09'),(2061,'Video Transmitter-61','molestie dapibus ligula.',13,61,'2021-03-14 17:41:09','2021-03-14 17:41:09'),(2062,'Video Transmitter-62','Vivamus sit amet risus. Donec egestas. Aliquam nec enim. Nunc',13,62,'2021-03-14 17:41:09','2021-03-14 17:41:09'),(2063,'Video Transmitter-63','orci lacus vestibulum lorem, sit amet ultricies sem',13,63,'2021-03-14 17:41:09','2021-03-14 17:41:09'),(2064,'Video Transmitter-64','mattis velit justo nec ante. Maecenas mi felis, adipiscing',13,64,'2021-03-14 17:41:09','2021-03-14 17:41:09'),(2065,'Video Transmitter-65','ante. Maecenas mi felis, adipiscing fringilla, porttitor vulputate, posuere vulputate,',13,65,'2021-03-14 17:41:09','2021-03-14 17:41:09'),(2066,'Video Transmitter-66','consectetuer adipiscing elit. Aliquam auctor, velit eget',13,66,'2021-03-14 17:41:09','2021-03-14 17:41:09'),(2067,'Video Transmitter-67','scelerisque scelerisque dui. Suspendisse ac metus',13,67,'2021-03-14 17:41:09','2021-03-14 17:41:09'),(2068,'Video Transmitter-68','blandit at,',13,68,'2021-03-14 17:41:09','2021-03-14 17:41:09'),(2069,'Video Transmitter-69','felis ullamcorper viverra.',13,69,'2021-03-14 17:41:09','2021-03-14 17:41:09'),(2070,'Video Transmitter-70','Maecenas malesuada fringilla est. Mauris eu turpis. Nulla aliquet. Proin',13,70,'2021-03-14 17:41:09','2021-03-14 17:41:09'),(2071,'Video Transmitter-71','quis, pede. Suspendisse',13,71,'2021-03-14 17:41:09','2021-03-14 17:41:09'),(2072,'Video Transmitter-72','scelerisque, lorem ipsum sodales purus, in molestie tortor nibh sit',13,72,'2021-03-14 17:41:09','2021-03-14 17:41:09'),(2073,'Video Transmitter-73','augue scelerisque mollis. Phasellus',13,73,'2021-03-14 17:41:09','2021-03-14 17:41:09'),(2074,'Video Transmitter-74','vulputate velit eu',13,74,'2021-03-14 17:41:09','2021-03-14 17:41:09'),(2075,'Video Transmitter-75','ac turpis',13,75,'2021-03-14 17:41:09','2021-03-14 17:41:09'),(2076,'Video Transmitter-76','semper egestas, urna justo faucibus lectus, a sollicitudin orci',13,76,'2021-03-14 17:41:09','2021-03-14 17:41:09'),(2077,'Video Transmitter-77','ullamcorper, velit in aliquet lobortis, nisi nibh',13,77,'2021-03-14 17:41:09','2021-03-14 17:41:09'),(2078,'Video Transmitter-78','tincidunt, neque vitae semper egestas, urna justo faucibus lectus, a',13,78,'2021-03-14 17:41:09','2021-03-14 17:41:09'),(2079,'Video Transmitter-79','sodales nisi magna',13,79,'2021-03-14 17:41:09','2021-03-14 17:41:09'),(2080,'Video Transmitter-80','nec tempus mauris erat eget ipsum. Suspendisse sagittis.',13,80,'2021-03-14 17:41:09','2021-03-14 17:41:09'),(2081,'Video Transmitter-81','vulputate, lacus. Cras interdum. Nunc sollicitudin commodo ipsum. Suspendisse',13,81,'2021-03-14 17:41:09','2021-03-14 17:41:09'),(2082,'Video Transmitter-82','blandit congue. In scelerisque scelerisque dui.',13,82,'2021-03-14 17:41:09','2021-03-14 17:41:09'),(2083,'Video Transmitter-83','magna. Cras convallis convallis dolor. Quisque',13,83,'2021-03-14 17:41:09','2021-03-14 17:41:09'),(2084,'Video Transmitter-84','auctor velit. Aliquam nisl. Nulla',13,84,'2021-03-14 17:41:09','2021-03-14 17:41:09'),(2085,'Video Transmitter-85','Suspendisse dui. Fusce diam nunc, ullamcorper eu,',13,85,'2021-03-14 17:41:09','2021-03-14 17:41:09'),(2086,'Video Transmitter-86','euismod ac, fermentum vel, mauris. Integer sem elit, pharetra ut,',13,86,'2021-03-14 17:41:09','2021-03-14 17:41:09'),(2087,'Video Transmitter-87','Sed eu eros. Nam consequat',13,87,'2021-03-14 17:41:09','2021-03-14 17:41:09'),(2088,'Video Transmitter-88','Morbi sit amet massa. Quisque porttitor',13,88,'2021-03-14 17:41:09','2021-03-14 17:41:09'),(2089,'Video Transmitter-89','lectus ante dictum mi,',13,89,'2021-03-14 17:41:09','2021-03-14 17:41:09'),(2090,'Video Transmitter-90','ad litora torquent per conubia nostra, per inceptos',13,90,'2021-03-14 17:41:09','2021-03-14 17:41:09'),(2091,'Video Transmitter-91','Pellentesque ut ipsum ac mi eleifend',13,91,'2021-03-14 17:41:09','2021-03-14 17:41:09'),(2092,'Video Transmitter-92','Suspendisse ac metus vitae velit egestas lacinia. Sed',13,92,'2021-03-14 17:41:09','2021-03-14 17:41:09'),(2093,'Video Transmitter-93','elit erat vitae risus. Duis a mi fringilla',13,93,'2021-03-14 17:41:09','2021-03-14 17:41:09'),(2094,'Video Transmitter-94','congue, elit sed',13,94,'2021-03-14 17:41:09','2021-03-14 17:41:09'),(2095,'Video Transmitter-95','in sodales elit erat vitae',13,95,'2021-03-14 17:41:09','2021-03-14 17:41:09'),(2096,'Video Transmitter-96','sagittis felis. Donec tempor, est ac',13,96,'2021-03-14 17:41:09','2021-03-14 17:41:09'),(2097,'Video Transmitter-97','Cras pellentesque. Sed dictum. Proin eget',13,97,'2021-03-14 17:41:09','2021-03-14 17:41:09'),(2098,'Video Transmitter-98','est, vitae sodales nisi magna sed dui. Fusce aliquam,',13,98,'2021-03-14 17:41:09','2021-03-14 17:41:09'),(2099,'Video Transmitter-99','lobortis, nisi nibh',13,99,'2021-03-14 17:41:09','2021-03-14 17:41:09'),(2100,'Video Transmitter-100','ut erat. Sed nunc est, mollis non,',13,100,'2021-03-14 17:41:09','2021-03-14 17:41:09'),(2101,'Voltage Regulator-1','viverra. Donec tempus, lorem fringilla ornare placerat, orci',9,1,'2021-03-14 17:41:09','2021-03-14 17:41:09'),(2102,'Voltage Regulator-2','magna sed dui. Fusce aliquam, enim nec tempus scelerisque,',9,2,'2021-03-14 17:41:09','2021-03-14 17:41:09'),(2103,'Voltage Regulator-3','gravida. Aliquam tincidunt, nunc ac mattis ornare, lectus ante dictum',9,3,'2021-03-14 17:41:09','2021-03-14 17:41:09'),(2104,'Voltage Regulator-4','dis parturient montes, nascetur',9,4,'2021-03-14 17:41:09','2021-03-14 17:41:09'),(2105,'Voltage Regulator-5','malesuada augue ut lacus. Nulla tincidunt, neque vitae semper egestas,',9,5,'2021-03-14 17:41:09','2021-03-14 17:41:09'),(2106,'Voltage Regulator-6','et',9,6,'2021-03-14 17:41:09','2021-03-14 17:41:09'),(2107,'Voltage Regulator-7','eleifend.',9,7,'2021-03-14 17:41:09','2021-03-14 17:41:09'),(2108,'Voltage Regulator-8','nec,',9,8,'2021-03-14 17:41:09','2021-03-14 17:41:09'),(2109,'Voltage Regulator-9','Vestibulum ut',9,9,'2021-03-14 17:41:09','2021-03-14 17:41:09'),(2110,'Voltage Regulator-10','nonummy ut, molestie in, tempus eu, ligula.',9,10,'2021-03-14 17:41:09','2021-03-14 17:41:09'),(2111,'Voltage Regulator-11','Vivamus molestie',9,11,'2021-03-14 17:41:09','2021-03-14 17:41:09'),(2112,'Voltage Regulator-12','mi, ac',9,12,'2021-03-14 17:41:09','2021-03-14 17:41:09'),(2113,'Voltage Regulator-13','ullamcorper magna. Sed eu eros. Nam consequat dolor vitae dolor.',9,13,'2021-03-14 17:41:09','2021-03-14 17:41:09'),(2114,'Voltage Regulator-14','Integer sem elit, pharetra ut, pharetra sed,',9,14,'2021-03-14 17:41:09','2021-03-14 17:41:09'),(2115,'Voltage Regulator-15','ultrices. Vivamus rhoncus. Donec est. Nunc ullamcorper, velit in aliquet',9,15,'2021-03-14 17:41:09','2021-03-14 17:41:09'),(2116,'Voltage Regulator-16','Integer mollis. Integer tincidunt aliquam arcu. Aliquam ultrices iaculis odio.',9,16,'2021-03-14 17:41:09','2021-03-14 17:41:09'),(2117,'Voltage Regulator-17','sociis',9,17,'2021-03-14 17:41:09','2021-03-14 17:41:09'),(2118,'Voltage Regulator-18','risus odio, auctor vitae, aliquet nec, imperdiet nec, leo.',9,18,'2021-03-14 17:41:09','2021-03-14 17:41:09'),(2119,'Voltage Regulator-19','justo nec ante. Maecenas mi',9,19,'2021-03-14 17:41:09','2021-03-14 17:41:09'),(2120,'Voltage Regulator-20','dis parturient montes, nascetur ridiculus',9,20,'2021-03-14 17:41:09','2021-03-14 17:41:09'),(2121,'Voltage Regulator-21','ante ipsum',9,21,'2021-03-14 17:41:09','2021-03-14 17:41:09'),(2122,'Voltage Regulator-22','ligula elit, pretium',9,22,'2021-03-14 17:41:09','2021-03-14 17:41:09'),(2123,'Voltage Regulator-23','vulputate ullamcorper magna. Sed',9,23,'2021-03-14 17:41:09','2021-03-14 17:41:09'),(2124,'Voltage Regulator-24','lorem',9,24,'2021-03-14 17:41:09','2021-03-14 17:41:09'),(2125,'Voltage Regulator-25','Donec tincidunt. Donec vitae erat vel pede blandit congue.',9,25,'2021-03-14 17:41:09','2021-03-14 17:41:09'),(2126,'Voltage Regulator-26','Suspendisse ac metus vitae velit',9,26,'2021-03-14 17:41:09','2021-03-14 17:41:09'),(2127,'Voltage Regulator-27','placerat, augue. Sed molestie. Sed',9,27,'2021-03-14 17:41:09','2021-03-14 17:41:09'),(2128,'Voltage Regulator-28','egestas. Aliquam fringilla cursus purus. Nullam',9,28,'2021-03-14 17:41:09','2021-03-14 17:41:09'),(2129,'Voltage Regulator-29','fames ac turpis egestas. Fusce aliquet',9,29,'2021-03-14 17:41:09','2021-03-14 17:41:09'),(2130,'Voltage Regulator-30','egestas. Duis',9,30,'2021-03-14 17:41:09','2021-03-14 17:41:09'),(2131,'Voltage Regulator-31','habitant',9,31,'2021-03-14 17:41:09','2021-03-14 17:41:09'),(2132,'Voltage Regulator-32','diam at',9,32,'2021-03-14 17:41:09','2021-03-14 17:41:09'),(2133,'Voltage Regulator-33','lorem semper auctor.',9,33,'2021-03-14 17:41:09','2021-03-14 17:41:09'),(2134,'Voltage Regulator-34','sit amet risus. Donec egestas. Aliquam nec enim. Nunc',9,34,'2021-03-14 17:41:09','2021-03-14 17:41:09'),(2135,'Voltage Regulator-35','elit, dictum eu, eleifend nec, malesuada',9,35,'2021-03-14 17:41:09','2021-03-14 17:41:09'),(2136,'Voltage Regulator-36','Nulla tempor augue ac ipsum. Phasellus vitae mauris',9,36,'2021-03-14 17:41:09','2021-03-14 17:41:09'),(2137,'Voltage Regulator-37','lacus.',9,37,'2021-03-14 17:41:09','2021-03-14 17:41:09'),(2138,'Voltage Regulator-38','sed, facilisis vitae, orci. Phasellus dapibus',9,38,'2021-03-14 17:41:09','2021-03-14 17:41:09'),(2139,'Voltage Regulator-39','lobortis quis,',9,39,'2021-03-14 17:41:09','2021-03-14 17:41:09'),(2140,'Voltage Regulator-40','Integer id magna et ipsum cursus vestibulum. Mauris magna. Duis',9,40,'2021-03-14 17:41:09','2021-03-14 17:41:09'),(2141,'Voltage Regulator-41','ullamcorper, nisl arcu iaculis enim,',9,41,'2021-03-14 17:41:09','2021-03-14 17:41:09'),(2142,'Voltage Regulator-42','Integer aliquam adipiscing',9,42,'2021-03-14 17:41:09','2021-03-14 17:41:09'),(2143,'Voltage Regulator-43','eget, ipsum. Donec sollicitudin adipiscing ligula. Aenean gravida nunc',9,43,'2021-03-14 17:41:09','2021-03-14 17:41:09'),(2144,'Voltage Regulator-44','cursus et, magna. Praesent interdum',9,44,'2021-03-14 17:41:09','2021-03-14 17:41:09'),(2145,'Voltage Regulator-45','a, aliquet',9,45,'2021-03-14 17:41:09','2021-03-14 17:41:09'),(2146,'Voltage Regulator-46','nonummy ipsum non arcu. Vivamus sit amet',9,46,'2021-03-14 17:41:09','2021-03-14 17:41:09'),(2147,'Voltage Regulator-47','eget magna. Suspendisse tristique neque venenatis lacus. Etiam bibendum fermentum',9,47,'2021-03-14 17:41:09','2021-03-14 17:41:09'),(2148,'Voltage Regulator-48','massa. Mauris vestibulum, neque sed dictum eleifend, nunc',9,48,'2021-03-14 17:41:09','2021-03-14 17:41:09'),(2149,'Voltage Regulator-49','sit amet, consectetuer',9,49,'2021-03-14 17:41:09','2021-03-14 17:41:09'),(2150,'Voltage Regulator-50','odio. Etiam ligula tortor, dictum',9,50,'2021-03-14 17:41:09','2021-03-14 17:41:09'),(2151,'Voltage Regulator-51','mi lorem,',9,51,'2021-03-14 17:41:09','2021-03-14 17:41:09'),(2152,'Voltage Regulator-52','lacinia vitae, sodales at, velit. Pellentesque ultricies dignissim lacus.',9,52,'2021-03-14 17:41:09','2021-03-14 17:41:09'),(2153,'Voltage Regulator-53','est tempor bibendum. Donec felis orci, adipiscing non,',9,53,'2021-03-14 17:41:09','2021-03-14 17:41:09'),(2154,'Voltage Regulator-54','ornare, libero at auctor ullamcorper, nisl arcu iaculis',9,54,'2021-03-14 17:41:09','2021-03-14 17:41:09'),(2155,'Voltage Regulator-55','urna. Vivamus molestie dapibus ligula. Aliquam erat volutpat. Nulla',9,55,'2021-03-14 17:41:09','2021-03-14 17:41:09'),(2156,'Voltage Regulator-56','porttitor tellus non magna. Nam ligula elit, pretium et, rutrum',9,56,'2021-03-14 17:41:09','2021-03-14 17:41:09'),(2157,'Voltage Regulator-57','feugiat',9,57,'2021-03-14 17:41:09','2021-03-14 17:41:09'),(2158,'Voltage Regulator-58','hendrerit consectetuer, cursus et, magna. Praesent interdum',9,58,'2021-03-14 17:41:09','2021-03-14 17:41:09'),(2159,'Voltage Regulator-59','dui.',9,59,'2021-03-14 17:41:09','2021-03-14 17:41:09'),(2160,'Voltage Regulator-60','rutrum,',9,60,'2021-03-14 17:41:09','2021-03-14 17:41:09'),(2161,'Voltage Regulator-61','commodo auctor velit. Aliquam nisl. Nulla eu neque pellentesque massa',9,61,'2021-03-14 17:41:09','2021-03-14 17:41:09'),(2162,'Voltage Regulator-62','eget',9,62,'2021-03-14 17:41:09','2021-03-14 17:41:09'),(2163,'Voltage Regulator-63','lacinia orci,',9,63,'2021-03-14 17:41:09','2021-03-14 17:41:09'),(2164,'Voltage Regulator-64','enim consequat purus. Maecenas libero est, congue a, aliquet vel,',9,64,'2021-03-14 17:41:09','2021-03-14 17:41:09'),(2165,'Voltage Regulator-65','vel arcu. Curabitur',9,65,'2021-03-14 17:41:09','2021-03-14 17:41:09'),(2166,'Voltage Regulator-66','sagittis felis. Donec tempor, est ac mattis semper, dui lectus',9,66,'2021-03-14 17:41:09','2021-03-14 17:41:09'),(2167,'Voltage Regulator-67','lacinia vitae, sodales at, velit. Pellentesque ultricies',9,67,'2021-03-14 17:41:09','2021-03-14 17:41:09'),(2168,'Voltage Regulator-68','enim. Sed nulla ante,',9,68,'2021-03-14 17:41:09','2021-03-14 17:41:09'),(2169,'Voltage Regulator-69','elit. Nulla facilisi. Sed neque. Sed eget lacus. Mauris',9,69,'2021-03-14 17:41:09','2021-03-14 17:41:09'),(2170,'Voltage Regulator-70','ullamcorper magna. Sed eu eros. Nam',9,70,'2021-03-14 17:41:09','2021-03-14 17:41:09'),(2171,'Voltage Regulator-71','tincidunt tempus risus.',9,71,'2021-03-14 17:41:09','2021-03-14 17:41:09'),(2172,'Voltage Regulator-72','Nunc laoreet lectus quis massa.',9,72,'2021-03-14 17:41:09','2021-03-14 17:41:09'),(2173,'Voltage Regulator-73','Proin nisl sem, consequat nec, mollis vitae, posuere at, velit.',9,73,'2021-03-14 17:41:09','2021-03-14 17:41:09'),(2174,'Voltage Regulator-74','mauris.',9,74,'2021-03-14 17:41:09','2021-03-14 17:41:09'),(2175,'Voltage Regulator-75','Cras vehicula aliquet',9,75,'2021-03-14 17:41:09','2021-03-14 17:41:09'),(2176,'Voltage Regulator-76','et ultrices posuere cubilia Curae; Donec tincidunt.',9,76,'2021-03-14 17:41:09','2021-03-14 17:41:09'),(2177,'Voltage Regulator-77','diam. Pellentesque',9,77,'2021-03-14 17:41:09','2021-03-14 17:41:09'),(2178,'Voltage Regulator-78','dolor, nonummy ac, feugiat',9,78,'2021-03-14 17:41:09','2021-03-14 17:41:09'),(2179,'Voltage Regulator-79','vulputate velit eu sem. Pellentesque ut ipsum',9,79,'2021-03-14 17:41:09','2021-03-14 17:41:09'),(2180,'Voltage Regulator-80','enim. Sed nulla ante, iaculis nec, eleifend non, dapibus',9,80,'2021-03-14 17:41:09','2021-03-14 17:41:09'),(2181,'Voltage Regulator-81','Cras sed leo. Cras vehicula aliquet libero. Integer',9,81,'2021-03-14 17:41:09','2021-03-14 17:41:09'),(2182,'Voltage Regulator-82','sit amet ante. Vivamus non lorem',9,82,'2021-03-14 17:41:09','2021-03-14 17:41:09'),(2183,'Voltage Regulator-83','faucibus leo, in lobortis tellus justo sit amet nulla. Donec',9,83,'2021-03-14 17:41:09','2021-03-14 17:41:09'),(2184,'Voltage Regulator-84','orci, consectetuer euismod',9,84,'2021-03-14 17:41:09','2021-03-14 17:41:09'),(2185,'Voltage Regulator-85','tellus. Aenean egestas hendrerit neque. In ornare sagittis felis.',9,85,'2021-03-14 17:41:09','2021-03-14 17:41:09'),(2186,'Voltage Regulator-86','sed, facilisis vitae, orci. Phasellus dapibus quam quis',9,86,'2021-03-14 17:41:09','2021-03-14 17:41:09'),(2187,'Voltage Regulator-87','imperdiet ornare. In faucibus. Morbi vehicula. Pellentesque tincidunt',9,87,'2021-03-14 17:41:09','2021-03-14 17:41:09'),(2188,'Voltage Regulator-88','tempus, lorem fringilla ornare placerat, orci',9,88,'2021-03-14 17:41:09','2021-03-14 17:41:09'),(2189,'Voltage Regulator-89','Curabitur sed tortor. Integer aliquam',9,89,'2021-03-14 17:41:09','2021-03-14 17:41:09'),(2190,'Voltage Regulator-90','sit amet ante.',9,90,'2021-03-14 17:41:09','2021-03-14 17:41:09'),(2191,'Voltage Regulator-91','ipsum. Donec sollicitudin adipiscing ligula. Aenean gravida',9,91,'2021-03-14 17:41:09','2021-03-14 17:41:09'),(2192,'Voltage Regulator-92','est',9,92,'2021-03-14 17:41:09','2021-03-14 17:41:09'),(2193,'Voltage Regulator-93','Lorem ipsum dolor sit amet, consectetuer adipiscing elit. Etiam laoreet,',9,93,'2021-03-14 17:41:09','2021-03-14 17:41:09'),(2194,'Voltage Regulator-94','Duis elementum, dui quis accumsan convallis, ante lectus convallis',9,94,'2021-03-14 17:41:09','2021-03-14 17:41:09'),(2195,'Voltage Regulator-95','lorem vitae odio sagittis semper. Nam',9,95,'2021-03-14 17:41:09','2021-03-14 17:41:09'),(2196,'Voltage Regulator-96','tempor',9,96,'2021-03-14 17:41:09','2021-03-14 17:41:09'),(2197,'Voltage Regulator-97','nulla. Integer urna. Vivamus',9,97,'2021-03-14 17:41:09','2021-03-14 17:41:09'),(2198,'Voltage Regulator-98','eget varius ultrices, mauris ipsum porta elit,',9,98,'2021-03-14 17:41:09','2021-03-14 17:41:09'),(2199,'Voltage Regulator-99','blandit enim consequat purus. Maecenas libero est, congue a, aliquet',9,99,'2021-03-14 17:41:09','2021-03-14 17:41:09'),(2200,'Voltage Regulator-100','ad litora torquent per conubia nostra, per inceptos hymenaeos.',9,100,'2021-03-14 17:41:09','2021-03-14 17:41:09'),(2201,'Voltage Sensor-1','id nunc interdum feugiat. Sed nec metus',10,1,'2021-03-14 17:41:09','2021-03-14 17:41:09'),(2202,'Voltage Sensor-2','non, lacinia',10,2,'2021-03-14 17:41:10','2021-03-14 17:41:10'),(2203,'Voltage Sensor-3','Pellentesque habitant morbi tristique senectus et',10,3,'2021-03-14 17:41:10','2021-03-14 17:41:10'),(2204,'Voltage Sensor-4','enim. Curabitur massa.',10,4,'2021-03-14 17:41:10','2021-03-14 17:41:10'),(2205,'Voltage Sensor-5','diam at pretium aliquet, metus urna convallis',10,5,'2021-03-14 17:41:10','2021-03-14 17:41:10'),(2206,'Voltage Sensor-6','magna a neque.',10,6,'2021-03-14 17:41:10','2021-03-14 17:41:10'),(2207,'Voltage Sensor-7','nunc id enim. Curabitur massa. Vestibulum accumsan neque et',10,7,'2021-03-14 17:41:10','2021-03-14 17:41:10'),(2208,'Voltage Sensor-8','Nunc commodo auctor velit. Aliquam nisl. Nulla eu',10,8,'2021-03-14 17:41:10','2021-03-14 17:41:10'),(2209,'Voltage Sensor-9','nonummy ac, feugiat non, lobortis',10,9,'2021-03-14 17:41:10','2021-03-14 17:41:10'),(2210,'Voltage Sensor-10','ornare sagittis felis. Donec tempor, est ac mattis semper, dui',10,10,'2021-03-14 17:41:10','2021-03-14 17:41:10'),(2211,'Voltage Sensor-11','Aliquam tincidunt, nunc ac mattis ornare,',10,11,'2021-03-14 17:41:10','2021-03-14 17:41:10'),(2212,'Voltage Sensor-12','risus. Morbi metus. Vivamus euismod urna. Nullam lobortis quam',10,12,'2021-03-14 17:41:10','2021-03-14 17:41:10'),(2213,'Voltage Sensor-13','dapibus',10,13,'2021-03-14 17:41:10','2021-03-14 17:41:10'),(2214,'Voltage Sensor-14','nec tempus scelerisque, lorem ipsum sodales',10,14,'2021-03-14 17:41:10','2021-03-14 17:41:10'),(2215,'Voltage Sensor-15','Morbi accumsan laoreet',10,15,'2021-03-14 17:41:10','2021-03-14 17:41:10'),(2216,'Voltage Sensor-16','mollis. Phasellus',10,16,'2021-03-14 17:41:10','2021-03-14 17:41:10'),(2217,'Voltage Sensor-17','Aliquam erat',10,17,'2021-03-14 17:41:10','2021-03-14 17:41:10'),(2218,'Voltage Sensor-18','ut odio vel est',10,18,'2021-03-14 17:41:10','2021-03-14 17:41:10'),(2219,'Voltage Sensor-19','nunc sit amet metus. Aliquam erat volutpat.',10,19,'2021-03-14 17:41:10','2021-03-14 17:41:10'),(2220,'Voltage Sensor-20','Sed nulla ante, iaculis nec, eleifend non, dapibus rutrum,',10,20,'2021-03-14 17:41:10','2021-03-14 17:41:10'),(2221,'Voltage Sensor-21','blandit at, nisi. Cum sociis natoque penatibus et',10,21,'2021-03-14 17:41:10','2021-03-14 17:41:10'),(2222,'Voltage Sensor-22','ante blandit viverra. Donec tempus, lorem fringilla ornare placerat, orci',10,22,'2021-03-14 17:41:10','2021-03-14 17:41:10'),(2223,'Voltage Sensor-23','velit.',10,23,'2021-03-14 17:41:10','2021-03-14 17:41:10'),(2224,'Voltage Sensor-24','Etiam vestibulum massa rutrum magna. Cras convallis',10,24,'2021-03-14 17:41:10','2021-03-14 17:41:10'),(2225,'Voltage Sensor-25','et,',10,25,'2021-03-14 17:41:10','2021-03-14 17:41:10'),(2226,'Voltage Sensor-26','varius orci, in consequat enim diam vel',10,26,'2021-03-14 17:41:10','2021-03-14 17:41:10'),(2227,'Voltage Sensor-27','dictum',10,27,'2021-03-14 17:41:10','2021-03-14 17:41:10'),(2228,'Voltage Sensor-28','laoreet lectus quis massa. Mauris vestibulum, neque sed dictum eleifend,',10,28,'2021-03-14 17:41:10','2021-03-14 17:41:10'),(2229,'Voltage Sensor-29','malesuada fames ac turpis egestas. Fusce aliquet magna a neque.',10,29,'2021-03-14 17:41:10','2021-03-14 17:41:10'),(2230,'Voltage Sensor-30','pharetra. Nam ac nulla. In tincidunt congue turpis.',10,30,'2021-03-14 17:41:10','2021-03-14 17:41:10'),(2231,'Voltage Sensor-31','dictum placerat, augue. Sed molestie. Sed id risus',10,31,'2021-03-14 17:41:10','2021-03-14 17:41:10'),(2232,'Voltage Sensor-32','sem, vitae aliquam eros turpis non enim. Mauris quis',10,32,'2021-03-14 17:41:10','2021-03-14 17:41:10'),(2233,'Voltage Sensor-33','Phasellus',10,33,'2021-03-14 17:41:10','2021-03-14 17:41:10'),(2234,'Voltage Sensor-34','Nullam vitae diam. Proin dolor.',10,34,'2021-03-14 17:41:10','2021-03-14 17:41:10'),(2235,'Voltage Sensor-35','taciti sociosqu ad litora torquent per',10,35,'2021-03-14 17:41:10','2021-03-14 17:41:10'),(2236,'Voltage Sensor-36','tempor diam dictum sapien. Aenean massa. Integer vitae',10,36,'2021-03-14 17:41:10','2021-03-14 17:41:10'),(2237,'Voltage Sensor-37','eget ipsum. Suspendisse sagittis. Nullam vitae diam.',10,37,'2021-03-14 17:41:10','2021-03-14 17:41:10'),(2238,'Voltage Sensor-38','feugiat metus sit amet ante. Vivamus non lorem vitae odio',10,38,'2021-03-14 17:41:10','2021-03-14 17:41:10'),(2239,'Voltage Sensor-39','Mauris',10,39,'2021-03-14 17:41:10','2021-03-14 17:41:10'),(2240,'Voltage Sensor-40','bibendum. Donec felis orci, adipiscing',10,40,'2021-03-14 17:41:10','2021-03-14 17:41:10'),(2241,'Voltage Sensor-41','auctor vitae, aliquet nec, imperdiet nec,',10,41,'2021-03-14 17:41:10','2021-03-14 17:41:10'),(2242,'Voltage Sensor-42','venenatis a,',10,42,'2021-03-14 17:41:10','2021-03-14 17:41:10'),(2243,'Voltage Sensor-43','sem ut dolor dapibus gravida.',10,43,'2021-03-14 17:41:10','2021-03-14 17:41:10'),(2244,'Voltage Sensor-44','diam nunc, ullamcorper eu, euismod ac, fermentum',10,44,'2021-03-14 17:41:10','2021-03-14 17:41:10'),(2245,'Voltage Sensor-45','lectus justo eu arcu. Morbi sit',10,45,'2021-03-14 17:41:10','2021-03-14 17:41:10'),(2246,'Voltage Sensor-46','lacus. Cras interdum. Nunc sollicitudin commodo',10,46,'2021-03-14 17:41:10','2021-03-14 17:41:10'),(2247,'Voltage Sensor-47','orci tincidunt adipiscing. Mauris',10,47,'2021-03-14 17:41:10','2021-03-14 17:41:10'),(2248,'Voltage Sensor-48','lectus. Nullam suscipit, est ac facilisis facilisis, magna tellus',10,48,'2021-03-14 17:41:10','2021-03-14 17:41:10'),(2249,'Voltage Sensor-49','eget varius ultrices, mauris ipsum porta elit, a feugiat',10,49,'2021-03-14 17:41:10','2021-03-14 17:41:10'),(2250,'Voltage Sensor-50','eu nulla at sem',10,50,'2021-03-14 17:41:10','2021-03-14 17:41:10'),(2251,'Voltage Sensor-51','egestas. Aliquam fringilla cursus purus. Nullam scelerisque',10,51,'2021-03-14 17:41:10','2021-03-14 17:41:10'),(2252,'Voltage Sensor-52','mauris, aliquam eu, accumsan sed, facilisis vitae, orci. Phasellus',10,52,'2021-03-14 17:41:10','2021-03-14 17:41:10'),(2253,'Voltage Sensor-53','arcu. Vestibulum ante',10,53,'2021-03-14 17:41:10','2021-03-14 17:41:10'),(2254,'Voltage Sensor-54','Pellentesque habitant morbi tristique senectus et',10,54,'2021-03-14 17:41:10','2021-03-14 17:41:10'),(2255,'Voltage Sensor-55','Nam interdum enim non nisi. Aenean eget metus. In',10,55,'2021-03-14 17:41:10','2021-03-14 17:41:10'),(2256,'Voltage Sensor-56','Aliquam ultrices iaculis odio. Nam interdum',10,56,'2021-03-14 17:41:10','2021-03-14 17:41:10'),(2257,'Voltage Sensor-57','turpis non enim. Mauris quis turpis vitae',10,57,'2021-03-14 17:41:10','2021-03-14 17:41:10'),(2258,'Voltage Sensor-58','Etiam gravida molestie arcu. Sed eu nibh vulputate mauris sagittis',10,58,'2021-03-14 17:41:10','2021-03-14 17:41:10'),(2259,'Voltage Sensor-59','amet,',10,59,'2021-03-14 17:41:10','2021-03-14 17:41:10'),(2260,'Voltage Sensor-60','vitae aliquam eros turpis non enim. Mauris quis turpis',10,60,'2021-03-14 17:41:10','2021-03-14 17:41:10'),(2261,'Voltage Sensor-61','Fusce dolor quam,',10,61,'2021-03-14 17:41:10','2021-03-14 17:41:10'),(2262,'Voltage Sensor-62','tempus scelerisque,',10,62,'2021-03-14 17:41:10','2021-03-14 17:41:10'),(2263,'Voltage Sensor-63','In at pede. Cras vulputate velit eu sem. Pellentesque ut',10,63,'2021-03-14 17:41:10','2021-03-14 17:41:10'),(2264,'Voltage Sensor-64','vulputate ullamcorper magna. Sed eu eros. Nam consequat dolor',10,64,'2021-03-14 17:41:10','2021-03-14 17:41:10'),(2265,'Voltage Sensor-65','Etiam imperdiet dictum magna. Ut tincidunt orci quis lectus. Nullam',10,65,'2021-03-14 17:41:10','2021-03-14 17:41:10'),(2266,'Voltage Sensor-66','Nunc mauris elit, dictum eu, eleifend nec, malesuada ut, sem.',10,66,'2021-03-14 17:41:10','2021-03-14 17:41:10'),(2267,'Voltage Sensor-67','enim commodo hendrerit. Donec porttitor tellus',10,67,'2021-03-14 17:41:10','2021-03-14 17:41:10'),(2268,'Voltage Sensor-68','lobortis augue scelerisque mollis. Phasellus libero mauris, aliquam',10,68,'2021-03-14 17:41:10','2021-03-14 17:41:10'),(2269,'Voltage Sensor-69','tristique aliquet. Phasellus fermentum convallis ligula. Donec luctus aliquet odio.',10,69,'2021-03-14 17:41:10','2021-03-14 17:41:10'),(2270,'Voltage Sensor-70','vulputate mauris sagittis',10,70,'2021-03-14 17:41:10','2021-03-14 17:41:10'),(2271,'Voltage Sensor-71','Integer vitae',10,71,'2021-03-14 17:41:10','2021-03-14 17:41:10'),(2272,'Voltage Sensor-72','nec, eleifend non, dapibus rutrum, justo. Praesent luctus. Curabitur egestas',10,72,'2021-03-14 17:41:10','2021-03-14 17:41:10'),(2273,'Voltage Sensor-73','ut nisi a odio semper',10,73,'2021-03-14 17:41:10','2021-03-14 17:41:10'),(2274,'Voltage Sensor-74','tempor diam dictum sapien. Aenean massa.',10,74,'2021-03-14 17:41:10','2021-03-14 17:41:10'),(2275,'Voltage Sensor-75','tortor. Integer aliquam',10,75,'2021-03-14 17:41:10','2021-03-14 17:41:10'),(2276,'Voltage Sensor-76','mus. Proin vel arcu eu odio',10,76,'2021-03-14 17:41:10','2021-03-14 17:41:10'),(2277,'Voltage Sensor-77','nunc id enim. Curabitur massa. Vestibulum accumsan neque',10,77,'2021-03-14 17:41:10','2021-03-14 17:41:10'),(2278,'Voltage Sensor-78','massa. Mauris vestibulum, neque',10,78,'2021-03-14 17:41:10','2021-03-14 17:41:10'),(2279,'Voltage Sensor-79','lobortis tellus justo sit',10,79,'2021-03-14 17:41:10','2021-03-14 17:41:10'),(2280,'Voltage Sensor-80','Etiam laoreet, libero et tristique pellentesque,',10,80,'2021-03-14 17:41:10','2021-03-14 17:41:10'),(2281,'Voltage Sensor-81','est arcu ac',10,81,'2021-03-14 17:41:10','2021-03-14 17:41:10'),(2282,'Voltage Sensor-82','porttitor vulputate, posuere',10,82,'2021-03-14 17:41:10','2021-03-14 17:41:10'),(2283,'Voltage Sensor-83','at pretium aliquet, metus urna convallis erat, eget tincidunt',10,83,'2021-03-14 17:41:10','2021-03-14 17:41:10'),(2284,'Voltage Sensor-84','pellentesque a, facilisis non, bibendum sed,',10,84,'2021-03-14 17:41:10','2021-03-14 17:41:10'),(2285,'Voltage Sensor-85','egestas blandit. Nam nulla magna, malesuada',10,85,'2021-03-14 17:41:10','2021-03-14 17:41:10'),(2286,'Voltage Sensor-86','massa. Suspendisse',10,86,'2021-03-14 17:41:10','2021-03-14 17:41:10'),(2287,'Voltage Sensor-87','ut aliquam iaculis, lacus pede sagittis',10,87,'2021-03-14 17:41:10','2021-03-14 17:41:10'),(2288,'Voltage Sensor-88','Nulla interdum. Curabitur dictum. Phasellus in',10,88,'2021-03-14 17:41:10','2021-03-14 17:41:10'),(2289,'Voltage Sensor-89','In',10,89,'2021-03-14 17:41:10','2021-03-14 17:41:10'),(2290,'Voltage Sensor-90','vulputate eu, odio. Phasellus at augue',10,90,'2021-03-14 17:41:10','2021-03-14 17:41:10'),(2291,'Voltage Sensor-91','dui nec urna suscipit nonummy. Fusce fermentum fermentum arcu. Vestibulum',10,91,'2021-03-14 17:41:10','2021-03-14 17:41:10'),(2292,'Voltage Sensor-92','eu, euismod ac, fermentum vel, mauris. Integer sem elit,',10,92,'2021-03-14 17:41:10','2021-03-14 17:41:10'),(2293,'Voltage Sensor-93','ultrices a, auctor non, feugiat nec, diam. Duis',10,93,'2021-03-14 17:41:10','2021-03-14 17:41:10'),(2294,'Voltage Sensor-94','sit',10,94,'2021-03-14 17:41:10','2021-03-14 17:41:10'),(2295,'Voltage Sensor-95','Curabitur vel lectus. Cum sociis natoque penatibus',10,95,'2021-03-14 17:41:10','2021-03-14 17:41:10'),(2296,'Voltage Sensor-96','nisi. Mauris nulla. Integer urna. Vivamus molestie dapibus',10,96,'2021-03-14 17:41:10','2021-03-14 17:41:10'),(2297,'Voltage Sensor-97','eget, venenatis',10,97,'2021-03-14 17:41:10','2021-03-14 17:41:10'),(2298,'Voltage Sensor-98','sapien,',10,98,'2021-03-14 17:41:10','2021-03-14 17:41:10'),(2299,'Voltage Sensor-99','consectetuer adipiscing elit. Curabitur sed tortor. Integer',10,99,'2021-03-14 17:41:10','2021-03-14 17:41:10'),(2300,'Voltage Sensor-100','lobortis quam a felis ullamcorper',10,100,'2021-03-14 17:41:10','2021-03-14 17:41:10');
/*!40000 ALTER TABLE `part` ENABLE KEYS */;
UNLOCK TABLES;

--
-- Table structure for table `parttype`
--

DROP TABLE IF EXISTS `parttype`;
/*!40101 SET @saved_cs_client     = @@character_set_client */;
/*!40101 SET character_set_client = utf8 */;
CREATE TABLE `parttype` (
  `id` bigint(20) unsigned NOT NULL AUTO_INCREMENT,
  `name` varchar(255) NOT NULL,
  `description` text DEFAULT NULL,
  `created_at` timestamp NOT NULL DEFAULT current_timestamp(),
  `updated_at` timestamp NOT NULL DEFAULT current_timestamp() ON UPDATE current_timestamp(),
  PRIMARY KEY (`id`)
) ENGINE=InnoDB AUTO_INCREMENT=14 DEFAULT CHARSET=utf8mb4;
/*!40101 SET character_set_client = @saved_cs_client */;

--
-- Dumping data for table `parttype`
--

LOCK TABLES `parttype` WRITE;
/*!40000 ALTER TABLE `parttype` DISABLE KEYS */;
INSERT INTO `parttype` VALUES (1,'Frame','','2021-03-14 17:41:08','2021-03-14 17:41:08'),(2,'Prop','','2021-03-14 17:41:08','2021-03-14 17:41:08'),(3,'ESC','','2021-03-14 17:41:08','2021-03-14 17:41:08'),(4,'Motor','','2021-03-14 17:41:08','2021-03-14 17:41:08'),(5,'AIO Flight Controller','','2021-03-14 17:41:08','2021-03-14 17:41:08'),(6,'Radio Receiver','','2021-03-14 17:41:08','2021-03-14 17:41:08'),(7,'GPS','','2021-03-14 17:41:08','2021-03-14 17:41:08'),(8,'PDB','','2021-03-14 17:41:08','2021-03-14 17:41:08'),(9,'Voltage Regulator','','2021-03-14 17:41:08','2021-03-14 17:41:08'),(10,'Voltage Sensor','','2021-03-14 17:41:08','2021-03-14 17:41:08'),(11,'Camera','','2021-03-14 17:41:08','2021-03-14 17:41:08'),(12,'Antenna','','2021-03-14 17:41:08','2021-03-14 17:41:08'),(13,'Video Transmitter','','2021-03-14 17:41:08','2021-03-14 17:41:08');
/*!40000 ALTER TABLE `parttype` ENABLE KEYS */;
UNLOCK TABLES;

--
-- Table structure for table `permission`
--

DROP TABLE IF EXISTS `permission`;
/*!40101 SET @saved_cs_client     = @@character_set_client */;
/*!40101 SET character_set_client = utf8 */;
CREATE TABLE `permission` (
  `id` bigint(20) unsigned NOT NULL AUTO_INCREMENT,
  `name` varchar(255) NOT NULL,
  `code` varchar(255) NOT NULL,
  `description` text DEFAULT NULL,
  `created_at` timestamp NOT NULL DEFAULT current_timestamp(),
  `updated_at` timestamp NOT NULL DEFAULT current_timestamp() ON UPDATE current_timestamp(),
  PRIMARY KEY (`id`),
  UNIQUE KEY `permission_code_unique` (`code`)
) ENGINE=InnoDB AUTO_INCREMENT=45 DEFAULT CHARSET=utf8mb4;
/*!40101 SET character_set_client = @saved_cs_client */;

--
-- Dumping data for table `permission`
--

LOCK TABLES `permission` WRITE;
/*!40000 ALTER TABLE `permission` DISABLE KEYS */;
INSERT INTO `permission` VALUES (1,'Own Profile Read','own_profile_read','User can read his own data.','2021-03-14 17:41:08','2021-03-14 17:41:08'),(2,'Own Profile Write','own_profile_write','User can edit and save his own data.','2021-03-14 17:41:08','2021-03-14 17:41:08'),(3,'All Profile Read','all_profile_read','Can read all profiles data.','2021-03-14 17:41:08','2021-03-14 17:41:08'),(4,'All Profile Write','all_profile_write','Can edit and save all profiles data.','2021-03-14 17:41:08','2021-03-14 17:41:08'),(5,'Own Address Read','own_address_read','User can read his own addresses.','2021-03-14 17:41:08','2021-03-14 17:41:08'),(6,'Own Address Write','own_address_write','User can edit and save his own addresses.','2021-03-14 17:41:08','2021-03-14 17:41:08'),(7,'All Address Read','all_address_read','Can read all addresses.','2021-03-14 17:41:08','2021-03-14 17:41:08'),(8,'All Address Write','all_address_write','Can edit and save all addresses.','2021-03-14 17:41:08','2021-03-14 17:41:08'),(9,'Read Address Types','read_address_types','Can read address types.','2021-03-14 17:41:08','2021-03-14 17:41:08'),(10,'Write Address Types','write_address_types','Can edit and save address types','2021-03-14 17:41:08','2021-03-14 17:41:08'),(11,'Read Country','read_country','Can read countries','2021-03-14 17:41:08','2021-03-14 17:41:08'),(12,'Write Country','write_country','Can edit and save countries','2021-03-14 17:41:08','2021-03-14 17:41:08'),(13,'Own Location Read','own_location_read','User can read his own locations.','2021-03-14 17:41:08','2021-03-14 17:41:08'),(14,'Own Location Write','own_location_write','User can edit and save his own locations.','2021-03-14 17:41:08','2021-03-14 17:41:08'),(15,'All Location Read','all_location_read','Can read all locations.','2021-03-14 17:41:08','2021-03-14 17:41:08'),(16,'All Location Write','all_location_write','Can edit and save locations.','2021-03-14 17:41:08','2021-03-14 17:41:08'),(17,'Own Log Flight Read','own_logflight_read','User can read his own flight logs.','2021-03-14 17:41:08','2021-03-14 17:41:08'),(18,'Own Log Flight Write','own_logflight_write','User can edit and save his own flight logs.','2021-03-14 17:41:08','2021-03-14 17:41:08'),(19,'All Log Flight Read','all_logflight_read','Can read all flight logs.','2021-03-14 17:41:08','2021-03-14 17:41:08'),(20,'All Log Flight Write','all_logflight_write','Can edit and save flight logs.','2021-03-14 17:41:08','2021-03-14 17:41:08'),(21,'Own Log Part Read','own_logpart_read','User can read his own part logs.','2021-03-14 17:41:08','2021-03-14 17:41:08'),(22,'Own Log Part Write','own_logpart_write','User can edit and save his own part logs.','2021-03-14 17:41:08','2021-03-14 17:41:08'),(23,'All Log Part Read','all_logpart_read','Can read all part logs.','2021-03-14 17:41:08','2021-03-14 17:41:08'),(24,'All Log Part Write','all_logpart_write','Can edit and save part logs.','2021-03-14 17:41:08','2021-03-14 17:41:08'),(25,'Read Part Action','read_partaction','Can read part actions.','2021-03-14 17:41:08','2021-03-14 17:41:08'),(26,'Write Part Action','write_partaction','Can edit and save part actions.','2021-03-14 17:41:08','2021-03-14 17:41:08'),(27,'Own Part Read','own_part_read','User can read his own parts.','2021-03-14 17:41:08','2021-03-14 17:41:08'),(28,'Own Part Write','own_part_write','User can edit and save his own parts.','2021-03-14 17:41:08','2021-03-14 17:41:08'),(29,'All Part Read','all_part_read','Can read all parts.','2021-03-14 17:41:08','2021-03-14 17:41:08'),(30,'All part Write','all_part_write','Can edit and save parts.','2021-03-14 17:41:08','2021-03-14 17:41:08'),(31,'Read Part Type','read_parttype','Can read part types.','2021-03-14 17:41:08','2021-03-14 17:41:08'),(32,'Write Part Type','write_parttype','Can edit and save part types.','2021-03-14 17:41:08','2021-03-14 17:41:08'),(33,'Read Permission','read_permission','Can read permissions.','2021-03-14 17:41:08','2021-03-14 17:41:08'),(34,'Write Permission','write_permission','Can edit and save permissions.','2021-03-14 17:41:08','2021-03-14 17:41:08'),(35,'Own Quadcopter Read','own_quadcopter_read','User can read his own quadcopters.','2021-03-14 17:41:08','2021-03-14 17:41:08'),(36,'Own Quadcopter Write','own_quadcopter_write','User can edit and save his own quadcopters.','2021-03-14 17:41:08','2021-03-14 17:41:08'),(37,'All Quadcopter Read','all_quadcopter_read','Can read all quadcopterss.','2021-03-14 17:41:08','2021-03-14 17:41:08'),(38,'All quadcopter Write','all_quadcopter_write','Can edit and save quadcopters.','2021-03-14 17:41:08','2021-03-14 17:41:08'),(39,'Read Role','read_role','Can read roless.','2021-03-14 17:41:08','2021-03-14 17:41:08'),(40,'Write Role','write_role','Can edit and save roles.','2021-03-14 17:41:08','2021-03-14 17:41:08'),(41,'Read State','read_state','Can read states.','2021-03-14 17:41:08','2021-03-14 17:41:08'),(42,'Write State','write_state','Can edit and save states.','2021-03-14 17:41:08','2021-03-14 17:41:08'),(43,'Read User Role','read_userrole','Can read user roles.','2021-03-14 17:41:08','2021-03-14 17:41:08'),(44,'Write User Role','write_userrole','Can edit and save roles.','2021-03-14 17:41:08','2021-03-14 17:41:08');
/*!40000 ALTER TABLE `permission` ENABLE KEYS */;
UNLOCK TABLES;

--
-- Table structure for table `quadcopter`
--

DROP TABLE IF EXISTS `quadcopter`;
/*!40101 SET @saved_cs_client     = @@character_set_client */;
/*!40101 SET character_set_client = utf8 */;
CREATE TABLE `quadcopter` (
  `id` bigint(20) unsigned NOT NULL AUTO_INCREMENT,
  `user_id` bigint(20) unsigned NOT NULL,
  `name` varchar(255) NOT NULL,
  `description` text DEFAULT NULL,
  `registration` varchar(255) DEFAULT NULL,
  `created_at` timestamp NOT NULL DEFAULT current_timestamp(),
  `updated_at` timestamp NOT NULL DEFAULT current_timestamp() ON UPDATE current_timestamp(),
  `deleted_at` timestamp NULL DEFAULT NULL,
  PRIMARY KEY (`id`),
  KEY `quadcopter_user_id_foreign` (`user_id`),
  CONSTRAINT `quadcopter_user_id_foreign` FOREIGN KEY (`user_id`) REFERENCES `user` (`id`)
) ENGINE=InnoDB AUTO_INCREMENT=101 DEFAULT CHARSET=utf8mb4;
/*!40101 SET character_set_client = @saved_cs_client */;

--
-- Dumping data for table `quadcopter`
--

LOCK TABLES `quadcopter` WRITE;
/*!40000 ALTER TABLE `quadcopter` DISABLE KEYS */;
INSERT INTO `quadcopter` VALUES (1,1,'quis','magna, malesuada vel, convallis','998A0C09-0DD6-18BC-7087-6716574E506D','2021-03-14 17:41:08','2021-03-14 17:41:08',NULL),(2,2,'consequat','sapien imperdiet ornare. In faucibus. Morbi','91109893-95B2-94CF-AB56-B3DFABE0E603','2021-03-14 17:41:08','2021-03-14 17:41:08',NULL),(3,3,'metus.','sed, est. Nunc laoreet lectus','0435C106-7DDE-C89B-B815-03AE77C1A60C','2021-03-14 17:41:08','2021-03-14 17:41:08',NULL),(4,4,'sapien.','aliquet diam. Sed diam lorem, auctor quis, tristique ac, eleifend','E8651243-5676-85B8-DB1C-D1DD51E56A1C','2021-03-14 17:41:08','2021-03-14 17:41:08',NULL),(5,5,'Sed','mi lacinia mattis. Integer eu lacus. Quisque imperdiet, erat nonummy','CFDC5058-1DC4-7B4E-0D0A-76D8E70B4048','2021-03-14 17:41:08','2021-03-14 17:41:08',NULL),(6,6,'erat,','velit egestas','7FFD5D7E-489A-922E-519E-F3AF5EBA4EE8','2021-03-14 17:41:08','2021-03-14 17:41:08',NULL),(7,7,'Nunc','in lobortis tellus justo sit amet nulla.','6F616962-02DC-44BF-3708-A91873ECB7C9','2021-03-14 17:41:08','2021-03-14 17:41:08',NULL),(8,8,'fringilla','posuere vulputate, lacus. Cras','74C8D5E7-E0C1-3235-594E-6D5B716F4CC4','2021-03-14 17:41:08','2021-03-14 17:41:08',NULL),(9,9,'arcu.','euismod mauris eu elit. Nulla','04956F86-6353-2B5C-4FC5-BD12A235550C','2021-03-14 17:41:08','2021-03-14 17:41:08',NULL),(10,10,'ultrices','Nulla eu neque','89257B68-13E5-96E6-18B1-CD1406D8CA03','2021-03-14 17:41:08','2021-03-14 17:41:08',NULL),(11,11,'aliquam','vitae risus. Duis a mi fringilla mi lacinia mattis. Integer','04021264-96C4-18AA-C4EF-54178D02BBD8','2021-03-14 17:41:08','2021-03-14 17:41:08',NULL),(12,12,'neque','mollis. Duis sit amet','53A6606D-AE5F-88E2-F4F0-BD48DF888C23','2021-03-14 17:41:08','2021-03-14 17:41:08',NULL),(13,13,'a,','fames ac turpis','476035B2-8AC5-0E23-6E91-714B84C3EF6B','2021-03-14 17:41:08','2021-03-14 17:41:08',NULL),(14,14,'egestas','In condimentum. Donec at arcu. Vestibulum ante ipsum','E360838F-139D-5C14-E755-DBDE833AEBB4','2021-03-14 17:41:08','2021-03-14 17:41:08',NULL),(15,15,'accumsan','Proin eget','E4106040-716C-78F6-EE00-309CCEAF3514','2021-03-14 17:41:08','2021-03-14 17:41:08',NULL),(16,16,'mi','interdum feugiat. Sed nec metus','8A31883C-95A9-E789-36AD-CC3F5E74B7D2','2021-03-14 17:41:08','2021-03-14 17:41:08',NULL),(17,17,'ac','lobortis mauris.','F982F4A3-3E48-CD93-152C-A0A7C620FB32','2021-03-14 17:41:08','2021-03-14 17:41:08',NULL),(18,18,'ipsum','sed orci lobortis augue','EEDD596E-304A-57DB-9FB7-4EACE5C07EDB','2021-03-14 17:41:08','2021-03-14 17:41:08',NULL),(19,19,'lectus','placerat, orci lacus vestibulum','4C4B4EB3-6024-5FDD-F09C-0EF20D504A24','2021-03-14 17:41:08','2021-03-14 17:41:08',NULL),(20,20,'turpis','elit.','31678FBE-138F-0FF4-1BA9-BEEBBF42AE10','2021-03-14 17:41:08','2021-03-14 17:41:08',NULL),(21,21,'pretium','at lacus.','9B6E6439-D393-BEF6-BC22-6D6FD40EB4C0','2021-03-14 17:41:08','2021-03-14 17:41:08',NULL),(22,22,'Nunc','vel quam dignissim','FE898AFB-F12F-93AF-52C3-2DD9F5E8A9FF','2021-03-14 17:41:08','2021-03-14 17:41:08',NULL),(23,23,'arcu.','eros non enim','51E918BB-903C-4675-DEC9-E92CAFA6B5FF','2021-03-14 17:41:08','2021-03-14 17:41:08',NULL),(24,24,'eu','orci quis lectus. Nullam','E9D412DC-5BB0-ACEB-3F52-4E2DCAE393CC','2021-03-14 17:41:08','2021-03-14 17:41:08',NULL),(25,25,'sit','aliquet','D7F4DD37-C5B8-996D-3147-228B80167725','2021-03-14 17:41:08','2021-03-14 17:41:08',NULL),(26,26,'sed','Nam consequat dolor vitae dolor. Donec fringilla. Donec','3DB2BB4A-004A-ED00-D6F2-723CD3A11824','2021-03-14 17:41:08','2021-03-14 17:41:08',NULL),(27,27,'lacus.','sapien. Cras dolor','1D1AD81B-82A0-9BAE-7990-2565A773ADB9','2021-03-14 17:41:08','2021-03-14 17:41:08',NULL),(28,28,'ligula.','Curabitur consequat, lectus','C15DAB77-F1A7-2F54-9454-16A44DB11F79','2021-03-14 17:41:08','2021-03-14 17:41:08',NULL),(29,29,'ornare.','odio a purus. Duis elementum, dui quis accumsan convallis, ante','63F6442B-11EF-4233-E35D-45BF3AB67808','2021-03-14 17:41:08','2021-03-14 17:41:08',NULL),(30,30,'Quisque','nulla ante, iaculis nec,','81C925CF-2176-ED02-E2EC-C5152B6F8D78','2021-03-14 17:41:08','2021-03-14 17:41:08',NULL),(31,31,'dolor.','scelerisque neque. Nullam nisl. Maecenas malesuada','F2DAB89E-6896-9894-4E23-CDF9B474C08D','2021-03-14 17:41:08','2021-03-14 17:41:08',NULL),(32,32,'et,','fringilla purus mauris a nunc. In','4F0C3258-129D-EEB9-237B-AE587824E64B','2021-03-14 17:41:08','2021-03-14 17:41:08',NULL),(33,33,'nisi.','Praesent eu dui. Cum sociis natoque','12502516-E872-896E-035C-39C6A0644805','2021-03-14 17:41:08','2021-03-14 17:41:08',NULL),(34,34,'habitant','Vivamus molestie dapibus ligula. Aliquam','DC43E52B-E85B-A727-6762-CA6831F34988','2021-03-14 17:41:08','2021-03-14 17:41:08',NULL),(35,35,'iaculis','tincidunt vehicula','9F66BDF2-B73B-6C28-8256-A5C3EE106A71','2021-03-14 17:41:08','2021-03-14 17:41:08',NULL),(36,36,'Vivamus','enim, condimentum eget, volutpat ornare, facilisis eget, ipsum. Donec sollicitudin','8F5DA656-1A1E-C7CD-9AFD-32BEB593631C','2021-03-14 17:41:08','2021-03-14 17:41:08',NULL),(37,37,'dolor','vel pede blandit congue. In scelerisque scelerisque dui. Suspendisse','9089C2C3-BDD4-41F3-0CDF-7191DCCD0B31','2021-03-14 17:41:08','2021-03-14 17:41:08',NULL),(38,38,'neque.','In lorem. Donec elementum, lorem ut','7C0F12FC-0319-B2D5-0118-60D9CADFBE48','2021-03-14 17:41:08','2021-03-14 17:41:08',NULL),(39,39,'ut','nec','4F40E6FB-29F1-EABF-F84D-1B5949556036','2021-03-14 17:41:08','2021-03-14 17:41:08',NULL),(40,40,'Cum','Mauris eu turpis. Nulla aliquet. Proin','02589A3E-3654-4819-F0BE-E61758567832','2021-03-14 17:41:08','2021-03-14 17:41:08',NULL),(41,41,'dapibus','Duis risus odio, auctor','5A916588-5CB3-71D7-39BE-0EA89B3B26C8','2021-03-14 17:41:08','2021-03-14 17:41:08',NULL),(42,42,'sit','pede','61F5A638-52CB-BDB8-23F3-431D16B19EC5','2021-03-14 17:41:08','2021-03-14 17:41:08',NULL),(43,43,'amet','Phasellus vitae mauris sit amet','D8903D27-8D68-5F7D-A808-D428D4E0ADA4','2021-03-14 17:41:08','2021-03-14 17:41:08',NULL),(44,44,'lectus','tellus, imperdiet non, vestibulum nec, euismod in, dolor.','BDAE8609-FD90-0E8F-227F-8E81C18C4E97','2021-03-14 17:41:08','2021-03-14 17:41:08',NULL),(45,45,'nec','consequat enim diam vel arcu. Curabitur ut odio','4F6B34D7-69E4-7C07-C8F4-799A2390D38A','2021-03-14 17:41:08','2021-03-14 17:41:08',NULL),(46,46,'lorem,','dolor sit amet, consectetuer','7D5321D5-0046-59C1-A581-8A1C62F22B31','2021-03-14 17:41:08','2021-03-14 17:41:08',NULL),(47,47,'lacus.','ornare, lectus ante dictum mi, ac mattis','9DC75B0F-5E6F-CD34-00E5-91927459884B','2021-03-14 17:41:08','2021-03-14 17:41:08',NULL),(48,48,'faucibus.','ac mattis semper, dui lectus rutrum urna, nec','5D038D9E-6123-69AD-D9A8-D70A5EEB6D38','2021-03-14 17:41:08','2021-03-14 17:41:08',NULL),(49,49,'magna','nulla. Cras eu','594BCBC5-8975-118D-3D06-7089C0AF63B9','2021-03-14 17:41:08','2021-03-14 17:41:08',NULL),(50,50,'semper','Donec felis orci, adipiscing non, luctus sit','F52FAC6E-9411-DE65-2B9B-5525C1CA2F92','2021-03-14 17:41:08','2021-03-14 17:41:08',NULL),(51,51,'mollis.','vitae, aliquet nec, imperdiet nec, leo. Morbi neque tellus, imperdiet','B8A78630-412B-66B5-3544-226F19AB22BC','2021-03-14 17:41:08','2021-03-14 17:41:08',NULL),(52,52,'lorem','Aliquam auctor, velit eget laoreet','929E6284-FE08-0F44-6955-120192C4706E','2021-03-14 17:41:08','2021-03-14 17:41:08',NULL),(53,53,'lacus.','parturient montes, nascetur ridiculus mus. Donec dignissim magna','40DBD713-F1B6-5769-A064-954E86148DD6','2021-03-14 17:41:08','2021-03-14 17:41:08',NULL),(54,54,'nulla','vestibulum nec, euismod in, dolor. Fusce feugiat. Lorem ipsum dolor','75E1B769-6B6A-058A-0F9A-1798A9395EA9','2021-03-14 17:41:08','2021-03-14 17:41:08',NULL),(55,55,'ultrices','arcu. Aliquam ultrices iaculis odio. Nam interdum enim non','966924FA-20F2-43EA-F70B-8A79B1244D79','2021-03-14 17:41:08','2021-03-14 17:41:08',NULL),(56,56,'nec','sit amet diam eu dolor egestas rhoncus. Proin','08CCFBA9-9E99-CB1C-0A61-9C232478656C','2021-03-14 17:41:08','2021-03-14 17:41:08',NULL),(57,57,'hendrerit','nec mauris blandit mattis. Cras eget nisi dictum augue malesuada','B0710834-8ABB-B379-D617-979603DF7C30','2021-03-14 17:41:08','2021-03-14 17:41:08',NULL),(58,58,'convallis','cursus. Integer mollis. Integer tincidunt aliquam','FB4ABF36-24E7-1ED7-A5B4-DD5497F1CBAF','2021-03-14 17:41:08','2021-03-14 17:41:08',NULL),(59,59,'condimentum','blandit congue. In scelerisque scelerisque dui. Suspendisse ac metus','6DCA2DBF-D887-7C61-1912-A22C4D55E5A5','2021-03-14 17:41:08','2021-03-14 17:41:08',NULL),(60,60,'mattis.','ultrices posuere cubilia Curae; Phasellus ornare.','EFAFDCAF-B09B-74BA-1E40-5C3424CAE7A7','2021-03-14 17:41:08','2021-03-14 17:41:08',NULL),(61,61,'lectus','sollicitudin orci','4EDC4FFD-CB2C-EFA2-945C-2C38F9B1434A','2021-03-14 17:41:08','2021-03-14 17:41:08',NULL),(62,62,'Maecenas','eu','FEAB690B-2EE5-4F8F-C15A-0714E584AF1B','2021-03-14 17:41:08','2021-03-14 17:41:08',NULL),(63,63,'sit','non','AD716A87-5DD6-7245-24FD-945F9CDCB6B3','2021-03-14 17:41:08','2021-03-14 17:41:08',NULL),(64,64,'dapibus','vitae, posuere at, velit. Cras lorem lorem,','261AC48F-E352-D769-93A8-783A1A5835F1','2021-03-14 17:41:08','2021-03-14 17:41:08',NULL),(65,65,'eget','montes, nascetur ridiculus mus. Donec','05A9796C-A24A-0358-D3C2-C73CC46BF71E','2021-03-14 17:41:08','2021-03-14 17:41:08',NULL),(66,66,'Fusce','Etiam ligula tortor, dictum eu, placerat eget, venenatis a,','FC3BD401-A722-7558-E47E-D76D8EE1B792','2021-03-14 17:41:08','2021-03-14 17:41:08',NULL),(67,67,'cursus','augue id ante dictum cursus. Nunc mauris elit, dictum eu,','AE4EB2E2-569A-FD93-CDA0-CDBAE441BD2C','2021-03-14 17:41:08','2021-03-14 17:41:08',NULL),(68,68,'Mauris','sem eget massa. Suspendisse eleifend. Cras sed leo. Cras vehicula','56D90DE8-EE94-D3B1-2A21-D2888141B50B','2021-03-14 17:41:08','2021-03-14 17:41:08',NULL),(69,69,'Aliquam','nulla. Donec non justo. Proin','7E2F34EE-B5AE-6B20-D533-1B5DAD0FC518','2021-03-14 17:41:08','2021-03-14 17:41:08',NULL),(70,70,'egestas.','Cras dictum ultricies ligula. Nullam enim. Sed nulla ante, iaculis','D2AF001D-BC17-CCFA-D4EE-019E66DEE052','2021-03-14 17:41:08','2021-03-14 17:41:08',NULL),(71,71,'tempor','lobortis risus. In mi pede, nonummy ut, molestie in,','00DC5B9E-DA28-4724-76A6-698734FAD22C','2021-03-14 17:41:08','2021-03-14 17:41:08',NULL),(72,72,'diam.','tempus non, lacinia at, iaculis quis, pede. Praesent','1E8DD5DD-8984-AF09-C1FB-9320E2C53C97','2021-03-14 17:41:08','2021-03-14 17:41:08',NULL),(73,73,'tincidunt,','penatibus et magnis','E80A9B2C-B510-DD9F-A42E-126E49EE9CA4','2021-03-14 17:41:08','2021-03-14 17:41:08',NULL),(74,74,'mauris','sagittis. Duis gravida. Praesent','4EF92124-67C7-242C-BBB8-928CAFC14B70','2021-03-14 17:41:08','2021-03-14 17:41:08',NULL),(75,75,'nonummy','lacus.','D7FDF75D-CABB-6815-9D20-56F472FAAA1C','2021-03-14 17:41:08','2021-03-14 17:41:08',NULL),(76,76,'Nunc','dictum eleifend, nunc risus varius orci,','C6A2BC39-7AD5-7131-4CA3-613CF1F3D6B4','2021-03-14 17:41:08','2021-03-14 17:41:08',NULL),(77,77,'enim.','risus. Nulla eget metus eu','D930E320-78F0-8862-C13D-DB65E88EC817','2021-03-14 17:41:08','2021-03-14 17:41:08',NULL),(78,78,'eu,','Donec','1E4F2B53-0B96-622C-FB30-6EE44C25D102','2021-03-14 17:41:08','2021-03-14 17:41:08',NULL),(79,79,'orci','felis purus ac tellus. Suspendisse sed dolor. Fusce mi lorem,','309DB54B-892A-2014-B584-BAD8A8136CCA','2021-03-14 17:41:08','2021-03-14 17:41:08',NULL),(80,66,'elit.','elit fermentum risus, at fringilla purus mauris a','884F257B-F7E5-B280-6824-CCA1F91CDABC','2021-03-14 17:41:08','2021-03-14 17:41:08',NULL),(81,24,'est','mi tempor lorem, eget mollis','360AA363-1546-C809-6ECB-A105164A9DE0','2021-03-14 17:41:08','2021-03-14 17:41:08',NULL),(82,24,'ipsum','convallis est,','4F47E5B4-5AC6-5682-93B8-5C97D8480446','2021-03-14 17:41:08','2021-03-14 17:41:08',NULL),(83,53,'faucibus','sit amet luctus','571D83AA-6533-025B-7C70-8079B96A3DFB','2021-03-14 17:41:08','2021-03-14 17:41:08',NULL),(84,63,'dictum','est arcu ac orci. Ut semper pretium','644C1B03-444F-7E85-7A9A-CCB247132FA5','2021-03-14 17:41:08','2021-03-14 17:41:08',NULL),(85,58,'Nullam','libero est, congue a, aliquet','1475CD2B-043C-E1B3-A568-DBB2DA15B63D','2021-03-14 17:41:08','2021-03-14 17:41:08',NULL),(86,48,'pretium','turpis. Aliquam adipiscing lobortis risus. In mi pede, nonummy','F4B2460F-87D6-399A-EAF6-A9C0EBCE976D','2021-03-14 17:41:08','2021-03-14 17:41:08',NULL),(87,66,'Aliquam','scelerisque neque. Nullam nisl. Maecenas malesuada','3FEC7426-7FE1-4441-51C0-7AD74BC16C9E','2021-03-14 17:41:08','2021-03-14 17:41:08',NULL),(88,9,'vulputate,','luctus. Curabitur egestas nunc sed','FB99DC58-076A-A435-1C81-5B691E7709E8','2021-03-14 17:41:08','2021-03-14 17:41:08',NULL),(89,13,'Sed','Aenean','95BFAB6D-9BE1-6F97-BE36-E9AE91C7EF2B','2021-03-14 17:41:08','2021-03-14 17:41:08',NULL),(90,17,'id','sit amet ante.','D33BF81A-E924-3EAE-2106-CE5E09CA6557','2021-03-14 17:41:08','2021-03-14 17:41:08',NULL),(91,32,'mauris','dolor sit','4DA2E42B-720C-BD95-EA13-39E3A1494762','2021-03-14 17:41:08','2021-03-14 17:41:08',NULL),(92,10,'Mauris','Suspendisse dui. Fusce diam','5968DB8D-884C-16CA-F839-067F9A97756A','2021-03-14 17:41:08','2021-03-14 17:41:08',NULL),(93,75,'justo.','vulputate, lacus. Cras interdum. Nunc','E7B2C6E1-FD87-CDF7-F556-FF45E3EF3537','2021-03-14 17:41:08','2021-03-14 17:41:08',NULL),(94,42,'est.','semper auctor. Mauris vel turpis. Aliquam','4CBE7465-8187-80E4-2767-C5A6831CBC1E','2021-03-14 17:41:08','2021-03-14 17:41:08',NULL),(95,5,'lorem,','dolor, nonummy','CDC43E07-60FC-FFB2-A4AB-0894E799EF72','2021-03-14 17:41:08','2021-03-14 17:41:08',NULL),(96,51,'a,','Duis cursus, diam','453D2872-198D-E685-7BA8-9A33C27F8BA1','2021-03-14 17:41:08','2021-03-14 17:41:08',NULL),(97,10,'non,','laoreet posuere, enim nisl elementum purus, accumsan interdum','8EA65596-F516-7BFC-DBF4-E72F38783D7C','2021-03-14 17:41:08','2021-03-14 17:41:08',NULL),(98,71,'varius','ornare, elit elit fermentum risus, at fringilla purus mauris','EF491BFA-D9E3-9829-EFB5-10C5FFD95258','2021-03-14 17:41:08','2021-03-14 17:41:08',NULL),(99,60,'consequat','eget odio. Aliquam vulputate ullamcorper','0EAAD4BF-C08E-48A0-A2AB-1BEF33047DF9','2021-03-14 17:41:08','2021-03-14 17:41:08',NULL),(100,19,'Cras','diam. Pellentesque habitant','D9393AB6-5353-8013-C2B6-2D7298DCE4A8','2021-03-14 17:41:08','2021-03-14 17:41:08',NULL);
/*!40000 ALTER TABLE `quadcopter` ENABLE KEYS */;
UNLOCK TABLES;

--
-- Table structure for table `role`
--

DROP TABLE IF EXISTS `role`;
/*!40101 SET @saved_cs_client     = @@character_set_client */;
/*!40101 SET character_set_client = utf8 */;
CREATE TABLE `role` (
  `id` bigint(20) unsigned NOT NULL AUTO_INCREMENT,
  `name` varchar(255) NOT NULL,
  `code` varchar(255) NOT NULL,
  `description` text DEFAULT NULL,
  `created_at` timestamp NOT NULL DEFAULT current_timestamp(),
  `updated_at` timestamp NOT NULL DEFAULT current_timestamp() ON UPDATE current_timestamp(),
  PRIMARY KEY (`id`),
  UNIQUE KEY `role_code_unique` (`code`)
) ENGINE=InnoDB AUTO_INCREMENT=6 DEFAULT CHARSET=utf8mb4;
/*!40101 SET character_set_client = @saved_cs_client */;

--
-- Dumping data for table `role`
--

LOCK TABLES `role` WRITE;
/*!40000 ALTER TABLE `role` DISABLE KEYS */;
INSERT INTO `role` VALUES (1,'Super Admin','supadmin','Have access to everything. With great powers comes great responsibilities','2021-03-14 17:41:08','2021-03-14 17:41:08'),(2,'Admin','admin','Administer all the system.','2021-03-14 17:41:08','2021-03-14 17:41:08'),(3,'Pilot','pilot','Normal User','2021-03-14 17:41:08','2021-03-14 17:41:08'),(4,'Authority','authority','Access given to an authority to view a pilot log.','2021-03-14 17:41:08','2021-03-14 17:41:08'),(5,'Other','other','Use for other purposes. Not meant for any specific usage.','2021-03-14 17:41:08','2021-03-14 17:41:08');
/*!40000 ALTER TABLE `role` ENABLE KEYS */;
UNLOCK TABLES;

--
-- Table structure for table `roles_permissions`
--

DROP TABLE IF EXISTS `roles_permissions`;
/*!40101 SET @saved_cs_client     = @@character_set_client */;
/*!40101 SET character_set_client = utf8 */;
CREATE TABLE `roles_permissions` (
  `role_id` bigint(20) unsigned NOT NULL,
  `permission_id` bigint(20) unsigned NOT NULL,
  `created_at` timestamp NOT NULL DEFAULT current_timestamp(),
  `updated_at` timestamp NOT NULL DEFAULT current_timestamp() ON UPDATE current_timestamp(),
  PRIMARY KEY (`role_id`,`permission_id`),
  KEY `roles_permissions_permission_id_foreign` (`permission_id`),
  CONSTRAINT `roles_permissions_permission_id_foreign` FOREIGN KEY (`permission_id`) REFERENCES `permission` (`id`),
  CONSTRAINT `roles_permissions_role_id_foreign` FOREIGN KEY (`role_id`) REFERENCES `role` (`id`)
) ENGINE=InnoDB DEFAULT CHARSET=utf8mb4;
/*!40101 SET character_set_client = @saved_cs_client */;

--
-- Dumping data for table `roles_permissions`
--

LOCK TABLES `roles_permissions` WRITE;
/*!40000 ALTER TABLE `roles_permissions` DISABLE KEYS */;
INSERT INTO `roles_permissions` VALUES (1,3,'2021-03-14 17:41:10','2021-03-14 17:41:10'),(1,4,'2021-03-14 17:41:10','2021-03-14 17:41:10'),(1,7,'2021-03-14 17:41:10','2021-03-14 17:41:10'),(1,8,'2021-03-14 17:41:10','2021-03-14 17:41:10'),(1,9,'2021-03-14 17:41:10','2021-03-14 17:41:10'),(1,10,'2021-03-14 17:41:10','2021-03-14 17:41:10'),(1,11,'2021-03-14 17:41:10','2021-03-14 17:41:10'),(1,12,'2021-03-14 17:41:10','2021-03-14 17:41:10'),(1,15,'2021-03-14 17:41:10','2021-03-14 17:41:10'),(1,16,'2021-03-14 17:41:10','2021-03-14 17:41:10'),(1,19,'2021-03-14 17:41:10','2021-03-14 17:41:10'),(1,20,'2021-03-14 17:41:10','2021-03-14 17:41:10'),(1,23,'2021-03-14 17:41:10','2021-03-14 17:41:10'),(1,24,'2021-03-14 17:41:10','2021-03-14 17:41:10'),(1,25,'2021-03-14 17:41:10','2021-03-14 17:41:10'),(1,26,'2021-03-14 17:41:10','2021-03-14 17:41:10'),(1,29,'2021-03-14 17:41:10','2021-03-14 17:41:10'),(1,30,'2021-03-14 17:41:10','2021-03-14 17:41:10'),(1,31,'2021-03-14 17:41:10','2021-03-14 17:41:10'),(1,32,'2021-03-14 17:41:10','2021-03-14 17:41:10'),(1,33,'2021-03-14 17:41:10','2021-03-14 17:41:10'),(1,34,'2021-03-14 17:41:10','2021-03-14 17:41:10'),(1,37,'2021-03-14 17:41:10','2021-03-14 17:41:10'),(1,38,'2021-03-14 17:41:10','2021-03-14 17:41:10'),(1,39,'2021-03-14 17:41:10','2021-03-14 17:41:10'),(1,40,'2021-03-14 17:41:10','2021-03-14 17:41:10'),(1,41,'2021-03-14 17:41:10','2021-03-14 17:41:10'),(1,42,'2021-03-14 17:41:10','2021-03-14 17:41:10'),(1,43,'2021-03-14 17:41:10','2021-03-14 17:41:10'),(1,44,'2021-03-14 17:41:10','2021-03-14 17:41:10'),(2,3,'2021-03-14 17:41:10','2021-03-14 17:41:10'),(2,4,'2021-03-14 17:41:10','2021-03-14 17:41:10'),(2,7,'2021-03-14 17:41:10','2021-03-14 17:41:10'),(2,8,'2021-03-14 17:41:10','2021-03-14 17:41:10'),(2,9,'2021-03-14 17:41:10','2021-03-14 17:41:10'),(2,10,'2021-03-14 17:41:10','2021-03-14 17:41:10'),(2,11,'2021-03-14 17:41:10','2021-03-14 17:41:10'),(2,12,'2021-03-14 17:41:10','2021-03-14 17:41:10'),(2,15,'2021-03-14 17:41:10','2021-03-14 17:41:10'),(2,16,'2021-03-14 17:41:10','2021-03-14 17:41:10'),(2,19,'2021-03-14 17:41:10','2021-03-14 17:41:10'),(2,20,'2021-03-14 17:41:10','2021-03-14 17:41:10'),(2,23,'2021-03-14 17:41:10','2021-03-14 17:41:10'),(2,24,'2021-03-14 17:41:10','2021-03-14 17:41:10'),(2,25,'2021-03-14 17:41:10','2021-03-14 17:41:10'),(2,26,'2021-03-14 17:41:10','2021-03-14 17:41:10'),(2,29,'2021-03-14 17:41:10','2021-03-14 17:41:10'),(2,30,'2021-03-14 17:41:10','2021-03-14 17:41:10'),(2,31,'2021-03-14 17:41:10','2021-03-14 17:41:10'),(2,32,'2021-03-14 17:41:10','2021-03-14 17:41:10'),(2,33,'2021-03-14 17:41:10','2021-03-14 17:41:10'),(2,34,'2021-03-14 17:41:10','2021-03-14 17:41:10'),(2,37,'2021-03-14 17:41:10','2021-03-14 17:41:10'),(2,38,'2021-03-14 17:41:10','2021-03-14 17:41:10'),(2,39,'2021-03-14 17:41:10','2021-03-14 17:41:10'),(2,40,'2021-03-14 17:41:10','2021-03-14 17:41:10'),(2,41,'2021-03-14 17:41:10','2021-03-14 17:41:10'),(2,42,'2021-03-14 17:41:10','2021-03-14 17:41:10'),(2,43,'2021-03-14 17:41:10','2021-03-14 17:41:10'),(2,44,'2021-03-14 17:41:10','2021-03-14 17:41:10'),(3,1,'2021-03-14 17:41:10','2021-03-14 17:41:10'),(3,2,'2021-03-14 17:41:10','2021-03-14 17:41:10'),(3,5,'2021-03-14 17:41:10','2021-03-14 17:41:10'),(3,6,'2021-03-14 17:41:10','2021-03-14 17:41:10'),(3,9,'2021-03-14 17:41:10','2021-03-14 17:41:10'),(3,11,'2021-03-14 17:41:10','2021-03-14 17:41:10'),(3,13,'2021-03-14 17:41:10','2021-03-14 17:41:10'),(3,14,'2021-03-14 17:41:10','2021-03-14 17:41:10'),(3,17,'2021-03-14 17:41:10','2021-03-14 17:41:10'),(3,18,'2021-03-14 17:41:10','2021-03-14 17:41:10'),(3,21,'2021-03-14 17:41:10','2021-03-14 17:41:10'),(3,22,'2021-03-14 17:41:10','2021-03-14 17:41:10'),(3,25,'2021-03-14 17:41:10','2021-03-14 17:41:10'),(3,27,'2021-03-14 17:41:10','2021-03-14 17:41:10'),(3,28,'2021-03-14 17:41:10','2021-03-14 17:41:10'),(3,31,'2021-03-14 17:41:10','2021-03-14 17:41:10'),(3,35,'2021-03-14 17:41:10','2021-03-14 17:41:10'),(3,36,'2021-03-14 17:41:10','2021-03-14 17:41:10'),(3,41,'2021-03-14 17:41:10','2021-03-14 17:41:10'),(4,19,'2021-03-14 17:41:10','2021-03-14 17:41:10'),(4,23,'2021-03-14 17:41:10','2021-03-14 17:41:10'),(4,37,'2021-03-14 17:41:10','2021-03-14 17:41:10'),(5,1,'2021-03-14 17:41:10','2021-03-14 17:41:10'),(5,2,'2021-03-14 17:41:10','2021-03-14 17:41:10'),(5,5,'2021-03-14 17:41:10','2021-03-14 17:41:10'),(5,6,'2021-03-14 17:41:10','2021-03-14 17:41:10'),(5,9,'2021-03-14 17:41:10','2021-03-14 17:41:10'),(5,11,'2021-03-14 17:41:10','2021-03-14 17:41:10'),(5,41,'2021-03-14 17:41:10','2021-03-14 17:41:10');
/*!40000 ALTER TABLE `roles_permissions` ENABLE KEYS */;
UNLOCK TABLES;

--
-- Table structure for table `state`
--

DROP TABLE IF EXISTS `state`;
/*!40101 SET @saved_cs_client     = @@character_set_client */;
/*!40101 SET character_set_client = utf8 */;
CREATE TABLE `state` (
  `id` bigint(20) unsigned NOT NULL AUTO_INCREMENT,
  `name` varchar(255) NOT NULL,
  `code` varchar(255) NOT NULL,
  `country_id` bigint(20) unsigned DEFAULT NULL,
  `created_at` timestamp NOT NULL DEFAULT current_timestamp(),
  `updated_at` timestamp NOT NULL DEFAULT current_timestamp() ON UPDATE current_timestamp(),
  PRIMARY KEY (`id`),
  UNIQUE KEY `state_code_unique` (`code`),
  KEY `state_country_id_foreign` (`country_id`),
  CONSTRAINT `state_country_id_foreign` FOREIGN KEY (`country_id`) REFERENCES `country` (`id`)
) ENGINE=InnoDB AUTO_INCREMENT=83 DEFAULT CHARSET=utf8mb4;
/*!40101 SET character_set_client = @saved_cs_client */;

--
-- Dumping data for table `state`
--

LOCK TABLES `state` WRITE;
/*!40000 ALTER TABLE `state` DISABLE KEYS */;
INSERT INTO `state` VALUES (1,'Vlaams-Brabant','Ada',1,'2021-03-14 17:41:08','2021-03-14 17:41:08'),(2,'Minas Gerais','YO',2,'2021-03-14 17:41:08','2021-03-14 17:41:08'),(3,'Gujarat','AB',3,'2021-03-14 17:41:08','2021-03-14 17:41:08'),(4,'South Gyeongsang','C',4,'2021-03-14 17:41:08','2021-03-14 17:41:08'),(5,'Rio de Janeiro','SK',5,'2021-03-14 17:41:08','2021-03-14 17:41:08'),(6,'Västra Götalands län','U',6,'2021-03-14 17:41:08','2021-03-14 17:41:08'),(7,'Vienna','WI',7,'2021-03-14 17:41:08','2021-03-14 17:41:08'),(8,'Valparaíso','MAR',8,'2021-03-14 17:41:08','2021-03-14 17:41:08'),(9,'Bretagne','Wie',9,'2021-03-14 17:41:08','2021-03-14 17:41:08'),(10,'łódzkie','Ist',10,'2021-03-14 17:41:08','2021-03-14 17:41:08'),(11,'North Island','KN',11,'2021-03-14 17:41:08','2021-03-14 17:41:08'),(12,'Niedersachsen','Oax',12,'2021-03-14 17:41:08','2021-03-14 17:41:08'),(13,'Araucanía','MP',13,'2021-03-14 17:41:08','2021-03-14 17:41:08'),(14,'Alberta','PR',14,'2021-03-14 17:41:08','2021-03-14 17:41:08'),(15,'Cajamarca','WP',15,'2021-03-14 17:41:08','2021-03-14 17:41:08'),(16,'Antalya','PA',16,'2021-03-14 17:41:08','2021-03-14 17:41:08'),(17,'Gaziantep','NI',17,'2021-03-14 17:41:08','2021-03-14 17:41:08'),(18,'São Paulo','JT',18,'2021-03-14 17:41:08','2021-03-14 17:41:08'),(19,'Alajuela','SU',19,'2021-03-14 17:41:08','2021-03-14 17:41:08'),(20,'South Sulawesi','VIC',20,'2021-03-14 17:41:08','2021-03-14 17:41:08'),(21,'FATA','BOL',21,'2021-03-14 17:41:08','2021-03-14 17:41:08'),(22,'Västra Götalands län','NS',22,'2021-03-14 17:41:08','2021-03-14 17:41:08'),(23,'Östergötlands län','ERM',23,'2021-03-14 17:41:08','2021-03-14 17:41:08'),(24,'Luik','KY',24,'2021-03-14 17:41:08','2021-03-14 17:41:08'),(25,'Bolívar','H',25,'2021-03-14 17:41:08','2021-03-14 17:41:08'),(26,'Madrid','SP',26,'2021-03-14 17:41:08','2021-03-14 17:41:08'),(27,'Queensland','DB',27,'2021-03-14 17:41:08','2021-03-14 17:41:08'),(28,'Berlin','PU',28,'2021-03-14 17:41:08','2021-03-14 17:41:08'),(29,'Magallanes y Antártica Chilena','PI',29,'2021-03-14 17:41:08','2021-03-14 17:41:08'),(30,'Coquimbo','Gye',30,'2021-03-14 17:41:08','2021-03-14 17:41:08'),(31,'Orenburg Oblast','NL',31,'2021-03-14 17:41:08','2021-03-14 17:41:08'),(32,'Florida','L',32,'2021-03-14 17:41:08','2021-03-14 17:41:08'),(33,'New South Wales','KPK',33,'2021-03-14 17:41:08','2021-03-14 17:41:08'),(34,'Aquitaine','İzm',34,'2021-03-14 17:41:08','2021-03-14 17:41:08'),(35,'Metropolitana de Santiago','Chi',35,'2021-03-14 17:41:08','2021-03-14 17:41:08'),(36,'Delta','PK',36,'2021-03-14 17:41:08','2021-03-14 17:41:08'),(37,'North Island','VB',37,'2021-03-14 17:41:08','2021-03-14 17:41:08'),(38,'Minas Gerais','MB',38,'2021-03-14 17:41:08','2021-03-14 17:41:08'),(39,'Alsace','LA',39,'2021-03-14 17:41:08','2021-03-14 17:41:08'),(40,'Lima','SI',40,'2021-03-14 17:41:08','2021-03-14 17:41:08'),(41,'Antioquia','SC',41,'2021-03-14 17:41:08','2021-03-14 17:41:08'),(42,'Andalucía','N.',42,'2021-03-14 17:41:08','2021-03-14 17:41:08'),(43,'Leinster','Ank',43,'2021-03-14 17:41:08','2021-03-14 17:41:08'),(44,'Małopolskie','CE',44,'2021-03-14 17:41:08','2021-03-14 17:41:08'),(45,'West-Vlaanderen','Hgo',45,'2021-03-14 17:41:08','2021-03-14 17:41:08'),(46,'Vienna','LX',46,'2021-03-14 17:41:08','2021-03-14 17:41:08'),(47,'Uttar Pradesh','O',47,'2021-03-14 17:41:08','2021-03-14 17:41:08'),(48,'Noord Holland','ML',48,'2021-03-14 17:41:08','2021-03-14 17:41:08'),(49,'Uttar Pradesh','SJ',49,'2021-03-14 17:41:08','2021-03-14 17:41:08'),(50,'Karnataka','U.',50,'2021-03-14 17:41:08','2021-03-14 17:41:08'),(51,'Antioquia','NSW',51,'2021-03-14 17:41:08','2021-03-14 17:41:08'),(52,'Gelderland','JI',52,'2021-03-14 17:41:08','2021-03-14 17:41:08'),(53,'Vienna','AL',53,'2021-03-14 17:41:08','2021-03-14 17:41:08'),(54,'Delhi','PIU',54,'2021-03-14 17:41:08','2021-03-14 17:41:08'),(55,'Noord Holland','KEM',55,'2021-03-14 17:41:08','2021-03-14 17:41:08'),(56,'Mazowieckie','A',56,'2021-03-14 17:41:08','2021-03-14 17:41:08'),(57,'Heredia','JB',57,'2021-03-14 17:41:08','2021-03-14 17:41:08'),(58,'Metropolitana de Santiago','KP',58,'2021-03-14 17:41:08','2021-03-14 17:41:08'),(59,'Dolnośląskie','ACT',59,'2021-03-14 17:41:08','2021-03-14 17:41:08'),(60,'Luik','Gto',60,'2021-03-14 17:41:08','2021-03-14 17:41:08'),(61,'Hamburg','RJ',61,'2021-03-14 17:41:08','2021-03-14 17:41:08'),(62,'Cauca','CO',62,'2021-03-14 17:41:08','2021-03-14 17:41:08'),(63,'Ankara','PV',63,'2021-03-14 17:41:08','2021-03-14 17:41:08'),(64,'Limousin','LAZ',64,'2021-03-14 17:41:08','2021-03-14 17:41:08'),(65,'Central Java','AK',65,'2021-03-14 17:41:08','2021-03-14 17:41:08'),(66,'Comunitat Valenciana','MA',66,'2021-03-14 17:41:08','2021-03-14 17:41:08'),(67,'North Island','QLD',67,'2021-03-14 17:41:08','2021-03-14 17:41:08'),(68,'São Paulo','TAA',68,'2021-03-14 17:41:08','2021-03-14 17:41:08'),(69,'Khyber Pakhtoonkhwa','KOS',69,'2021-03-14 17:41:08','2021-03-14 17:41:08'),(70,'Vienna','E',70,'2021-03-14 17:41:08','2021-03-14 17:41:08'),(71,'Noord Holland','CM',71,'2021-03-14 17:41:08','2021-03-14 17:41:08'),(72,'Sląskie','ANT',72,'2021-03-14 17:41:08','2021-03-14 17:41:08'),(73,'Piura','SA',73,'2021-03-14 17:41:08','2021-03-14 17:41:08'),(74,'Noord Brabant','BC',74,'2021-03-14 17:41:08','2021-03-14 17:41:08'),(75,'Valparaíso','NVS',42,'2021-03-14 17:41:08','2021-03-14 17:41:08'),(76,'Guanajuato','Şan',30,'2021-03-14 17:41:08','2021-03-14 17:41:08'),(77,'West Java','IA',21,'2021-03-14 17:41:08','2021-03-14 17:41:08'),(78,'North Island','SH',58,'2021-03-14 17:41:08','2021-03-14 17:41:08'),(79,'Cartago','LIM',41,'2021-03-14 17:41:08','2021-03-14 17:41:08'),(80,'Yaroslavl Oblast','CL',51,'2021-03-14 17:41:08','2021-03-14 17:41:08'),(81,'North Island','GJ',13,'2021-03-14 17:41:08','2021-03-14 17:41:08'),(82,'Lampung','HH',62,'2021-03-14 17:41:08','2021-03-14 17:41:08');
/*!40000 ALTER TABLE `state` ENABLE KEYS */;
UNLOCK TABLES;

--
-- Table structure for table `user`
--

DROP TABLE IF EXISTS `user`;
/*!40101 SET @saved_cs_client     = @@character_set_client */;
/*!40101 SET character_set_client = utf8 */;
CREATE TABLE `user` (
  `id` bigint(20) unsigned NOT NULL AUTO_INCREMENT,
  `firstname` varchar(255) NOT NULL,
  `lastname` varchar(255) NOT NULL,
  `username` varchar(255) NOT NULL,
  `password` varchar(255) NOT NULL,
  `is_active` tinyint(1) NOT NULL,
  `created_at` timestamp NOT NULL DEFAULT current_timestamp(),
  `updated_at` timestamp NOT NULL DEFAULT current_timestamp() ON UPDATE current_timestamp(),
  `deleted_at` timestamp NULL DEFAULT NULL,
  PRIMARY KEY (`id`),
  UNIQUE KEY `user_username_unique` (`username`)
) ENGINE=InnoDB AUTO_INCREMENT=80 DEFAULT CHARSET=utf8mb4;
/*!40101 SET character_set_client = @saved_cs_client */;

--
-- Dumping data for table `user`
--

LOCK TABLES `user` WRITE;
/*!40000 ALTER TABLE `user` DISABLE KEYS */;
INSERT INTO `user` VALUES (1,'Gareth','Love','Maecenas','$2y$10$FwgrTl5t.uRH79zYbPhYue6K1p9lafhAqv.dw9p8IEOy663VbTSwa',1,'2021-03-14 17:41:08','2021-03-14 17:41:08',NULL),(2,'Abel','Mclaughlin','lectus,','$2y$10$3zmp973D39XAaVz4C9aPve.BLOOD8FAkX3CCmeej3twlJUKdzNVMO',0,'2021-03-14 17:41:08','2021-03-14 17:41:08',NULL),(3,'Florence','Estrada','est,','$2y$10$UNmyDjHyKYSuneWE0Vp3VOOzRYW.Yl4axO1gO5nx2WftrSGO1/zOG',1,'2021-03-14 17:41:08','2021-03-14 17:41:08',NULL),(4,'Sloane','Mullins','libero','$2y$10$W14Jgw9RdkJ6n6eVGSmLpe5lnv6jG8J98aYWjEQwRGsFnGlPBfw4y',0,'2021-03-14 17:41:08','2021-03-14 17:41:08',NULL),(5,'Derek','Baldwin','mollis','$2y$10$1VqyIeEUXEktq9PaRz.esu1Oxk.eK4LtIJwu1hXuGXHy4jS3Uqrl6',1,'2021-03-14 17:41:08','2021-03-14 17:41:08',NULL),(6,'Quinlan','Woodward','at','$2y$10$Zt4vtUFocrKU1lCU3RV4JuhWFhhfspmgrAQPVkqdr5qQaIa2IkEZC',1,'2021-03-14 17:41:08','2021-03-14 17:41:08',NULL),(7,'Chava','Kidd','dictum','$2y$10$3H0hEfy8Fkxy8E/Lk9qJgOdhe6Gr5/qftZPhkJ7WDf9q1jgSz3QBC',0,'2021-03-14 17:41:08','2021-03-14 17:41:08',NULL),(8,'Tamara','Salinas','et','$2y$10$17HIgMsznOe1rG/wjHRLwuSG.G6.v2yK0EZYnrcwo6/AkrhtBauOa',0,'2021-03-14 17:41:08','2021-03-14 17:41:08',NULL),(9,'Sandra','Pace','aliquam,','$2y$10$Jd/pUjujUK4C/8zDA96Sq.AvxoOLhTO3q6Mewijo5kGFr9kq5dzMO',0,'2021-03-14 17:41:08','2021-03-14 17:41:08',NULL),(10,'Jasper','Mcleod','odio.','$2y$10$OtT5FkHjPQbYyxX6gFa7ROax.cy6sKwp.yecVk/rtDhX68rFaH50G',0,'2021-03-14 17:41:08','2021-03-14 17:41:08',NULL),(11,'Paloma','Vargas','egestas','$2y$10$4EKSZRxEU2YShaN56c3qAuGVy5xa/o1Cwj2X.tUL7Vmav/N.EWbqy',0,'2021-03-14 17:41:08','2021-03-14 17:41:08',NULL),(12,'Ryder','Justice','Vestibulum','$2y$10$YJeIGajxir2rd27VB78m3uvRDJJMmCIAv3E6j3OAmRbyPAXMJocpm',0,'2021-03-14 17:41:08','2021-03-14 17:41:08',NULL),(13,'Levi','Winters','purus','$2y$10$bnZkZfM0TQ3BhqbytcAGeeu7ASe3fRN3ypzVASxM67Uy5l2KWmRIy',1,'2021-03-14 17:41:08','2021-03-14 17:41:08',NULL),(14,'Zoe','Baird','risus','$2y$10$aLeDffH5XmmtGajArvDwUOnPYSbPlKjPwUGo6BKUJr2Bn6.hDfsgW',1,'2021-03-14 17:41:08','2021-03-14 17:41:08',NULL),(15,'Miriam','Mathews','pharetra','$2y$10$aJqNbCLvEwAkQKOxbCoe/.gfF.mMe/07nmXNpK1aemlAX6YSN336W',1,'2021-03-14 17:41:08','2021-03-14 17:41:08',NULL),(16,'Ryan','Quinn','nec','$2y$10$t8nPYei75LaIeCBsCvGD5udYxCHdk/yiEAtwhIC/QKc5tx15t47hG',0,'2021-03-14 17:41:08','2021-03-14 17:41:08',NULL),(17,'Roth','Craig','ullamcorper,','$2y$10$2xYvx3vQ3uz5W1D5MVFWdOMI3gQV9xItvx8lgOCmCXWOjwZubb24u',1,'2021-03-14 17:41:08','2021-03-14 17:41:08',NULL),(18,'Priscilla','Fields','risus.','$2y$10$TDOe5hxgbOEn93EhkzAmX.6QLrqDYLMdqkEYqUg8MvYNXGi8AVFty',1,'2021-03-14 17:41:08','2021-03-14 17:41:08',NULL),(19,'Deirdre','Gardner','odio','$2y$10$Bm88nFRZ8okcwwtq6VKb7uYBLgNMxe.B5jIKJnzZ1/NxylEpoX9hm',1,'2021-03-14 17:41:08','2021-03-14 17:41:08',NULL),(20,'Sonia','Durham','scelerisque','$2y$10$2z2XlDbuZ5GQ9Cga7pxKj.2rGZhkgJdvxVGIfZIoALXqy8Gk30xde',0,'2021-03-14 17:41:08','2021-03-14 17:41:08',NULL),(21,'Bert','Cooley','ornare,','$2y$10$td7KfVVQhbNfSIQOE8OxveOhVdK/a.wykjMIi5Eo0MYhi7R6zr.3a',0,'2021-03-14 17:41:08','2021-03-14 17:41:08',NULL),(22,'Tamara','Cherry','ipsum','$2y$10$3q4ITupNDuMqpnLHzhgr2eFBjeH5GJUx6Z3k665M3n4faax/L3kDC',1,'2021-03-14 17:41:08','2021-03-14 17:41:08',NULL),(23,'Mercedes','Sharpe','turpis.','$2y$10$Vyw3o3l6XVqT2AUnenD4ou9KI6KS.99trzymQQqcuU7D/J8dHrlTG',1,'2021-03-14 17:41:08','2021-03-14 17:41:08',NULL),(24,'Damian','Copeland','tellus','$2y$10$AqWFe7sd94OXlumkhpIxRuJqu8M4QTMQ5UHyMlXZfOe3BBVHYcMkS',0,'2021-03-14 17:41:08','2021-03-14 17:41:08',NULL),(25,'Brandon','Kramer','sodales','$2y$10$AW1B7DtEZgwAYtvO8Jc3s.SCE3uJ91MPPgD8X59pTe6zLW3q3Kyoa',0,'2021-03-14 17:41:08','2021-03-14 17:41:08',NULL),(26,'Chloe','Landry','dui.','$2y$10$0vjQ/jgbW42lsiYqhD8Rde0dq8ewkkew5NaeL7PP.2I7ncHMksLC6',1,'2021-03-14 17:41:08','2021-03-14 17:41:08',NULL),(27,'Nicole','Blake','dignissim','$2y$10$yqIUa2DEuUfV2RI3DB3ugeFKIVsZ9piziaaGnfMySpRrsPc.EyrjS',0,'2021-03-14 17:41:08','2021-03-14 17:41:08',NULL),(28,'Baxter','Wagner','eget','$2y$10$9e0VvmX/1eEQsTlc9Dc5keBKoyXDRbuzJ0lUG59/r7.7qJHrIcwna',0,'2021-03-14 17:41:08','2021-03-14 17:41:08',NULL),(29,'Gregory','Lindsey','imperdiet','$2y$10$jHVMAGWA43GJvCrjFS9bfOqy1VV4WoJ86aNHPfOuJEQgtosUPAc0S',1,'2021-03-14 17:41:08','2021-03-14 17:41:08',NULL),(30,'Malcolm','Baldwin','euismod','$2y$10$XqmuVPTPU2u6Jigsy8CJtOJxXDL/Bw7gFrKkA7r.snlYJ2tE5wXaO',1,'2021-03-14 17:41:08','2021-03-14 17:41:08',NULL),(31,'Judah','Freeman','libero.','$2y$10$6ktgmWGynfq8y.q9EO4UceTBFdPMMdler6x6W7T3cnDqQpaPEMI7y',0,'2021-03-14 17:41:08','2021-03-14 17:41:08',NULL),(32,'Linda','Schneider','a','$2y$10$sQfmnQgzrVTnsAOK62Y2we175Cf7A5XSdrvqrCNXMSniy60lc8k4e',1,'2021-03-14 17:41:08','2021-03-14 17:41:08',NULL),(33,'Oprah','Roy','ante.','$2y$10$yad2NydrHfMFzCsRH7PjluuRtU9vWAqBGSoUXFJY88/5DFkHK4v/S',0,'2021-03-14 17:41:08','2021-03-14 17:41:08',NULL),(34,'Kelly','Suarez','ullamcorper','$2y$10$kDgY98I6H2FMDxaY70sGnuLhKDF.zCa0Jo1Eh4JT0xrYPU7ALwQqi',1,'2021-03-14 17:41:08','2021-03-14 17:41:08',NULL),(35,'Constance','Fox','Cras','$2y$10$RJmUtimDX0YaT64hQPkDje3jq0J9QWCtQ6Nw46Il0r23R079qpxKS',1,'2021-03-14 17:41:08','2021-03-14 17:41:08',NULL),(36,'Nigel','Dudley','luctus.','$2y$10$yeWajUUQWdY00M0EFxA6dOKdSNyQF8qPDvKFiTiSohZowE9fW98k.',1,'2021-03-14 17:41:08','2021-03-14 17:41:08',NULL),(37,'Igor','Lindsey','dolor','$2y$10$hCaiTjbgRvDDQWcrDt0l1e8ECsFfVQ6SHpr4hWN3VH2TWYvptnfxW',0,'2021-03-14 17:41:08','2021-03-14 17:41:08',NULL),(38,'Sonia','Park','ante','$2y$10$ekOGVjAeButIJtLj5iJL9urthFErQCACnscEQbfvdqz48icNCOE1u',1,'2021-03-14 17:41:08','2021-03-14 17:41:08',NULL),(39,'Malcolm','Wells','Mauris','$2y$10$400kenuXl5Yv9MilbldtruWjJ0B5a1o0wqidSWfGMiIyDqDNFyUey',1,'2021-03-14 17:41:08','2021-03-14 17:41:08',NULL),(40,'Justin','Warner','lacinia','$2y$10$QpZg.O/Jt353/90aNtUv0OhjW.s2JBe4bJd9JE3afM1g.DDpZB22e',1,'2021-03-14 17:41:08','2021-03-14 17:41:08',NULL),(41,'Zenia','Decker','leo.','$2y$10$cea82qgcHPGmkIQJbXGFFOZoJZeAbktlzi2WJwtMMBtpp8PiPFjgy',1,'2021-03-14 17:41:08','2021-03-14 17:41:08',NULL),(42,'Delilah','Bright','urna.','$2y$10$sVFgOIjiu1KpJjWJDVkL/eZ2Dwtn56TY7Z7lNgJje8ZwXDj58Jo.u',1,'2021-03-14 17:41:08','2021-03-14 17:41:08',NULL),(43,'Shellie','Pacheco','Sed','$2y$10$Mzk2UeyCrtgYn88IuxFXqON0uvk815wbfhupSASv1rubhGAziuFja',0,'2021-03-14 17:41:08','2021-03-14 17:41:08',NULL),(44,'Anjolie','Calhoun','mi','$2y$10$F8xvSDFN/TnegqYM8smv5e3.6YCN.PYxFauAeG45eSTxvWM8tLSVe',1,'2021-03-14 17:41:08','2021-03-14 17:41:08',NULL),(45,'Adrienne','Perry','auctor.','$2y$10$o2Qc5q8aoGvAZznZH/OyjeYXj/dNpczYAtR5SGIQ3rcgO50fTSvri',0,'2021-03-14 17:41:08','2021-03-14 17:41:08',NULL),(46,'Yeo','Castro','id','$2y$10$/LJkFIbiEeckRHiysI2WNeSl0PgyNfcCYf0MI7VgSN/lXqsVigiMe',0,'2021-03-14 17:41:08','2021-03-14 17:41:08',NULL),(47,'Desiree','Cain','ipsum.','$2y$10$APP/TkW5Wkc9ZfMZbhuR4u0zH3mZYSA5qoADRO9eG7BNMBi8xHCKm',1,'2021-03-14 17:41:08','2021-03-14 17:41:08',NULL),(48,'Maris','Marsh','Aliquam','$2y$10$m2CrWcN8merucM45uwkGv.uUAORaIlqKSEBZFn4YzOZggC6a7Sghi',1,'2021-03-14 17:41:08','2021-03-14 17:41:08',NULL),(49,'Sylvia','Clarke','justo','$2y$10$jmGGxiharNXCyXwaaK.HneRune0rUXtH1gLIYuBA825Qg2leBnNK.',1,'2021-03-14 17:41:08','2021-03-14 17:41:08',NULL),(50,'Alika','Kinney','Phasellus','$2y$10$6ZJgW48wIgY2rhw6hneeXO4KSnPcdbh96oRhKGDhGlkb6qL3mdxgm',0,'2021-03-14 17:41:08','2021-03-14 17:41:08',NULL),(51,'Diana','Weber','molestie','$2y$10$zVwX9pSmmdCXiZw8NWbHjOpmZwr1N/Ohl1HKoZjhozVeEj17OkGq2',0,'2021-03-14 17:41:08','2021-03-14 17:41:08',NULL),(52,'Elvis','Montoya','diam','$2y$10$iAP8CEKlVUHCt8AKaXOq0uACoBi/XN4HgHlrlLGmoI0vjihopxIYm',1,'2021-03-14 17:41:08','2021-03-14 17:41:08',NULL),(53,'Rooney','Sears','semper','$2y$10$vrfxIwjs8YPSyypTb2m3JOilJINKbUhdW0WKA6v9.lCTgfO09rf.O',0,'2021-03-14 17:41:08','2021-03-14 17:41:08',NULL),(54,'Hamish','Deleon','Nulla','$2y$10$GR3b3wYOk8XFWTa/F6QeEOsfimUerHbAERE6FtaV6ZuT8WfrCMPwq',1,'2021-03-14 17:41:08','2021-03-14 17:41:08',NULL),(55,'Mufutau','Smith','Integer','$2y$10$R4Qt3EXoYiEr2GIXh2pGu.n30aai6DfmS/NswjC6.FBfay2g0l8T.',0,'2021-03-14 17:41:08','2021-03-14 17:41:08',NULL),(56,'Stacey','Lynch','Praesent','$2y$10$oM0eZpL7WPVgHf2t9Gm7k.R3qZbRiV4uG7KGfRqvbhbpOc0hh5pbe',1,'2021-03-14 17:41:08','2021-03-14 17:41:08',NULL),(57,'Silas','Diaz','blandit.','$2y$10$4zvdvJRcTtPuImZJT5TH6O1jWomLueopGv4ujF4ZBuVOlJ398rhEq',0,'2021-03-14 17:41:08','2021-03-14 17:41:08',NULL),(58,'Leroy','Moon','nibh.','$2y$10$oC5zJBQvSNIOubOoLITpqOvhVHQe7ccfPZ5CSbqHvAJdMiXjFta0a',1,'2021-03-14 17:41:08','2021-03-14 17:41:08',NULL),(59,'Brent','Byrd','ut,','$2y$10$bKlfTzJCCGHn7nNs2yl1K.QWh.KeWA9gTN5b5JslUOAAMTsKr0VF6',0,'2021-03-14 17:41:08','2021-03-14 17:41:08',NULL),(60,'Alisa','Moody','lacus.','$2y$10$0uxPEmUeiEUkEJVUfDwlHu6hIKjh0T6DT8o0Es9Cqmj52P9J5blIW',1,'2021-03-14 17:41:08','2021-03-14 17:41:08',NULL),(61,'Dorothy','Hurley','neque','$2y$10$HPtyPjQGg3BDEm0mSpCQbOstJokOd0d82VY5QKTAcMFeE60sKJeSW',1,'2021-03-14 17:41:08','2021-03-14 17:41:08',NULL),(62,'Elvis','Hickman','interdum','$2y$10$laIrmXFg7auEjQKV0/1w8OUZn.PpmbD7MDHMGpMm1j/VDWsEud/hi',0,'2021-03-14 17:41:08','2021-03-14 17:41:08',NULL),(63,'Abigail','Schneider','at,','$2y$10$VOOC7vbkSPxIVyLLZy2kg.MJ.ELpL.4BmJrxIE72LEoLK6q4wao2a',1,'2021-03-14 17:41:08','2021-03-14 17:41:08',NULL),(64,'Walker','Hopper','varius','$2y$10$5VShEoMOPYasroHZbH6whOn3Lbq.0EXrKUBwi12gJL.6ttv.4g19G',0,'2021-03-14 17:41:08','2021-03-14 17:41:08',NULL),(65,'Wylie','Sherman','Donec','$2y$10$QOIpEI8RvdE26TsfoNssvODBifP0je6MlHD.Ft1b0UGdnQca6f0Na',1,'2021-03-14 17:41:08','2021-03-14 17:41:08',NULL),(66,'Gage','Dawson','non,','$2y$10$0NybJcFC2qiVuq5x4unaRuvGbuFGzwQOtBIhHccjWtKNp51kemMHK',1,'2021-03-14 17:41:08','2021-03-14 17:41:08',NULL),(67,'Eric','Stevens','parturient','$2y$10$3GmPMV9JTNr3BBqi4z7HV.bqV/Yy4/9cMGZeod5ftjb25xoxO5w4a',0,'2021-03-14 17:41:08','2021-03-14 17:41:08',NULL),(68,'Jolie','Vazquez','eu,','$2y$10$eOjJk/hHB8YdQj.TGG.6l.oRcMIlMHlHEIWchM8q6wq3An1HB1ELu',0,'2021-03-14 17:41:08','2021-03-14 17:41:08',NULL),(69,'Allistair','Browning','magna.','$2y$10$5H7jHw9qO6GIAR2MW2A2g.DmHOPKYDvnXNi4bsQNrvKBPZEjdPwUS',0,'2021-03-14 17:41:08','2021-03-14 17:41:08',NULL),(70,'Karen','Norman','volutpat','$2y$10$Ogy2uolrpjas4mBn6A7TCOZNdUOrVQPLW/QMVwHf9JKSoSs0rv.tO',0,'2021-03-14 17:41:08','2021-03-14 17:41:08',NULL),(71,'Jocelyn','Sims','ac','$2y$10$dFInF9FTWFXvYYJmd40oDOpfHQMbyOG9EGCeMvuRFxEE6fn1N8jWq',1,'2021-03-14 17:41:08','2021-03-14 17:41:08',NULL),(72,'Briar','Welch','nibh','$2y$10$TQqrl5s.njECBTbPOccbF.GNhC3cd5wIVZ78pWSvQMm8.8i4ow8/W',1,'2021-03-14 17:41:08','2021-03-14 17:41:08',NULL),(73,'Wang','Jacobs','tincidunt,','$2y$10$z/puBwrcwmO88A.v0Qlag.K6R7xR06zXSnYnbyiK1z61QOD0MixFS',0,'2021-03-14 17:41:08','2021-03-14 17:41:08',NULL),(74,'Aurelia','Gaines','ut','$2y$10$wUJjZTwkp3gPJSKQ4O32vudxM2GPZExRRaAw5f85eGLsNg7yGB0o.',0,'2021-03-14 17:41:08','2021-03-14 17:41:08',NULL),(75,'Mary','Bradshaw','id,','$2y$10$G/lJQe8FfRkJ8KTcfed8dOFeGNQSHt.2SAA6/9MKsFLF0vAMSldHi',0,'2021-03-14 17:41:08','2021-03-14 17:41:08',NULL),(76,'Xyla','Richard','placerat,','$2y$10$iQ1yr7BC3DhK/HEsPAjvbugsJWVUQiIsFkVT1iigBBpblpfKfgZb6',0,'2021-03-14 17:41:08','2021-03-14 17:41:08',NULL),(77,'Sybil','Vaughn','nisl','$2y$10$hO/0ofk1nsHsTKpUcjjgIu9oWcCd55KWrXsIor1lQWeHWi2D81A8e',1,'2021-03-14 17:41:08','2021-03-14 17:41:08',NULL),(78,'Iliana','Nolan','nulla.','$2y$10$Qar4c.DOgUkwwghlJktLVuJEF/VY94rBjiHtREy7a2vsC/YAmxVuO',0,'2021-03-14 17:41:08','2021-03-14 17:41:08',NULL),(79,'Steel','Bird','Duis','$2y$10$r84SaG0MRlIAragTabkO4.qaIA920uVOCyd/UYq79DCM785jnShDW',0,'2021-03-14 17:41:08','2021-03-14 17:41:08',NULL);
/*!40000 ALTER TABLE `user` ENABLE KEYS */;
UNLOCK TABLES;

--
-- Table structure for table `user_addresses`
--

DROP TABLE IF EXISTS `user_addresses`;
/*!40101 SET @saved_cs_client     = @@character_set_client */;
/*!40101 SET character_set_client = utf8 */;
CREATE TABLE `user_addresses` (
  `user_id` bigint(20) unsigned NOT NULL,
  `address_id` bigint(20) unsigned NOT NULL,
  `created_at` timestamp NOT NULL DEFAULT current_timestamp(),
  `updated_at` timestamp NOT NULL DEFAULT current_timestamp() ON UPDATE current_timestamp(),
  PRIMARY KEY (`user_id`,`address_id`),
  KEY `user_addresses_address_id_foreign` (`address_id`),
  CONSTRAINT `user_addresses_address_id_foreign` FOREIGN KEY (`address_id`) REFERENCES `address` (`id`),
  CONSTRAINT `user_addresses_user_id_foreign` FOREIGN KEY (`user_id`) REFERENCES `user` (`id`)
) ENGINE=InnoDB DEFAULT CHARSET=utf8mb4;
/*!40101 SET character_set_client = @saved_cs_client */;

--
-- Dumping data for table `user_addresses`
--

LOCK TABLES `user_addresses` WRITE;
/*!40000 ALTER TABLE `user_addresses` DISABLE KEYS */;
INSERT INTO `user_addresses` VALUES (1,1,'2021-03-14 17:41:10','2021-03-14 17:41:10'),(2,2,'2021-03-14 17:41:10','2021-03-14 17:41:10'),(2,83,'2021-03-14 17:41:10','2021-03-14 17:41:10'),(2,86,'2021-03-14 17:41:10','2021-03-14 17:41:10'),(3,3,'2021-03-14 17:41:10','2021-03-14 17:41:10'),(4,4,'2021-03-14 17:41:10','2021-03-14 17:41:10'),(5,5,'2021-03-14 17:41:10','2021-03-14 17:41:10'),(6,6,'2021-03-14 17:41:10','2021-03-14 17:41:10'),(7,7,'2021-03-14 17:41:10','2021-03-14 17:41:10'),(8,8,'2021-03-14 17:41:10','2021-03-14 17:41:10'),(9,9,'2021-03-14 17:41:10','2021-03-14 17:41:10'),(10,10,'2021-03-14 17:41:10','2021-03-14 17:41:10'),(11,11,'2021-03-14 17:41:10','2021-03-14 17:41:10'),(12,12,'2021-03-14 17:41:10','2021-03-14 17:41:10'),(13,13,'2021-03-14 17:41:10','2021-03-14 17:41:10'),(14,14,'2021-03-14 17:41:10','2021-03-14 17:41:10'),(14,81,'2021-03-14 17:41:10','2021-03-14 17:41:10'),(15,15,'2021-03-14 17:41:10','2021-03-14 17:41:10'),(15,97,'2021-03-14 17:41:10','2021-03-14 17:41:10'),(16,16,'2021-03-14 17:41:10','2021-03-14 17:41:10'),(17,17,'2021-03-14 17:41:10','2021-03-14 17:41:10'),(17,94,'2021-03-14 17:41:10','2021-03-14 17:41:10'),(18,18,'2021-03-14 17:41:10','2021-03-14 17:41:10'),(18,84,'2021-03-14 17:41:10','2021-03-14 17:41:10'),(18,88,'2021-03-14 17:41:10','2021-03-14 17:41:10'),(19,19,'2021-03-14 17:41:10','2021-03-14 17:41:10'),(20,20,'2021-03-14 17:41:10','2021-03-14 17:41:10'),(21,21,'2021-03-14 17:41:10','2021-03-14 17:41:10'),(22,22,'2021-03-14 17:41:10','2021-03-14 17:41:10'),(22,87,'2021-03-14 17:41:10','2021-03-14 17:41:10'),(23,23,'2021-03-14 17:41:10','2021-03-14 17:41:10'),(24,24,'2021-03-14 17:41:10','2021-03-14 17:41:10'),(25,25,'2021-03-14 17:41:10','2021-03-14 17:41:10'),(26,26,'2021-03-14 17:41:10','2021-03-14 17:41:10'),(27,27,'2021-03-14 17:41:10','2021-03-14 17:41:10'),(28,28,'2021-03-14 17:41:10','2021-03-14 17:41:10'),(29,29,'2021-03-14 17:41:10','2021-03-14 17:41:10'),(30,30,'2021-03-14 17:41:10','2021-03-14 17:41:10'),(31,31,'2021-03-14 17:41:10','2021-03-14 17:41:10'),(32,32,'2021-03-14 17:41:10','2021-03-14 17:41:10'),(33,33,'2021-03-14 17:41:10','2021-03-14 17:41:10'),(34,34,'2021-03-14 17:41:10','2021-03-14 17:41:10'),(35,35,'2021-03-14 17:41:10','2021-03-14 17:41:10'),(36,36,'2021-03-14 17:41:10','2021-03-14 17:41:10'),(37,37,'2021-03-14 17:41:10','2021-03-14 17:41:10'),(38,38,'2021-03-14 17:41:10','2021-03-14 17:41:10'),(39,39,'2021-03-14 17:41:10','2021-03-14 17:41:10'),(39,98,'2021-03-14 17:41:10','2021-03-14 17:41:10'),(40,40,'2021-03-14 17:41:10','2021-03-14 17:41:10'),(41,41,'2021-03-14 17:41:10','2021-03-14 17:41:10'),(42,42,'2021-03-14 17:41:10','2021-03-14 17:41:10'),(42,100,'2021-03-14 17:41:10','2021-03-14 17:41:10'),(43,43,'2021-03-14 17:41:10','2021-03-14 17:41:10'),(44,44,'2021-03-14 17:41:10','2021-03-14 17:41:10'),(45,45,'2021-03-14 17:41:10','2021-03-14 17:41:10'),(45,89,'2021-03-14 17:41:10','2021-03-14 17:41:10'),(45,91,'2021-03-14 17:41:10','2021-03-14 17:41:10'),(46,46,'2021-03-14 17:41:10','2021-03-14 17:41:10'),(47,47,'2021-03-14 17:41:10','2021-03-14 17:41:10'),(48,48,'2021-03-14 17:41:10','2021-03-14 17:41:10'),(49,49,'2021-03-14 17:41:10','2021-03-14 17:41:10'),(50,50,'2021-03-14 17:41:10','2021-03-14 17:41:10'),(51,51,'2021-03-14 17:41:10','2021-03-14 17:41:10'),(51,85,'2021-03-14 17:41:10','2021-03-14 17:41:10'),(52,52,'2021-03-14 17:41:10','2021-03-14 17:41:10'),(53,53,'2021-03-14 17:41:10','2021-03-14 17:41:10'),(54,54,'2021-03-14 17:41:10','2021-03-14 17:41:10'),(54,92,'2021-03-14 17:41:10','2021-03-14 17:41:10'),(55,55,'2021-03-14 17:41:10','2021-03-14 17:41:10'),(56,56,'2021-03-14 17:41:10','2021-03-14 17:41:10'),(56,93,'2021-03-14 17:41:10','2021-03-14 17:41:10'),(57,57,'2021-03-14 17:41:10','2021-03-14 17:41:10'),(58,58,'2021-03-14 17:41:10','2021-03-14 17:41:10'),(59,59,'2021-03-14 17:41:10','2021-03-14 17:41:10'),(60,60,'2021-03-14 17:41:10','2021-03-14 17:41:10'),(60,82,'2021-03-14 17:41:10','2021-03-14 17:41:10'),(61,61,'2021-03-14 17:41:10','2021-03-14 17:41:10'),(62,62,'2021-03-14 17:41:10','2021-03-14 17:41:10'),(63,63,'2021-03-14 17:41:10','2021-03-14 17:41:10'),(64,64,'2021-03-14 17:41:10','2021-03-14 17:41:10'),(65,65,'2021-03-14 17:41:10','2021-03-14 17:41:10'),(66,66,'2021-03-14 17:41:10','2021-03-14 17:41:10'),(67,67,'2021-03-14 17:41:10','2021-03-14 17:41:10'),(68,68,'2021-03-14 17:41:10','2021-03-14 17:41:10'),(69,69,'2021-03-14 17:41:10','2021-03-14 17:41:10'),(69,99,'2021-03-14 17:41:10','2021-03-14 17:41:10'),(70,70,'2021-03-14 17:41:10','2021-03-14 17:41:10'),(71,71,'2021-03-14 17:41:10','2021-03-14 17:41:10'),(72,72,'2021-03-14 17:41:10','2021-03-14 17:41:10'),(73,73,'2021-03-14 17:41:10','2021-03-14 17:41:10'),(74,74,'2021-03-14 17:41:10','2021-03-14 17:41:10'),(74,95,'2021-03-14 17:41:10','2021-03-14 17:41:10'),(74,96,'2021-03-14 17:41:10','2021-03-14 17:41:10'),(75,75,'2021-03-14 17:41:10','2021-03-14 17:41:10'),(76,76,'2021-03-14 17:41:10','2021-03-14 17:41:10'),(77,77,'2021-03-14 17:41:10','2021-03-14 17:41:10'),(77,80,'2021-03-14 17:41:10','2021-03-14 17:41:10'),(78,78,'2021-03-14 17:41:10','2021-03-14 17:41:10'),(79,79,'2021-03-14 17:41:10','2021-03-14 17:41:10'),(79,90,'2021-03-14 17:41:10','2021-03-14 17:41:10');
/*!40000 ALTER TABLE `user_addresses` ENABLE KEYS */;
UNLOCK TABLES;

--
-- Table structure for table `user_roles`
--

DROP TABLE IF EXISTS `user_roles`;
/*!40101 SET @saved_cs_client     = @@character_set_client */;
/*!40101 SET character_set_client = utf8 */;
CREATE TABLE `user_roles` (
  `user_id` bigint(20) unsigned NOT NULL,
  `role_id` bigint(20) unsigned NOT NULL,
  `created_at` timestamp NOT NULL DEFAULT current_timestamp(),
  `updated_at` timestamp NOT NULL DEFAULT current_timestamp() ON UPDATE current_timestamp(),
  PRIMARY KEY (`user_id`,`role_id`),
  KEY `user_roles_role_id_foreign` (`role_id`),
  CONSTRAINT `user_roles_role_id_foreign` FOREIGN KEY (`role_id`) REFERENCES `role` (`id`),
  CONSTRAINT `user_roles_user_id_foreign` FOREIGN KEY (`user_id`) REFERENCES `user` (`id`)
) ENGINE=InnoDB DEFAULT CHARSET=utf8mb4;
/*!40101 SET character_set_client = @saved_cs_client */;

--
-- Dumping data for table `user_roles`
--

LOCK TABLES `user_roles` WRITE;
/*!40000 ALTER TABLE `user_roles` DISABLE KEYS */;
INSERT INTO `user_roles` VALUES (1,3,'2021-03-14 17:41:10','2021-03-14 17:41:10'),(2,3,'2021-03-14 17:41:10','2021-03-14 17:41:10'),(3,3,'2021-03-14 17:41:10','2021-03-14 17:41:10'),(4,4,'2021-03-14 17:41:10','2021-03-14 17:41:10'),(5,3,'2021-03-14 17:41:10','2021-03-14 17:41:10'),(6,3,'2021-03-14 17:41:10','2021-03-14 17:41:10'),(7,4,'2021-03-14 17:41:10','2021-03-14 17:41:10'),(8,4,'2021-03-14 17:41:10','2021-03-14 17:41:10'),(9,4,'2021-03-14 17:41:10','2021-03-14 17:41:10'),(10,5,'2021-03-14 17:41:10','2021-03-14 17:41:10'),(11,4,'2021-03-14 17:41:10','2021-03-14 17:41:10'),(12,5,'2021-03-14 17:41:10','2021-03-14 17:41:10'),(13,5,'2021-03-14 17:41:10','2021-03-14 17:41:10'),(14,5,'2021-03-14 17:41:10','2021-03-14 17:41:10'),(15,4,'2021-03-14 17:41:10','2021-03-14 17:41:10'),(16,4,'2021-03-14 17:41:10','2021-03-14 17:41:10'),(17,3,'2021-03-14 17:41:10','2021-03-14 17:41:10'),(18,4,'2021-03-14 17:41:10','2021-03-14 17:41:10'),(19,4,'2021-03-14 17:41:10','2021-03-14 17:41:10'),(20,4,'2021-03-14 17:41:10','2021-03-14 17:41:10'),(21,4,'2021-03-14 17:41:10','2021-03-14 17:41:10'),(22,3,'2021-03-14 17:41:10','2021-03-14 17:41:10'),(23,4,'2021-03-14 17:41:10','2021-03-14 17:41:10'),(24,4,'2021-03-14 17:41:10','2021-03-14 17:41:10'),(25,3,'2021-03-14 17:41:10','2021-03-14 17:41:10'),(26,4,'2021-03-14 17:41:10','2021-03-14 17:41:10'),(27,3,'2021-03-14 17:41:10','2021-03-14 17:41:10'),(28,3,'2021-03-14 17:41:10','2021-03-14 17:41:10'),(29,4,'2021-03-14 17:41:10','2021-03-14 17:41:10'),(30,5,'2021-03-14 17:41:10','2021-03-14 17:41:10'),(31,5,'2021-03-14 17:41:10','2021-03-14 17:41:10'),(32,5,'2021-03-14 17:41:10','2021-03-14 17:41:10'),(33,3,'2021-03-14 17:41:10','2021-03-14 17:41:10'),(34,3,'2021-03-14 17:41:10','2021-03-14 17:41:10'),(35,4,'2021-03-14 17:41:10','2021-03-14 17:41:10'),(36,5,'2021-03-14 17:41:10','2021-03-14 17:41:10'),(37,3,'2021-03-14 17:41:10','2021-03-14 17:41:10'),(38,5,'2021-03-14 17:41:10','2021-03-14 17:41:10'),(39,3,'2021-03-14 17:41:10','2021-03-14 17:41:10'),(40,4,'2021-03-14 17:41:10','2021-03-14 17:41:10'),(41,5,'2021-03-14 17:41:10','2021-03-14 17:41:10'),(42,3,'2021-03-14 17:41:10','2021-03-14 17:41:10'),(43,5,'2021-03-14 17:41:10','2021-03-14 17:41:10'),(44,5,'2021-03-14 17:41:10','2021-03-14 17:41:10'),(45,4,'2021-03-14 17:41:10','2021-03-14 17:41:10'),(46,5,'2021-03-14 17:41:10','2021-03-14 17:41:10'),(47,5,'2021-03-14 17:41:10','2021-03-14 17:41:10'),(48,5,'2021-03-14 17:41:10','2021-03-14 17:41:10'),(49,4,'2021-03-14 17:41:10','2021-03-14 17:41:10'),(50,4,'2021-03-14 17:41:10','2021-03-14 17:41:10'),(51,4,'2021-03-14 17:41:10','2021-03-14 17:41:10'),(52,5,'2021-03-14 17:41:10','2021-03-14 17:41:10'),(53,3,'2021-03-14 17:41:10','2021-03-14 17:41:10'),(54,3,'2021-03-14 17:41:10','2021-03-14 17:41:10'),(55,5,'2021-03-14 17:41:10','2021-03-14 17:41:10'),(56,3,'2021-03-14 17:41:10','2021-03-14 17:41:10'),(57,5,'2021-03-14 17:41:10','2021-03-14 17:41:10'),(58,4,'2021-03-14 17:41:10','2021-03-14 17:41:10'),(59,5,'2021-03-14 17:41:10','2021-03-14 17:41:10'),(60,4,'2021-03-14 17:41:10','2021-03-14 17:41:10'),(61,3,'2021-03-14 17:41:10','2021-03-14 17:41:10'),(62,3,'2021-03-14 17:41:10','2021-03-14 17:41:10'),(63,4,'2021-03-14 17:41:10','2021-03-14 17:41:10'),(64,5,'2021-03-14 17:41:10','2021-03-14 17:41:10'),(65,5,'2021-03-14 17:41:10','2021-03-14 17:41:10'),(66,5,'2021-03-14 17:41:10','2021-03-14 17:41:10'),(67,4,'2021-03-14 17:41:10','2021-03-14 17:41:10'),(68,3,'2021-03-14 17:41:10','2021-03-14 17:41:10'),(69,4,'2021-03-14 17:41:10','2021-03-14 17:41:10'),(70,3,'2021-03-14 17:41:10','2021-03-14 17:41:10'),(71,5,'2021-03-14 17:41:10','2021-03-14 17:41:10'),(72,4,'2021-03-14 17:41:10','2021-03-14 17:41:10'),(73,3,'2021-03-14 17:41:10','2021-03-14 17:41:10'),(74,3,'2021-03-14 17:41:10','2021-03-14 17:41:10'),(75,5,'2021-03-14 17:41:10','2021-03-14 17:41:10'),(76,5,'2021-03-14 17:41:10','2021-03-14 17:41:10'),(77,3,'2021-03-14 17:41:10','2021-03-14 17:41:10'),(78,3,'2021-03-14 17:41:10','2021-03-14 17:41:10'),(79,3,'2021-03-14 17:41:10','2021-03-14 17:41:10');
/*!40000 ALTER TABLE `user_roles` ENABLE KEYS */;
UNLOCK TABLES;

--
-- Dumping routines for database 'regroupement00q7'
--
/*!50003 DROP PROCEDURE IF EXISTS `count_address` */;
/*!50003 SET @saved_cs_client      = @@character_set_client */ ;
/*!50003 SET @saved_cs_results     = @@character_set_results */ ;
/*!50003 SET @saved_col_connection = @@collation_connection */ ;
/*!50003 SET character_set_client  = utf8mb4 */ ;
/*!50003 SET character_set_results = utf8mb4 */ ;
/*!50003 SET collation_connection  = utf8mb4_general_ci */ ;
/*!50003 SET @saved_sql_mode       = @@sql_mode */ ;
/*!50003 SET sql_mode              = 'STRICT_TRANS_TABLES,ERROR_FOR_DIVISION_BY_ZERO,NO_AUTO_CREATE_USER,NO_ENGINE_SUBSTITUTION' */ ;
DELIMITER ;;
CREATE DEFINER=`admin`@`localhost` PROCEDURE `count_address`()
BEGIN
    SELECT COUNT(*) FROM address;
END ;;
DELIMITER ;
/*!50003 SET sql_mode              = @saved_sql_mode */ ;
/*!50003 SET character_set_client  = @saved_cs_client */ ;
/*!50003 SET character_set_results = @saved_cs_results */ ;
/*!50003 SET collation_connection  = @saved_col_connection */ ;
/*!50003 DROP PROCEDURE IF EXISTS `count_addresstype` */;
/*!50003 SET @saved_cs_client      = @@character_set_client */ ;
/*!50003 SET @saved_cs_results     = @@character_set_results */ ;
/*!50003 SET @saved_col_connection = @@collation_connection */ ;
/*!50003 SET character_set_client  = utf8mb4 */ ;
/*!50003 SET character_set_results = utf8mb4 */ ;
/*!50003 SET collation_connection  = utf8mb4_general_ci */ ;
/*!50003 SET @saved_sql_mode       = @@sql_mode */ ;
/*!50003 SET sql_mode              = 'STRICT_TRANS_TABLES,ERROR_FOR_DIVISION_BY_ZERO,NO_AUTO_CREATE_USER,NO_ENGINE_SUBSTITUTION' */ ;
DELIMITER ;;
CREATE DEFINER=`admin`@`localhost` PROCEDURE `count_addresstype`()
BEGIN
    SELECT COUNT(*) FROM addresstype;
END ;;
DELIMITER ;
/*!50003 SET sql_mode              = @saved_sql_mode */ ;
/*!50003 SET character_set_client  = @saved_cs_client */ ;
/*!50003 SET character_set_results = @saved_cs_results */ ;
/*!50003 SET collation_connection  = @saved_col_connection */ ;
/*!50003 DROP PROCEDURE IF EXISTS `count_address_addresstypes` */;
/*!50003 SET @saved_cs_client      = @@character_set_client */ ;
/*!50003 SET @saved_cs_results     = @@character_set_results */ ;
/*!50003 SET @saved_col_connection = @@collation_connection */ ;
/*!50003 SET character_set_client  = utf8mb4 */ ;
/*!50003 SET character_set_results = utf8mb4 */ ;
/*!50003 SET collation_connection  = utf8mb4_general_ci */ ;
/*!50003 SET @saved_sql_mode       = @@sql_mode */ ;
/*!50003 SET sql_mode              = 'STRICT_TRANS_TABLES,ERROR_FOR_DIVISION_BY_ZERO,NO_AUTO_CREATE_USER,NO_ENGINE_SUBSTITUTION' */ ;
DELIMITER ;;
CREATE DEFINER=`admin`@`localhost` PROCEDURE `count_address_addresstypes`()
BEGIN
    SELECT COUNT(*) FROM address_addresstypes;
END ;;
DELIMITER ;
/*!50003 SET sql_mode              = @saved_sql_mode */ ;
/*!50003 SET character_set_client  = @saved_cs_client */ ;
/*!50003 SET character_set_results = @saved_cs_results */ ;
/*!50003 SET collation_connection  = @saved_col_connection */ ;
/*!50003 DROP PROCEDURE IF EXISTS `count_country` */;
/*!50003 SET @saved_cs_client      = @@character_set_client */ ;
/*!50003 SET @saved_cs_results     = @@character_set_results */ ;
/*!50003 SET @saved_col_connection = @@collation_connection */ ;
/*!50003 SET character_set_client  = utf8mb4 */ ;
/*!50003 SET character_set_results = utf8mb4 */ ;
/*!50003 SET collation_connection  = utf8mb4_general_ci */ ;
/*!50003 SET @saved_sql_mode       = @@sql_mode */ ;
/*!50003 SET sql_mode              = 'STRICT_TRANS_TABLES,ERROR_FOR_DIVISION_BY_ZERO,NO_AUTO_CREATE_USER,NO_ENGINE_SUBSTITUTION' */ ;
DELIMITER ;;
CREATE DEFINER=`admin`@`localhost` PROCEDURE `count_country`()
BEGIN
    SELECT COUNT(*) FROM country;
END ;;
DELIMITER ;
/*!50003 SET sql_mode              = @saved_sql_mode */ ;
/*!50003 SET character_set_client  = @saved_cs_client */ ;
/*!50003 SET character_set_results = @saved_cs_results */ ;
/*!50003 SET collation_connection  = @saved_col_connection */ ;
/*!50003 DROP PROCEDURE IF EXISTS `count_location` */;
/*!50003 SET @saved_cs_client      = @@character_set_client */ ;
/*!50003 SET @saved_cs_results     = @@character_set_results */ ;
/*!50003 SET @saved_col_connection = @@collation_connection */ ;
/*!50003 SET character_set_client  = utf8mb4 */ ;
/*!50003 SET character_set_results = utf8mb4 */ ;
/*!50003 SET collation_connection  = utf8mb4_general_ci */ ;
/*!50003 SET @saved_sql_mode       = @@sql_mode */ ;
/*!50003 SET sql_mode              = 'STRICT_TRANS_TABLES,ERROR_FOR_DIVISION_BY_ZERO,NO_AUTO_CREATE_USER,NO_ENGINE_SUBSTITUTION' */ ;
DELIMITER ;;
CREATE DEFINER=`admin`@`localhost` PROCEDURE `count_location`()
BEGIN
    SELECT COUNT(*) FROM location;
END ;;
DELIMITER ;
/*!50003 SET sql_mode              = @saved_sql_mode */ ;
/*!50003 SET character_set_client  = @saved_cs_client */ ;
/*!50003 SET character_set_results = @saved_cs_results */ ;
/*!50003 SET collation_connection  = @saved_col_connection */ ;
/*!50003 DROP PROCEDURE IF EXISTS `count_logflight` */;
/*!50003 SET @saved_cs_client      = @@character_set_client */ ;
/*!50003 SET @saved_cs_results     = @@character_set_results */ ;
/*!50003 SET @saved_col_connection = @@collation_connection */ ;
/*!50003 SET character_set_client  = utf8mb4 */ ;
/*!50003 SET character_set_results = utf8mb4 */ ;
/*!50003 SET collation_connection  = utf8mb4_general_ci */ ;
/*!50003 SET @saved_sql_mode       = @@sql_mode */ ;
/*!50003 SET sql_mode              = 'STRICT_TRANS_TABLES,ERROR_FOR_DIVISION_BY_ZERO,NO_AUTO_CREATE_USER,NO_ENGINE_SUBSTITUTION' */ ;
DELIMITER ;;
CREATE DEFINER=`admin`@`localhost` PROCEDURE `count_logflight`()
BEGIN
    SELECT COUNT(*) FROM logflight;
END ;;
DELIMITER ;
/*!50003 SET sql_mode              = @saved_sql_mode */ ;
/*!50003 SET character_set_client  = @saved_cs_client */ ;
/*!50003 SET character_set_results = @saved_cs_results */ ;
/*!50003 SET collation_connection  = @saved_col_connection */ ;
/*!50003 DROP PROCEDURE IF EXISTS `count_logpart` */;
/*!50003 SET @saved_cs_client      = @@character_set_client */ ;
/*!50003 SET @saved_cs_results     = @@character_set_results */ ;
/*!50003 SET @saved_col_connection = @@collation_connection */ ;
/*!50003 SET character_set_client  = utf8mb4 */ ;
/*!50003 SET character_set_results = utf8mb4 */ ;
/*!50003 SET collation_connection  = utf8mb4_general_ci */ ;
/*!50003 SET @saved_sql_mode       = @@sql_mode */ ;
/*!50003 SET sql_mode              = 'STRICT_TRANS_TABLES,ERROR_FOR_DIVISION_BY_ZERO,NO_AUTO_CREATE_USER,NO_ENGINE_SUBSTITUTION' */ ;
DELIMITER ;;
CREATE DEFINER=`admin`@`localhost` PROCEDURE `count_logpart`()
BEGIN
    SELECT COUNT(*) FROM logpart;
END ;;
DELIMITER ;
/*!50003 SET sql_mode              = @saved_sql_mode */ ;
/*!50003 SET character_set_client  = @saved_cs_client */ ;
/*!50003 SET character_set_results = @saved_cs_results */ ;
/*!50003 SET collation_connection  = @saved_col_connection */ ;
/*!50003 DROP PROCEDURE IF EXISTS `count_logpartaction` */;
/*!50003 SET @saved_cs_client      = @@character_set_client */ ;
/*!50003 SET @saved_cs_results     = @@character_set_results */ ;
/*!50003 SET @saved_col_connection = @@collation_connection */ ;
/*!50003 SET character_set_client  = utf8mb4 */ ;
/*!50003 SET character_set_results = utf8mb4 */ ;
/*!50003 SET collation_connection  = utf8mb4_general_ci */ ;
/*!50003 SET @saved_sql_mode       = @@sql_mode */ ;
/*!50003 SET sql_mode              = 'STRICT_TRANS_TABLES,ERROR_FOR_DIVISION_BY_ZERO,NO_AUTO_CREATE_USER,NO_ENGINE_SUBSTITUTION' */ ;
DELIMITER ;;
CREATE DEFINER=`admin`@`localhost` PROCEDURE `count_logpartaction`()
BEGIN
    SELECT COUNT(*) FROM logpartaction;
END ;;
DELIMITER ;
/*!50003 SET sql_mode              = @saved_sql_mode */ ;
/*!50003 SET character_set_client  = @saved_cs_client */ ;
/*!50003 SET character_set_results = @saved_cs_results */ ;
/*!50003 SET collation_connection  = @saved_col_connection */ ;
/*!50003 DROP PROCEDURE IF EXISTS `count_part` */;
/*!50003 SET @saved_cs_client      = @@character_set_client */ ;
/*!50003 SET @saved_cs_results     = @@character_set_results */ ;
/*!50003 SET @saved_col_connection = @@collation_connection */ ;
/*!50003 SET character_set_client  = utf8mb4 */ ;
/*!50003 SET character_set_results = utf8mb4 */ ;
/*!50003 SET collation_connection  = utf8mb4_general_ci */ ;
/*!50003 SET @saved_sql_mode       = @@sql_mode */ ;
/*!50003 SET sql_mode              = 'STRICT_TRANS_TABLES,ERROR_FOR_DIVISION_BY_ZERO,NO_AUTO_CREATE_USER,NO_ENGINE_SUBSTITUTION' */ ;
DELIMITER ;;
CREATE DEFINER=`admin`@`localhost` PROCEDURE `count_part`()
BEGIN
    SELECT COUNT(*) FROM part;
END ;;
DELIMITER ;
/*!50003 SET sql_mode              = @saved_sql_mode */ ;
/*!50003 SET character_set_client  = @saved_cs_client */ ;
/*!50003 SET character_set_results = @saved_cs_results */ ;
/*!50003 SET collation_connection  = @saved_col_connection */ ;
/*!50003 DROP PROCEDURE IF EXISTS `count_parttype` */;
/*!50003 SET @saved_cs_client      = @@character_set_client */ ;
/*!50003 SET @saved_cs_results     = @@character_set_results */ ;
/*!50003 SET @saved_col_connection = @@collation_connection */ ;
/*!50003 SET character_set_client  = utf8mb4 */ ;
/*!50003 SET character_set_results = utf8mb4 */ ;
/*!50003 SET collation_connection  = utf8mb4_general_ci */ ;
/*!50003 SET @saved_sql_mode       = @@sql_mode */ ;
/*!50003 SET sql_mode              = 'STRICT_TRANS_TABLES,ERROR_FOR_DIVISION_BY_ZERO,NO_AUTO_CREATE_USER,NO_ENGINE_SUBSTITUTION' */ ;
DELIMITER ;;
CREATE DEFINER=`admin`@`localhost` PROCEDURE `count_parttype`()
BEGIN
    SELECT COUNT(*) FROM parttype;
END ;;
DELIMITER ;
/*!50003 SET sql_mode              = @saved_sql_mode */ ;
/*!50003 SET character_set_client  = @saved_cs_client */ ;
/*!50003 SET character_set_results = @saved_cs_results */ ;
/*!50003 SET collation_connection  = @saved_col_connection */ ;
/*!50003 DROP PROCEDURE IF EXISTS `count_permission` */;
/*!50003 SET @saved_cs_client      = @@character_set_client */ ;
/*!50003 SET @saved_cs_results     = @@character_set_results */ ;
/*!50003 SET @saved_col_connection = @@collation_connection */ ;
/*!50003 SET character_set_client  = utf8mb4 */ ;
/*!50003 SET character_set_results = utf8mb4 */ ;
/*!50003 SET collation_connection  = utf8mb4_general_ci */ ;
/*!50003 SET @saved_sql_mode       = @@sql_mode */ ;
/*!50003 SET sql_mode              = 'STRICT_TRANS_TABLES,ERROR_FOR_DIVISION_BY_ZERO,NO_AUTO_CREATE_USER,NO_ENGINE_SUBSTITUTION' */ ;
DELIMITER ;;
CREATE DEFINER=`admin`@`localhost` PROCEDURE `count_permission`()
BEGIN
    SELECT COUNT(*) FROM permission;
END ;;
DELIMITER ;
/*!50003 SET sql_mode              = @saved_sql_mode */ ;
/*!50003 SET character_set_client  = @saved_cs_client */ ;
/*!50003 SET character_set_results = @saved_cs_results */ ;
/*!50003 SET collation_connection  = @saved_col_connection */ ;
/*!50003 DROP PROCEDURE IF EXISTS `count_quadcopter` */;
/*!50003 SET @saved_cs_client      = @@character_set_client */ ;
/*!50003 SET @saved_cs_results     = @@character_set_results */ ;
/*!50003 SET @saved_col_connection = @@collation_connection */ ;
/*!50003 SET character_set_client  = utf8mb4 */ ;
/*!50003 SET character_set_results = utf8mb4 */ ;
/*!50003 SET collation_connection  = utf8mb4_general_ci */ ;
/*!50003 SET @saved_sql_mode       = @@sql_mode */ ;
/*!50003 SET sql_mode              = 'STRICT_TRANS_TABLES,ERROR_FOR_DIVISION_BY_ZERO,NO_AUTO_CREATE_USER,NO_ENGINE_SUBSTITUTION' */ ;
DELIMITER ;;
CREATE DEFINER=`admin`@`localhost` PROCEDURE `count_quadcopter`()
BEGIN
    SELECT COUNT(*) FROM quadcopter;
END ;;
DELIMITER ;
/*!50003 SET sql_mode              = @saved_sql_mode */ ;
/*!50003 SET character_set_client  = @saved_cs_client */ ;
/*!50003 SET character_set_results = @saved_cs_results */ ;
/*!50003 SET collation_connection  = @saved_col_connection */ ;
/*!50003 DROP PROCEDURE IF EXISTS `count_role` */;
/*!50003 SET @saved_cs_client      = @@character_set_client */ ;
/*!50003 SET @saved_cs_results     = @@character_set_results */ ;
/*!50003 SET @saved_col_connection = @@collation_connection */ ;
/*!50003 SET character_set_client  = utf8mb4 */ ;
/*!50003 SET character_set_results = utf8mb4 */ ;
/*!50003 SET collation_connection  = utf8mb4_general_ci */ ;
/*!50003 SET @saved_sql_mode       = @@sql_mode */ ;
/*!50003 SET sql_mode              = 'STRICT_TRANS_TABLES,ERROR_FOR_DIVISION_BY_ZERO,NO_AUTO_CREATE_USER,NO_ENGINE_SUBSTITUTION' */ ;
DELIMITER ;;
CREATE DEFINER=`admin`@`localhost` PROCEDURE `count_role`()
BEGIN
    SELECT COUNT(*) FROM role;
END ;;
DELIMITER ;
/*!50003 SET sql_mode              = @saved_sql_mode */ ;
/*!50003 SET character_set_client  = @saved_cs_client */ ;
/*!50003 SET character_set_results = @saved_cs_results */ ;
/*!50003 SET collation_connection  = @saved_col_connection */ ;
/*!50003 DROP PROCEDURE IF EXISTS `count_roles_permissions` */;
/*!50003 SET @saved_cs_client      = @@character_set_client */ ;
/*!50003 SET @saved_cs_results     = @@character_set_results */ ;
/*!50003 SET @saved_col_connection = @@collation_connection */ ;
/*!50003 SET character_set_client  = utf8mb4 */ ;
/*!50003 SET character_set_results = utf8mb4 */ ;
/*!50003 SET collation_connection  = utf8mb4_general_ci */ ;
/*!50003 SET @saved_sql_mode       = @@sql_mode */ ;
/*!50003 SET sql_mode              = 'STRICT_TRANS_TABLES,ERROR_FOR_DIVISION_BY_ZERO,NO_AUTO_CREATE_USER,NO_ENGINE_SUBSTITUTION' */ ;
DELIMITER ;;
CREATE DEFINER=`admin`@`localhost` PROCEDURE `count_roles_permissions`()
BEGIN
    SELECT COUNT(*) FROM roles_permissions;
END ;;
DELIMITER ;
/*!50003 SET sql_mode              = @saved_sql_mode */ ;
/*!50003 SET character_set_client  = @saved_cs_client */ ;
/*!50003 SET character_set_results = @saved_cs_results */ ;
/*!50003 SET collation_connection  = @saved_col_connection */ ;
/*!50003 DROP PROCEDURE IF EXISTS `count_state` */;
/*!50003 SET @saved_cs_client      = @@character_set_client */ ;
/*!50003 SET @saved_cs_results     = @@character_set_results */ ;
/*!50003 SET @saved_col_connection = @@collation_connection */ ;
/*!50003 SET character_set_client  = utf8mb4 */ ;
/*!50003 SET character_set_results = utf8mb4 */ ;
/*!50003 SET collation_connection  = utf8mb4_general_ci */ ;
/*!50003 SET @saved_sql_mode       = @@sql_mode */ ;
/*!50003 SET sql_mode              = 'STRICT_TRANS_TABLES,ERROR_FOR_DIVISION_BY_ZERO,NO_AUTO_CREATE_USER,NO_ENGINE_SUBSTITUTION' */ ;
DELIMITER ;;
CREATE DEFINER=`admin`@`localhost` PROCEDURE `count_state`()
BEGIN
    SELECT COUNT(*) FROM state;
END ;;
DELIMITER ;
/*!50003 SET sql_mode              = @saved_sql_mode */ ;
/*!50003 SET character_set_client  = @saved_cs_client */ ;
/*!50003 SET character_set_results = @saved_cs_results */ ;
/*!50003 SET collation_connection  = @saved_col_connection */ ;
/*!50003 DROP PROCEDURE IF EXISTS `count_user` */;
/*!50003 SET @saved_cs_client      = @@character_set_client */ ;
/*!50003 SET @saved_cs_results     = @@character_set_results */ ;
/*!50003 SET @saved_col_connection = @@collation_connection */ ;
/*!50003 SET character_set_client  = utf8mb4 */ ;
/*!50003 SET character_set_results = utf8mb4 */ ;
/*!50003 SET collation_connection  = utf8mb4_general_ci */ ;
/*!50003 SET @saved_sql_mode       = @@sql_mode */ ;
/*!50003 SET sql_mode              = 'STRICT_TRANS_TABLES,ERROR_FOR_DIVISION_BY_ZERO,NO_AUTO_CREATE_USER,NO_ENGINE_SUBSTITUTION' */ ;
DELIMITER ;;
CREATE DEFINER=`admin`@`localhost` PROCEDURE `count_user`()
BEGIN
    SELECT COUNT(*) FROM user;
END ;;
DELIMITER ;
/*!50003 SET sql_mode              = @saved_sql_mode */ ;
/*!50003 SET character_set_client  = @saved_cs_client */ ;
/*!50003 SET character_set_results = @saved_cs_results */ ;
/*!50003 SET collation_connection  = @saved_col_connection */ ;
/*!50003 DROP PROCEDURE IF EXISTS `count_user_addresses` */;
/*!50003 SET @saved_cs_client      = @@character_set_client */ ;
/*!50003 SET @saved_cs_results     = @@character_set_results */ ;
/*!50003 SET @saved_col_connection = @@collation_connection */ ;
/*!50003 SET character_set_client  = utf8mb4 */ ;
/*!50003 SET character_set_results = utf8mb4 */ ;
/*!50003 SET collation_connection  = utf8mb4_general_ci */ ;
/*!50003 SET @saved_sql_mode       = @@sql_mode */ ;
/*!50003 SET sql_mode              = 'STRICT_TRANS_TABLES,ERROR_FOR_DIVISION_BY_ZERO,NO_AUTO_CREATE_USER,NO_ENGINE_SUBSTITUTION' */ ;
DELIMITER ;;
CREATE DEFINER=`admin`@`localhost` PROCEDURE `count_user_addresses`()
BEGIN
    SELECT COUNT(*) FROM user_addresses;
END ;;
DELIMITER ;
/*!50003 SET sql_mode              = @saved_sql_mode */ ;
/*!50003 SET character_set_client  = @saved_cs_client */ ;
/*!50003 SET character_set_results = @saved_cs_results */ ;
/*!50003 SET collation_connection  = @saved_col_connection */ ;
/*!50003 DROP PROCEDURE IF EXISTS `count_user_roles` */;
/*!50003 SET @saved_cs_client      = @@character_set_client */ ;
/*!50003 SET @saved_cs_results     = @@character_set_results */ ;
/*!50003 SET @saved_col_connection = @@collation_connection */ ;
/*!50003 SET character_set_client  = utf8mb4 */ ;
/*!50003 SET character_set_results = utf8mb4 */ ;
/*!50003 SET collation_connection  = utf8mb4_general_ci */ ;
/*!50003 SET @saved_sql_mode       = @@sql_mode */ ;
/*!50003 SET sql_mode              = 'STRICT_TRANS_TABLES,ERROR_FOR_DIVISION_BY_ZERO,NO_AUTO_CREATE_USER,NO_ENGINE_SUBSTITUTION' */ ;
DELIMITER ;;
CREATE DEFINER=`admin`@`localhost` PROCEDURE `count_user_roles`()
BEGIN
    SELECT COUNT(*) FROM user_roles;
END ;;
DELIMITER ;
/*!50003 SET sql_mode              = @saved_sql_mode */ ;
/*!50003 SET character_set_client  = @saved_cs_client */ ;
/*!50003 SET character_set_results = @saved_cs_results */ ;
/*!50003 SET collation_connection  = @saved_col_connection */ ;
/*!50003 DROP PROCEDURE IF EXISTS `get_role_permissions` */;
/*!50003 SET @saved_cs_client      = @@character_set_client */ ;
/*!50003 SET @saved_cs_results     = @@character_set_results */ ;
/*!50003 SET @saved_col_connection = @@collation_connection */ ;
/*!50003 SET character_set_client  = utf8mb4 */ ;
/*!50003 SET character_set_results = utf8mb4 */ ;
/*!50003 SET collation_connection  = utf8mb4_general_ci */ ;
/*!50003 SET @saved_sql_mode       = @@sql_mode */ ;
/*!50003 SET sql_mode              = 'STRICT_TRANS_TABLES,ERROR_FOR_DIVISION_BY_ZERO,NO_AUTO_CREATE_USER,NO_ENGINE_SUBSTITUTION' */ ;
DELIMITER ;;
CREATE DEFINER=`admin`@`localhost` PROCEDURE `get_role_permissions`(
    IN role_name VARCHAR(255)
)
BEGIN
    SELECT
        p.name
    FROM role AS r
        INNER JOIN roles_permissions AS rp ON r.id = rp.role_id
        INNER JOIN permission AS p ON rp.permission_id = p.id
    WHERE
        r.name = role_name;
END ;;
DELIMITER ;
/*!50003 SET sql_mode              = @saved_sql_mode */ ;
/*!50003 SET character_set_client  = @saved_cs_client */ ;
/*!50003 SET character_set_results = @saved_cs_results */ ;
/*!50003 SET collation_connection  = @saved_col_connection */ ;
/*!50003 DROP PROCEDURE IF EXISTS `get_users_flight_logs_average` */;
/*!50003 SET @saved_cs_client      = @@character_set_client */ ;
/*!50003 SET @saved_cs_results     = @@character_set_results */ ;
/*!50003 SET @saved_col_connection = @@collation_connection */ ;
/*!50003 SET character_set_client  = utf8mb4 */ ;
/*!50003 SET character_set_results = utf8mb4 */ ;
/*!50003 SET collation_connection  = utf8mb4_general_ci */ ;
/*!50003 SET @saved_sql_mode       = @@sql_mode */ ;
/*!50003 SET sql_mode              = 'STRICT_TRANS_TABLES,ERROR_FOR_DIVISION_BY_ZERO,NO_AUTO_CREATE_USER,NO_ENGINE_SUBSTITUTION' */ ;
DELIMITER ;;
CREATE DEFINER=`admin`@`localhost` PROCEDURE `get_users_flight_logs_average`(
    IN comparison VARCHAR(2),
    IN flight_time_seconds INT UNSIGNED
)
BEGIN
    SELECT
        u.firstname,
        u.lastname,
        AVG(l.duration)
    FROM logflight AS l
        INNER JOIN quadcopter AS q ON l.quadcopter_id = q.id
        JOIN user AS u ON u.id = q.user_id
    GROUP BY u.firstname, u.lastname
    HAVING
        (AVG(l.duration) >= flight_time_seconds AND comparison='>=')
        OR (AVG(l.duration) > flight_time_seconds AND comparison='>')
        OR (AVG(l.duration) = flight_time_seconds AND comparison='=')
        OR (AVG(l.duration) < flight_time_seconds AND comparison='<')
        OR (AVG(l.duration) <= flight_time_seconds AND comparison='<=');
END ;;
DELIMITER ;
/*!50003 SET sql_mode              = @saved_sql_mode */ ;
/*!50003 SET character_set_client  = @saved_cs_client */ ;
/*!50003 SET character_set_results = @saved_cs_results */ ;
/*!50003 SET collation_connection  = @saved_col_connection */ ;
/*!50003 DROP PROCEDURE IF EXISTS `get_user_most_recent_flight_log` */;
/*!50003 SET @saved_cs_client      = @@character_set_client */ ;
/*!50003 SET @saved_cs_results     = @@character_set_results */ ;
/*!50003 SET @saved_col_connection = @@collation_connection */ ;
/*!50003 SET character_set_client  = utf8mb4 */ ;
/*!50003 SET character_set_results = utf8mb4 */ ;
/*!50003 SET collation_connection  = utf8mb4_general_ci */ ;
/*!50003 SET @saved_sql_mode       = @@sql_mode */ ;
/*!50003 SET sql_mode              = 'STRICT_TRANS_TABLES,ERROR_FOR_DIVISION_BY_ZERO,NO_AUTO_CREATE_USER,NO_ENGINE_SUBSTITUTION' */ ;
DELIMITER ;;
CREATE DEFINER=`admin`@`localhost` PROCEDURE `get_user_most_recent_flight_log`(
    IN from_user_id BIGINT UNSIGNED
)
BEGIN
    SELECT
        *
    FROM logflight AS l
        INNER JOIN quadcopter AS q ON l.quadcopter_id = q.id
        WHERE q.user_id = from_user_id
    ORDER BY l.log_date DESC
    LIMIT 1;
END ;;
DELIMITER ;
/*!50003 SET sql_mode              = @saved_sql_mode */ ;
/*!50003 SET character_set_client  = @saved_cs_client */ ;
/*!50003 SET character_set_results = @saved_cs_results */ ;
/*!50003 SET collation_connection  = @saved_col_connection */ ;
/*!50003 DROP PROCEDURE IF EXISTS `get_user_oldest_flight_log` */;
/*!50003 SET @saved_cs_client      = @@character_set_client */ ;
/*!50003 SET @saved_cs_results     = @@character_set_results */ ;
/*!50003 SET @saved_col_connection = @@collation_connection */ ;
/*!50003 SET character_set_client  = utf8mb4 */ ;
/*!50003 SET character_set_results = utf8mb4 */ ;
/*!50003 SET collation_connection  = utf8mb4_general_ci */ ;
/*!50003 SET @saved_sql_mode       = @@sql_mode */ ;
/*!50003 SET sql_mode              = 'STRICT_TRANS_TABLES,ERROR_FOR_DIVISION_BY_ZERO,NO_AUTO_CREATE_USER,NO_ENGINE_SUBSTITUTION' */ ;
DELIMITER ;;
CREATE DEFINER=`admin`@`localhost` PROCEDURE `get_user_oldest_flight_log`(
    IN from_user_id BIGINT UNSIGNED
)
BEGIN
    SELECT
        *
    FROM logflight AS l
        INNER JOIN quadcopter AS q ON l.quadcopter_id = q.id
    WHERE q.user_id = from_user_id
    ORDER BY l.log_date ASC
    LIMIT 1;
END ;;
DELIMITER ;
/*!50003 SET sql_mode              = @saved_sql_mode */ ;
/*!50003 SET character_set_client  = @saved_cs_client */ ;
/*!50003 SET character_set_results = @saved_cs_results */ ;
/*!50003 SET collation_connection  = @saved_col_connection */ ;
/*!50003 DROP PROCEDURE IF EXISTS `get_user_permissions` */;
/*!50003 SET @saved_cs_client      = @@character_set_client */ ;
/*!50003 SET @saved_cs_results     = @@character_set_results */ ;
/*!50003 SET @saved_col_connection = @@collation_connection */ ;
/*!50003 SET character_set_client  = utf8mb4 */ ;
/*!50003 SET character_set_results = utf8mb4 */ ;
/*!50003 SET collation_connection  = utf8mb4_general_ci */ ;
/*!50003 SET @saved_sql_mode       = @@sql_mode */ ;
/*!50003 SET sql_mode              = 'STRICT_TRANS_TABLES,ERROR_FOR_DIVISION_BY_ZERO,NO_AUTO_CREATE_USER,NO_ENGINE_SUBSTITUTION' */ ;
DELIMITER ;;
CREATE DEFINER=`admin`@`localhost` PROCEDURE `get_user_permissions`(
    IN from_user_id BIGINT UNSIGNED
)
BEGIN
    SELECT
        p.name
    FROM user AS u
        INNER JOIN user_roles AS ur ON u.id = ur.user_id
        INNER JOIN roles_permissions AS rp ON ur.role_id = rp.role_id
        INNER JOIN permission AS p ON rp.permission_id = p.id
    WHERE
        u.id = from_user_id;
END ;;
DELIMITER ;
/*!50003 SET sql_mode              = @saved_sql_mode */ ;
/*!50003 SET character_set_client  = @saved_cs_client */ ;
/*!50003 SET character_set_results = @saved_cs_results */ ;
/*!50003 SET collation_connection  = @saved_col_connection */ ;
/*!50003 DROP PROCEDURE IF EXISTS `get_user_permissions_contains` */;
/*!50003 SET @saved_cs_client      = @@character_set_client */ ;
/*!50003 SET @saved_cs_results     = @@character_set_results */ ;
/*!50003 SET @saved_col_connection = @@collation_connection */ ;
/*!50003 SET character_set_client  = utf8mb4 */ ;
/*!50003 SET character_set_results = utf8mb4 */ ;
/*!50003 SET collation_connection  = utf8mb4_general_ci */ ;
/*!50003 SET @saved_sql_mode       = @@sql_mode */ ;
/*!50003 SET sql_mode              = 'STRICT_TRANS_TABLES,ERROR_FOR_DIVISION_BY_ZERO,NO_AUTO_CREATE_USER,NO_ENGINE_SUBSTITUTION' */ ;
DELIMITER ;;
CREATE DEFINER=`admin`@`localhost` PROCEDURE `get_user_permissions_contains`(
    IN from_user_id BIGINT UNSIGNED,
    IN regexp_string VARCHAR(255)
)
BEGIN
    SELECT
        p.name
    FROM user AS u
        INNER JOIN user_roles AS ur ON u.id = ur.user_id
        INNER JOIN roles_permissions AS rp ON ur.role_id = rp.role_id
        INNER JOIN permission AS p ON rp.permission_id = p.id
    WHERE
        u.id = from_user_id
        AND p.name REGEXP regexp_string;
END ;;
DELIMITER ;
/*!50003 SET sql_mode              = @saved_sql_mode */ ;
/*!50003 SET character_set_client  = @saved_cs_client */ ;
/*!50003 SET character_set_results = @saved_cs_results */ ;
/*!50003 SET collation_connection  = @saved_col_connection */ ;
/*!50003 DROP PROCEDURE IF EXISTS `get_user_quadcopters` */;
/*!50003 SET @saved_cs_client      = @@character_set_client */ ;
/*!50003 SET @saved_cs_results     = @@character_set_results */ ;
/*!50003 SET @saved_col_connection = @@collation_connection */ ;
/*!50003 SET character_set_client  = utf8mb4 */ ;
/*!50003 SET character_set_results = utf8mb4 */ ;
/*!50003 SET collation_connection  = utf8mb4_general_ci */ ;
/*!50003 SET @saved_sql_mode       = @@sql_mode */ ;
/*!50003 SET sql_mode              = 'STRICT_TRANS_TABLES,ERROR_FOR_DIVISION_BY_ZERO,NO_AUTO_CREATE_USER,NO_ENGINE_SUBSTITUTION' */ ;
DELIMITER ;;
CREATE DEFINER=`admin`@`localhost` PROCEDURE `get_user_quadcopters`(
    IN from_user_id BIGINT UNSIGNED
)
BEGIN
    SELECT
        *
    FROM
         quadcopter
    WHERE
        user_id = from_user_id;
END ;;
DELIMITER ;
/*!50003 SET sql_mode              = @saved_sql_mode */ ;
/*!50003 SET character_set_client  = @saved_cs_client */ ;
/*!50003 SET character_set_results = @saved_cs_results */ ;
/*!50003 SET collation_connection  = @saved_col_connection */ ;
/*!50003 DROP PROCEDURE IF EXISTS `logflight_get_yearly` */;
/*!50003 SET @saved_cs_client      = @@character_set_client */ ;
/*!50003 SET @saved_cs_results     = @@character_set_results */ ;
/*!50003 SET @saved_col_connection = @@collation_connection */ ;
/*!50003 SET character_set_client  = utf8mb4 */ ;
/*!50003 SET character_set_results = utf8mb4 */ ;
/*!50003 SET collation_connection  = utf8mb4_general_ci */ ;
/*!50003 SET @saved_sql_mode       = @@sql_mode */ ;
/*!50003 SET sql_mode              = 'STRICT_TRANS_TABLES,ERROR_FOR_DIVISION_BY_ZERO,NO_AUTO_CREATE_USER,NO_ENGINE_SUBSTITUTION' */ ;
DELIMITER ;;
CREATE DEFINER=`admin`@`localhost` PROCEDURE `logflight_get_yearly`(
    IN year INT UNSIGNED
)
BEGIN
    SELECT
        COUNT(id)
    FROM
        logflight
    WHERE
        YEAR(log_date) = year;
END ;;
DELIMITER ;
/*!50003 SET sql_mode              = @saved_sql_mode */ ;
/*!50003 SET character_set_client  = @saved_cs_client */ ;
/*!50003 SET character_set_results = @saved_cs_results */ ;
/*!50003 SET collation_connection  = @saved_col_connection */ ;
/*!50003 DROP PROCEDURE IF EXISTS `logpart_get_action_count` */;
/*!50003 SET @saved_cs_client      = @@character_set_client */ ;
/*!50003 SET @saved_cs_results     = @@character_set_results */ ;
/*!50003 SET @saved_col_connection = @@collation_connection */ ;
/*!50003 SET character_set_client  = utf8mb4 */ ;
/*!50003 SET character_set_results = utf8mb4 */ ;
/*!50003 SET collation_connection  = utf8mb4_general_ci */ ;
/*!50003 SET @saved_sql_mode       = @@sql_mode */ ;
/*!50003 SET sql_mode              = 'STRICT_TRANS_TABLES,ERROR_FOR_DIVISION_BY_ZERO,NO_AUTO_CREATE_USER,NO_ENGINE_SUBSTITUTION' */ ;
DELIMITER ;;
CREATE DEFINER=`admin`@`localhost` PROCEDURE `logpart_get_action_count`(
    IN log_type VARCHAR(255)
)
BEGIN
    SELECT
        COUNT(lp.id)
    FROM logpart AS lp
        INNER JOIN logpartaction lpa ON lp.logpartaction_id = lpa.id
    WHERE lpa.name = log_type;
END ;;
DELIMITER ;
/*!50003 SET sql_mode              = @saved_sql_mode */ ;
/*!50003 SET character_set_client  = @saved_cs_client */ ;
/*!50003 SET character_set_results = @saved_cs_results */ ;
/*!50003 SET collation_connection  = @saved_col_connection */ ;
/*!50003 DROP PROCEDURE IF EXISTS `user_delete_address` */;
/*!50003 SET @saved_cs_client      = @@character_set_client */ ;
/*!50003 SET @saved_cs_results     = @@character_set_results */ ;
/*!50003 SET @saved_col_connection = @@collation_connection */ ;
/*!50003 SET character_set_client  = utf8mb4 */ ;
/*!50003 SET character_set_results = utf8mb4 */ ;
/*!50003 SET collation_connection  = utf8mb4_general_ci */ ;
/*!50003 SET @saved_sql_mode       = @@sql_mode */ ;
/*!50003 SET sql_mode              = 'STRICT_TRANS_TABLES,ERROR_FOR_DIVISION_BY_ZERO,NO_AUTO_CREATE_USER,NO_ENGINE_SUBSTITUTION' */ ;
DELIMITER ;;
CREATE DEFINER=`admin`@`localhost` PROCEDURE `user_delete_address`(
    IN target_user_id BIGINT UNSIGNED,
    IN target_address_id BIGINT UNSIGNED
)
BEGIN
    IF EXISTS(
        SELECT * FROM user_addresses WHERE user_id = target_user_id AND address_id = target_address_id
        )
    THEN
        DELETE FROM
            user_addresses
        WHERE
            user_id = target_user_id
            AND address_id = target_address_id;
        DELETE FROM
            address_addresstypes
        WHERE
            address_id = target_address_id;
        DELETE FROM
            address
        WHERE
            id = target_address_id;
    END IF;
END ;;
DELIMITER ;
/*!50003 SET sql_mode              = @saved_sql_mode */ ;
/*!50003 SET character_set_client  = @saved_cs_client */ ;
/*!50003 SET character_set_results = @saved_cs_results */ ;
/*!50003 SET collation_connection  = @saved_col_connection */ ;
/*!50003 DROP PROCEDURE IF EXISTS `user_modify_address` */;
/*!50003 SET @saved_cs_client      = @@character_set_client */ ;
/*!50003 SET @saved_cs_results     = @@character_set_results */ ;
/*!50003 SET @saved_col_connection = @@collation_connection */ ;
/*!50003 SET character_set_client  = utf8mb4 */ ;
/*!50003 SET character_set_results = utf8mb4 */ ;
/*!50003 SET collation_connection  = utf8mb4_general_ci */ ;
/*!50003 SET @saved_sql_mode       = @@sql_mode */ ;
/*!50003 SET sql_mode              = 'STRICT_TRANS_TABLES,ERROR_FOR_DIVISION_BY_ZERO,NO_AUTO_CREATE_USER,NO_ENGINE_SUBSTITUTION' */ ;
DELIMITER ;;
CREATE DEFINER=`admin`@`localhost` PROCEDURE `user_modify_address`(
    IN target_user_id BIGINT UNSIGNED,
    IN target_address_id BIGINT UNSIGNED,
    IN new_line1 VARCHAR(255),
    IN new_line2 VARCHAR(255),
    IN new_line3 VARCHAR(255),
    IN new_city VARCHAR(255),
    IN new_zip VARCHAR(255),
    IN new_country_id BIGINT UNSIGNED,
    IN new_state_id BIGINT UNSIGNED
)
BEGIN
    UPDATE address AS a
        INNER JOIN user_addresses ua ON a.id = ua.address_id
    SET
        a.line1 = new_line1,
        a.line2 = new_line2,
        a.line3 = new_line3,
        a.city = new_city,
        a.zip = new_zip,
        a.country_id = new_country_id,
        a.state_id = new_state_id
    WHERE
        a.id = target_address_id
        AND ua.user_id = target_user_id ;
END ;;
DELIMITER ;
/*!50003 SET sql_mode              = @saved_sql_mode */ ;
/*!50003 SET character_set_client  = @saved_cs_client */ ;
/*!50003 SET character_set_results = @saved_cs_results */ ;
/*!50003 SET collation_connection  = @saved_col_connection */ ;
/*!40103 SET TIME_ZONE=@OLD_TIME_ZONE */;

/*!40101 SET SQL_MODE=@OLD_SQL_MODE */;
/*!40014 SET FOREIGN_KEY_CHECKS=@OLD_FOREIGN_KEY_CHECKS */;
/*!40014 SET UNIQUE_CHECKS=@OLD_UNIQUE_CHECKS */;
/*!40101 SET CHARACTER_SET_CLIENT=@OLD_CHARACTER_SET_CLIENT */;
/*!40101 SET CHARACTER_SET_RESULTS=@OLD_CHARACTER_SET_RESULTS */;
/*!40101 SET COLLATION_CONNECTION=@OLD_COLLATION_CONNECTION */;
/*!40111 SET SQL_NOTES=@OLD_SQL_NOTES */;

-- Dump completed on 2021-03-14 13:44:36
